{"type":"FeatureCollection","crs":{"type":"name","properties":{"name":"EPSG:4326"}},"features":[{"type":"Feature","geometry":{"type":"Polygon","coordinates":[[[150.97818348370981,-33.39078019927512,0],[150.97812231382886,-33.390945468085697,0],[150.97803266465846,-33.390955427046329,0],[150.97791313033514,-33.390945468085697,0],[150.97771390556466,-33.390835892442276,0],[150.9774748459013,-33.390636667736928,0],[150.97722582571805,-33.390437452325493,0],[150.97692697598589,-33.390198383028505,0],[150.97659827613526,-33.389939395673444,0],[150.97627950805835,-33.389690367402366,0],[150.97596074896464,-33.389441339167924,0],[150.97556229942373,-33.389162424478258,0],[150.97507421059385,-33.388863601747296,0],[150.97451639183674,-33.388584678453441,0],[150.97402829402373,-33.38834560931133,0],[150.97358004098518,-33.388156352431025,0],[150.97319400705985,-33.387987462277273,0],[150.97310191177689,-33.387947169030966,0],[150.97270345325279,-33.387787789257224,0],[150.97227513652535,-33.387588565066721,0],[150.97191653265722,-33.387399308788481,0],[150.97155793777222,-33.387170198031072,0],[150.97127902345289,-33.386980941592121,0],[150.97101006785684,-33.386761789923277,0],[150.97085069774224,-33.386522730019585,0],[150.97065147297184,-33.386223888464016,0],[150.97051201132058,-33.38597485179951,0],[150.9702829193636,-33.38549673075741,0],[150.9701235303844,-33.385197898426547,0],[150.97001395478441,-33.384978746763579,0],[150.96988446083952,-33.384809408635135,0],[150.9697151230186,-33.384689882832006,0],[150.96946609385211,-33.384590266494193,0],[150.96922884429401,-33.384532753357696,0],[150.96913737603518,-33.384510576192092,0],[150.96880866720133,-33.384470731388703,0],[150.96851979415882,-33.384510576192092,0],[150.96807675763705,-33.384587406402602,0],[150.96762995717432,-33.384650405654405,0],[150.96726896917744,-33.384773570938776,0],[150.96682110151608,-33.384966995162074,0],[150.96664798897436,-33.385078847961516,0],[150.9664899366883,-33.38527691602372,0],[150.96648444169372,-33.385304892638892,0],[150.96622873534972,-33.385626224023454,0],[150.96614904490258,-33.385865293893097,0],[150.96610920012816,-33.386124280634512,0],[150.96613907719617,-33.386482884638227,0],[150.96615900452417,-33.386751831232282,0],[150.96622873534972,-33.387040704814538,0],[150.96632604804785,-33.387214489494269,0],[150.96636818801781,-33.387289733175415,0],[150.96654748546035,-33.387548720173847,0],[150.966726791886,-33.387728017547659,0],[150.96695589282618,-33.387917282861096,0],[150.96721488071586,-33.388066703857049,0],[150.96738421853678,-33.388166311711188,0],[150.96782251285217,-33.388305764015364,0],[150.967994226717,-33.388371012993794,0],[150.96810209911123,-33.388412005096384,0],[150.96832056938834,-33.388495029571082,0],[150.9685397116053,-33.388564759987823,0],[150.96867916427334,-33.388664368021367,0],[150.96877878115015,-33.388783902611323,0],[150.96883855325257,-33.388973159625522,0],[150.96881862592463,-33.38913253872613,0],[150.96875885382221,-33.389321803981879,0],[150.96863931949889,-33.389491143071766,0],[150.96846998077964,-33.389650522722761,0],[150.96821098480515,-33.38984973768757,0],[150.96781255412884,-33.390158537831745,0],[150.96750375375836,-33.390417525283929,0],[150.96711527282218,-33.390646635733383,0],[150.96668694711155,-33.390875728328126,0],[150.96618889057535,-33.391134724143946,0],[150.96594982103048,-33.391274185936815,0],[150.96574063753675,-33.391393720688164,0],[150.96550156799191,-33.391592936158069,0],[150.96508320100449,-33.391841964228746,0],[150.96465487529392,-33.392090993086015,0],[150.96433611620017,-33.392330062427838,0],[150.96402732481278,-33.392529286252014,0],[150.9637484194767,-33.392788274140749,0],[150.96355916331092,-33.393017375341309,0],[150.96347030286131,-33.393120120089534,0],[150.96324039523404,-33.393385938092599,0],[150.9630212530171,-33.393714656464411,0],[150.96279214219544,-33.394152950442958,0],[150.96259291832331,-33.394491627469321,0],[150.96246342437851,-33.394710769400767,0],[150.9624136199825,-33.394850222455808,0],[150.96232397171042,-33.394919953024427,0],[150.96212474693993,-33.39494983903672,0],[150.9619155634463,-33.39494983903672,0],[150.96158684562928,-33.39494983903672,0],[150.9612680775524,-33.394870149231117,0],[150.96081984248016,-33.394670924772505,0],[150.96024209639504,-33.394441823430554,0],[150.95982372940767,-33.394282443564755,0],[150.95963032302532,-33.394168672839449,0],[150.9593157141482,-33.393983611434855,0],[150.95871804073516,-33.393754501531077,0],[150.95841920807106,-33.393654893330257,0],[150.95807057190933,-33.393585162496684,0],[150.95760239244112,-33.393485554851807,0],[150.95725375627933,-33.393405865203633,0],[150.95694496489199,-33.393286330219411,0],[150.9566959366239,-33.393196681685893,0],[150.95649671275174,-33.393027343064723,0],[150.95629748798126,-33.392748428631151,0],[150.95615803531319,-33.392489441373719,0],[150.95604845971317,-33.392220486279768,0],[150.95599865621551,-33.391871850549407,0],[150.95593889309626,-33.391483369581209,0],[150.95590900704508,-33.391124765203877,0],[150.95590900704508,-33.390596822741053,0],[150.9558791209939,-33.390088807193379,0],[150.95585920354742,-33.389600709909679,0],[150.95579944042825,-33.389222187701058,0],[150.95573966832586,-33.388823747688114,0],[150.95569002562658,-33.388455041082878,0],[150.95564005144905,-33.388305764015364,0],[150.95558028024499,-33.38809658097486,0],[150.95544083656006,-33.387708099635816,0],[150.95530137490883,-33.387429185385621,0],[150.95516192224073,-33.387160239386866,0],[150.95501250186626,-33.386891283555258,0],[150.95486308957663,-33.386642255553177,0],[150.95466386570453,-33.3864729169144,0],[150.95442479615966,-33.386213929711396,0],[150.95426541616365,-33.385994787360225,0],[150.95412596349556,-33.385775645206756,0],[150.95400642917224,-33.385566461328828,0],[150.95389686255533,-33.385367237298524,0],[150.95385701778093,-33.385148094313351,0],[150.95387693522738,-33.384978746763579,0],[150.9539267396234,-33.384849253283292,0],[150.95401638789545,-33.384699841759179,0],[150.95416581815144,-33.384570347863459,0],[150.95432518826595,-33.384430886567067,0],[150.95463397965329,-33.38425158914422,0],[150.95490512174882,-33.38412247187798,0],[150.95526522310857,-33.383906914962232,0],[150.95561212911508,-33.383779061846973,0],[150.95597873787071,-33.383643956599137,0],[150.95640706358137,-33.383434773593187,0],[150.9567483048117,-33.383291448206556,0],[150.95690512011754,-33.383225590084052,0],[150.95736333187935,-33.383036333309413,0],[150.95799088236049,-33.382767378222233,0],[150.95859710773499,-33.382483255875961,0],[150.95876139882066,-33.382430090473221,0],[150.95900834748895,-33.382333548493648,0],[150.95949501159069,-33.382118780760209,0],[150.95974002349124,-33.38198623906586,0],[150.95999306812695,-33.381829593779521,0],[150.96022200826869,-33.381693027279859,0],[150.96040677375635,-33.381536381465324,0],[150.9604888743834,-33.381419805123265,0],[150.96052505313318,-33.381383814506144,0],[150.96055939392983,-33.381282199066426,0],[150.96061655732464,-33.381113030766812,0],[150.96060248431741,-33.380983842079182,0],[150.96056744373308,-33.380753145159204,0],[150.96051923564337,-33.380608546892788,0],[150.9604710365368,-33.380480021316281,0],[150.96040677375635,-33.380347471123031,0],[150.96030635917555,-33.380170737467779,0],[150.96017380826382,-33.380022123542737,0],[150.96004929907045,-33.379873509363712,0],[150.95989666901551,-33.379748999654169,0],[150.95972963447494,-33.379637192507602,0],[150.95940316603944,-33.379339130680307,0],[150.95930778112591,-33.379269938212786,0],[150.95929819789848,-33.379262991208002,0],[150.9590933532676,-33.379134465143061,0],[150.9589195148871,-33.379047541517224,0],[150.95875595772497,-33.378965763001823,0],[150.9584948821506,-33.378809117525343,0],[150.95825388571942,-33.378656488020354,0],[150.95808117652126,-33.378523946299694,0],[150.95791246572438,-33.378343197171333,0],[150.95779198098347,-33.378190567598764,0],[150.95765541460241,-33.378009817777503,0],[150.95750278454744,-33.377817020204589,0],[150.95750022973874,-33.377811614637977,0],[150.95743450629763,-33.377672431308802,0],[150.95738228184032,-33.377580048880297,0],[150.95730195538593,-33.377531858478292,0],[150.95717342982496,-33.377503729331984,0],[150.9569827300665,-33.377472211744731,0],[150.95667853805347,-33.377402695976777,0],[150.95614278730957,-33.377323329154443,0],[150.95611566267957,-33.377317466714402,0],[150.95606428084199,-33.37730635095685,0],[150.95588816613051,-33.377268272462544,0],[150.95540861039754,-33.377164586290668,0],[150.95523617069395,-33.377103397738445,0],[150.95479348451519,-33.37694631306703,0],[150.95405929862,-33.37660898923663,0],[150.95387984037907,-33.376515647725171,0],[150.95377941681517,-33.376435321388982,0],[150.95368703407132,-33.376359002336422,0],[150.95358260312287,-33.376238508461377,0],[150.95347415670514,-33.376105957804477,0],[150.9533255430178,-33.375941280420591,0],[150.95319299300442,-33.375840866386937,0],[150.95308634860712,-33.375760082576548,0],[150.95306044209264,-33.375740451487204,0],[150.95292790106237,-33.375692252564178,0],[150.95289544223621,-33.375686640569768,0],[150.95285575915852,-33.375679810304675,0],[150.95281141382452,-33.375672154855934,0],[150.95268690463115,-33.375688236173595,0],[150.95249812277592,-33.375736435848985,0],[150.9522972945127,-33.375828818735563,0],[150.95207236984024,-33.37593324916255,0],[150.95179121512263,-33.376049727086617,0],[150.95158452355554,-33.376144243102345,0],[150.95128133496061,-33.37625182007816,0],[150.95080511377401,-33.37654945964514,0],[150.95067540513185,-33.376633775217336,0],[150.95040826053938,-33.376807416413236,0],[150.95035453050562,-33.376835356745325,0],[150.94991220275463,-33.377065372416268,0],[150.94974245260698,-33.377146200773581,0],[150.94952361491895,-33.377250406823322,0],[150.94947102305059,-33.377268989608567,0],[150.94913624519876,-33.377387251104771,0],[150.94878277789738,-33.377459536442878,0],[150.94843334403166,-33.377507744888575,0],[150.94809996395836,-33.377527833170852,0],[150.94771437020745,-33.377527833170852,0],[150.94740509462821,-33.377531858478292,0],[150.94699138899881,-33.377551928751373,0],[150.94664997798688,-33.377572008021637,0],[150.94633361200508,-33.377597402849567,0],[150.94620161715051,-33.37762096880514,0],[150.94574524334178,-33.377740019729266,0],[150.94539578252659,-33.377834105573648,0],[150.94522933009426,-33.377878907392137,0],[150.94477294730243,-33.377978130090362,0],[150.94443875245716,-33.377964862996514,0],[150.94415783938638,-33.377898763043049,0],[150.94408500667805,-33.377851953089404,0],[150.94388002729985,-33.377720182045714,0],[150.94374113068901,-33.377501909466382,0],[150.94376097716852,-33.377204269408246,0],[150.94389987377949,-33.376926475952594,0],[150.9441181464272,-33.376569305847461,0],[150.94433030603943,-33.376330622257079,0],[150.94461168533587,-33.375987346489978,0],[150.94483366083918,-33.37576537124486,0],[150.94499688562465,-33.375628267104204,0],[150.94516010142695,-33.375543387181359,0],[150.94544083573302,-33.375360585396848,0],[150.94559099991255,-33.375210420151099,0],[150.94576075095853,-33.375086368121593,0],[150.94604148526457,-33.374949272662811,0],[150.94625040824687,-33.374812168736064,0],[150.94650502134107,-33.37462936616491,0],[150.94675965240165,-33.37448572769479,0],[150.94690328223578,-33.374361683633822,0],[150.94709261924984,-33.374165820992296,0],[150.94721013685535,-33.37402219150907,0],[150.94728848252453,-33.373865501119624,0],[150.94737540620633,-33.373712431583265,0],[150.94739531466968,-33.373592135091151,0],[150.94735389245366,-33.373424607492623,0],[150.94734574383571,-33.373404330716099,0],[150.94727039314967,-33.373282859755058,0],[150.9471380937662,-33.373108663134616,0],[150.94704022501097,-33.372920715179553,0],[150.94697610506259,-33.372747656624909,0],[150.9469270004542,-33.372660849647239,0],[150.94676736982825,-33.372199563328095,0],[150.94670394966749,-33.371997864527657,0],[150.94666735948931,-33.371910635940132,0],[150.94655866154335,-33.371651469578495,0],[150.94652931358297,-33.37145033591041,0],[150.94646553499442,-33.371262970281933,0],[150.94622306802111,-33.370699969973636,0],[150.94617326452354,-33.370593602972271,0],[150.94595007898945,-33.370300794650824,0],[150.94568240618759,-33.370111457983654,0],[150.94548155007664,-33.369952858002257,0],[150.94526455932476,-33.369824189141738,0],[150.94502299785333,-33.369680559241502,0],[150.94474226354723,-33.369576101801684,0],[150.94437665012489,-33.369452049238809,0],[150.94389003093886,-33.369353849118077,0],[150.94351000314953,-33.369252511458768,0],[150.94321230954918,-33.369189171704392,0],[150.94297795526123,-33.369106828754425,0],[150.94272459711345,-33.368973820846044,0],[150.94257257701457,-33.36887881164305,0],[150.94247123986401,-33.368739466975079,0],[150.94240156203901,-33.368562114800845,0],[150.94235722658647,-33.368308756497001,0],[150.94235722658647,-33.368080739544588,0],[150.94236356420078,-33.367802049679547,0],[150.94236989283192,-33.367485352668773,0],[150.94237591603593,-33.367414573021236,0],[150.94238256806057,-33.36704197566722,0],[150.94238256806057,-33.366706284219745,0],[150.94238256806057,-33.366332575717529,0],[150.94236989283192,-33.365990545671998,0],[150.94234456034093,-33.3657118558638,0],[150.94231290011709,-33.365502842798456,0],[150.94228122102857,-33.365319152618049,0],[150.94227488341426,-33.365116468532328,0],[150.94230022488844,-33.364888451466378,0],[150.94233822272659,-33.364660425549985,0],[150.94241423726766,-33.36434373736077,0],[150.94244478717383,-33.364221531242535,0],[150.94247123986401,-33.364014382762079,0],[150.94248390521122,-33.363818018151747,0],[150.94247757658002,-33.363539327387095,0],[150.94246490224967,-33.363273303347157,0],[150.94240156203901,-33.363045286703027,0],[150.94233189409545,-33.362867934925958,0],[150.94224322229209,-33.362703248236912,0],[150.94212287229848,-33.362576578653346,0],[150.94193285346304,-33.362424558403525,0],[150.94179984620715,-33.36229787941091,0],[150.94167316758245,-33.362177537873492,0],[150.94156549191922,-33.362050858521272,0],[150.94147048250147,-33.361917851080285,0],[150.94133746626241,-33.361658156009213,0],[150.94120445900651,-33.361379465829906,0],[150.94107144186916,-33.361094437790364,0],[150.94096376710425,-33.360885424887904,0],[150.94085609144105,-33.360657398985538,0],[150.94076741963764,-33.360442048768441,0],[150.94071674657081,-33.360220360236738,0],[150.94067874783426,-33.360036679162924,0],[150.94064074101291,-33.359865665064504,0],[150.94063334608148,-33.359839256652833,0],[150.94059640556037,-33.359707315765263,0],[150.94052039910417,-33.359574308493833,0],[150.94041272433927,-33.359466623858431,0],[150.94029871106173,-33.359333616969437,0],[150.94008672212942,-33.359185316336998,0],[150.93999467984708,-33.359111937619105,0],[150.9397413216993,-33.358915581454063,0],[150.93958393236991,-33.35881158153569,0],[150.93929795459755,-33.358592546462006,0],[150.93898125713744,-33.358345526309236,0],[150.93871523364243,-33.358161845029933,0],[150.93844287163481,-33.358003496382175,0],[150.93818318485586,-33.357851485400978,0],[150.9379171613609,-33.357750138846853,0],[150.93763847970519,-33.357617130835251,0],[150.93741045404843,-33.357509455783315,0],[150.93717609077737,-33.357395442610787,0],[150.93694174547258,-33.357237094069284,0],[150.93677705912813,-33.357091411505898,0],[150.93669471595595,-33.356983736553936,0],[150.93658687949429,-33.356920405876203,0],[150.93658072154298,-33.357028071902583,0],[150.9366377142579,-33.357180092575547,0],[150.93677072241215,-33.357319436997521,0],[150.93697136292744,-33.357459965957297,0],[150.93717248763474,-33.357606660838819,0],[150.93745914633013,-33.357740466457813,0],[150.93779659577163,-33.357889447841472,0],[150.93809576889726,-33.358056438114161,0],[150.93834153358588,-33.358168173957708,0],[150.93866455967722,-33.358339188390524,0],[150.9388989139652,-33.358503875085013,0],[150.93912693962199,-33.358655876673296,0],[150.93933027867644,-33.358812845060854,0],[150.93948797343296,-33.358934576325055,0],[150.93970965249233,-33.35912458558203,0],[150.94002369632906,-33.359344319353376,0],[150.94012985653444,-33.359433475322376,0],[150.94026070424042,-33.3595553047588,0],[150.94036205127242,-33.359700987699675,0],[150.94043806581345,-33.359884668731759,0],[150.94044808741876,-33.359927300917143,0],[150.94048872989717,-33.360100018827531,0],[150.94053939398086,-33.36037870935278,0],[150.94062173715307,-33.360638404490565,0],[150.94068072951779,-33.360790801507569,0],[150.94069774271094,-33.360834751516421,0],[150.94081809360281,-33.361018432406347,0],[150.94095110085871,-33.361322464048143,0],[150.94104611027649,-33.361544152023122,0],[150.94117278890118,-33.361778506518036,0],[150.94130579615708,-33.36197485322235,0],[150.94141348080348,-33.362114198220432,0],[150.94158449577904,-33.362310554671218,0],[150.94180617483835,-33.36249423544723,0],[150.9419402313265,-33.362676706386466,0],[150.94203420049513,-33.362804595025146,0],[150.94217354536534,-33.363007279994477,0],[150.94219368739067,-33.363050925022357,0],[150.94224955092324,-33.363171966108098,0],[150.94228755864287,-33.363393644869696,0],[150.94230206194317,-33.363658234775563,0],[150.94217356333169,-33.364366075723893,0],[150.94211403377446,-33.364663715446412,0],[150.94205450421717,-33.364901825591083,0],[150.94203466672076,-33.365120099028402,0],[150.94203466672076,-33.365477268129652,0],[150.94209419627799,-33.365794745959477,0],[150.94213388025398,-33.366092386046567,0],[150.94217356333169,-33.366548768887007,0],[150.94217356333169,-33.36710436492983,0],[150.94213007049891,-33.367383602452797,0],[150.94217356333169,-33.367779012229725,0],[150.94211403377446,-33.368076652280735,0],[150.94209753980746,-33.368454439037308,0],[150.94211403377446,-33.368525926804452,0],[150.94213160302473,-33.368602075676236,0],[150.94217354536534,-33.368783803086551,0],[150.94223054796169,-33.368961145806189,0],[150.94229012243474,-33.369052192988555,0],[150.94245223600413,-33.369144844802179,0],[150.94266124881793,-33.369227170461045,0],[150.94298428389243,-33.369322179283571,0],[150.94328197749277,-33.369417188752529,0],[150.94355433950039,-33.369486865448124,0],[150.94373494578824,-33.369525813852611,0],[150.94387736559167,-33.36955653383545,0],[150.94416239294651,-33.369619873322335,0],[150.94435631945339,-33.36970356092754,0],[150.94453449669675,-33.369779386925316,0],[150.94467044413864,-33.369837249667334,0],[150.94491853995547,-33.369902534260596,0],[150.94519928324468,-33.370078810895151,0],[150.94548000856756,-33.370268148383566,0],[150.9455927480341,-33.370384769682403,0],[150.94566934558173,-33.37046401079904,0],[150.94582130279855,-33.370666131022823,0],[150.94590397744909,-33.370814941735496,0],[150.94612225009681,-33.371251487650731,0],[150.94618800138571,-33.371439346187294,0],[150.94626114760604,-33.371648332237164,0],[150.94641989069652,-33.372084859716303,0],[150.94665090145503,-33.372721769005231,0],[150.94687627348841,-33.37319605256134,0],[150.94697975401928,-33.373403031393835,0],[150.9469953245181,-33.373434163359832,0],[150.94707470055488,-33.373592906280749,0],[150.94709069236362,-33.373704812720341,0],[150.94709453715299,-33.373731811819006,0],[150.94704232257709,-33.373810130162838,0],[150.94703017645614,-33.373828345343568,0],[150.94701517009938,-33.373850862815523,0],[150.94689611098485,-33.374029442755642,0],[150.94680501013696,-33.374100303291932,0],[150.94676764830592,-33.374129364512129,0],[150.94671753039793,-33.374168349097147,0],[150.94638577358035,-33.374389517476182,0],[150.94618178055239,-33.374525509557621,0],[150.94564602980856,-33.374962046603152,0],[150.9450507504057,-33.375259686833118,0],[150.94463556525105,-33.375582614186811,0],[150.94451499966181,-33.375676385794854,0],[150.9439990873127,-33.37625182007816,0],[150.94374113068901,-33.37662883617557,0],[150.94356255010206,-33.376906629831772,0],[150.94346333656884,-33.377164586290668,0],[150.94346333656884,-33.377422542734578,0],[150.94354270362246,-33.37764080651133,0],[150.9436617636353,-33.377898763043049,0],[150.94399319795767,-33.378054260935706,0],[150.94417175159515,-33.378126304172632,0],[150.94441273904317,-33.378202614922998,0],[150.94464168816808,-33.378234750364527,0],[150.9448585801052,-33.378206630447302,0],[150.94508752923002,-33.378122279642881,0],[150.94535262117208,-33.378041953290278,0],[150.94562575393425,-33.377973665967808,0],[150.94594306045212,-33.377913418669394,0],[150.94626839880701,-33.377869235740405,0],[150.94650136429954,-33.377849147536978,0],[150.94687526018876,-33.377851836066363,0],[150.94725328024347,-33.37783924183578,0],[150.94786840702423,-33.37783924183578,0],[150.9483843103902,-33.377799549256025,0],[150.94909864172095,-33.37764080651133,0],[150.94922780328912,-33.377612453105492,0],[150.94951781539547,-33.377531858478292,0],[150.94984717820279,-33.377423403158232,0],[150.9500359600581,-33.377314947702935,0],[150.9503010520001,-33.377170349720728,0],[150.95057418386389,-33.377017729342121,0],[150.95073082938825,-33.37691730529896,0],[150.9508191876796,-33.376885178372511,0],[150.95092362671281,-33.376853043182422,0],[150.95097484685374,-33.376859443515812,0],[150.95098788949332,-33.376861074355503,0],[150.95110838321733,-33.376840986669393,0],[150.95118470318553,-33.376804834373807,0],[150.95120879779807,-33.376744596767921,0],[150.95125262300755,-33.376708633471964,0],[150.95136543433921,-33.376616062480075,0],[150.95151807337737,-33.376523688681459,0],[150.95175103797158,-33.376415232854342,0],[150.95202818620299,-33.376302771031995,0],[150.95219286356425,-33.376218419881326,0],[150.95235352545623,-33.37613006203074,0],[150.95250213914355,-33.376081862573486,0],[150.95261861649993,-33.376065790330557,0],[150.95274715104404,-33.376069805953563,0],[150.95287166113567,-33.376093910189823,0],[150.95299216384282,-33.376142109640405,0],[150.95306847392962,-33.376178261461277,0],[150.95316638760065,-33.37625182007816,0],[150.95344419070389,-33.376529622440145,0],[150.95376166790177,-33.376787579267095,0],[150.95394810964569,-33.376925346218123,0],[150.95409672333304,-33.37702576049999,0],[150.95425738522496,-33.377098055140422,0],[150.95448633345157,-33.377202485543698,0],[150.954727330781,-33.377278805356354,0],[150.95514103641042,-33.377395282978696,0],[150.95532845462304,-33.377438650734064,0],[150.95562704474202,-33.377507744888575,0],[150.9560005831018,-33.377608159248148,0],[150.95640625689421,-33.377692510551256,0],[150.95675971521243,-33.377764805387585,0],[150.95686466628538,-33.377787699164962,0],[150.95698063250035,-33.377813004662301,0],[150.95705619968041,-33.37784323112173,0],[150.95712120626587,-33.377869235740405,0],[150.9572216208467,-33.377917434957205,0],[150.95727384440571,-33.377997769676426,0],[150.95733409171692,-33.378126304172632,0],[150.95742647446073,-33.37828295012892,0],[150.95759115182199,-33.378455659355708,0],[150.9577437809786,-33.378628368239511,0],[150.95793256283392,-33.378785022293108,0],[150.95808650083592,-33.378924968232731,0],[150.9582619175564,-33.379062161693561,0],[150.95846274671797,-33.379226848170759,0],[150.95867160681811,-33.379351357877731,0],[150.95889252410603,-33.379447756142056,0],[150.9590451451779,-33.379552186724304,0],[150.95918573601145,-33.379660633388497,0],[150.95938656517302,-33.379825319482471,0],[150.95957132167743,-33.379953844526348,0],[150.9597159198955,-33.380062290689622,0],[150.95986453358285,-33.380202881933684,0],[150.95998503628996,-33.380335423345834,0],[150.96010553001398,-33.380480021316281,0],[150.96018184908391,-33.380612563056125,0],[150.96024941946123,-33.380763220806266,0],[150.96026218452147,-33.380949707080916,0],[150.96024348608881,-33.381021051807423,0],[150.96021325059297,-33.381107563145157,0],[150.96018586545154,-33.381231122009503,0],[150.96011356185096,-33.381363663354605,0],[150.9600713679821,-33.381428446469734,0],[150.96000110894701,-33.381536381465324,0],[150.95983240623499,-33.381656875501101,0],[150.95960345711015,-33.381777378371339,0],[150.9593825577885,-33.381861720379646,0],[150.95915761604809,-33.381954094509091,0],[150.95894291959348,-33.382035200364555,0],[150.95880272312039,-33.382070204315681,0],[150.95832955979898,-33.382219517593548,0],[150.95788130676038,-33.382378897073615,0],[150.95741313627536,-33.382538277011626,0],[150.95702464635602,-33.382687688499708,0],[150.95657640230058,-33.382866995148326,0],[150.95610823181556,-33.383076178020033,0],[150.95570978227468,-33.3832455165238,0],[150.95535117840649,-33.383394928296809,0],[150.95505234664071,-33.38355431687382,0],[150.95470371047892,-33.383703728866287,0],[150.9544048778148,-33.383883025918692,0],[150.95399121710125,-33.384142900674846,0],[150.95387533083633,-33.384282066896859,0],[150.95363786658086,-33.384460772435297,0],[150.95351833135925,-33.384699841759179,0],[150.95346852786159,-33.38490902547192,0],[150.9534884542912,-33.385217816163383,0],[150.95355817613367,-33.385546534670894,0],[150.95366775173375,-33.385835407757568,0],[150.95377732823209,-33.386044590988369,0],[150.95399647044903,-33.386263733964078,0],[150.95412596349556,-33.386393227587845,0],[150.95421561266593,-33.386672141411331,0],[150.95438495138521,-33.386851439092851,0],[150.95454432149978,-33.387030745405454,0],[150.95474355525337,-33.387329577436937,0],[150.95489520794132,-33.38759913346361,0],[150.95493438077594,-33.387695666596152,0],[150.95503242829594,-33.38793720972572,0],[150.95517188994711,-33.388405380596332,0],[150.95528145656402,-33.388763975940762,0],[150.95536114611286,-33.389192310970131,0],[150.95540099178561,-33.389570832558775,0],[150.95541994174656,-33.389902562533642,0],[150.95542090923212,-33.389919468517732,0],[150.95543086795536,-33.390467320378058,0],[150.95547071362805,-33.390975344964104,0],[150.95551055840249,-33.391363834953161,0],[150.95553048483214,-33.391722430093836,0],[150.95557032960659,-33.391991385228856,0],[150.9556699375002,-33.392349980030659,0],[150.95578947272185,-33.392668739057193,0],[150.95590900704508,-33.392927726530395,0],[150.95604845971317,-33.393116991772892,0],[150.9562576432069,-33.393316216793416,0],[150.95651663019819,-33.393455669085995,0],[150.95689516139433,-33.393615048967952,0],[150.95724379755612,-33.393724615107779,0],[150.95774185409232,-33.393874035871448,0],[150.95814029375177,-33.393933798854917,0],[150.9584391264159,-33.394023456378214,0],[150.95883423152901,-33.394204277910674,0],[150.95932567287144,-33.39443185511935,0],[150.95982372940767,-33.394631080126011,0],[150.96045127988876,-33.394939879783763,0],[150.96085968725461,-33.395109218428644,0],[150.96122825074428,-33.395238712375658,0],[150.96155695957813,-33.395318401843284,0],[150.96184583262067,-33.395328361052862,0],[150.96213470656147,-33.395308434382606,0],[150.9624136199825,-33.395288515957724,0],[150.96266264914894,-33.395149063605963,0],[150.96283198696989,-33.394979725038709,0],[150.96300440062237,-33.394690098586487,0],[150.96309045473504,-33.394545554249788,0],[150.96317679541028,-33.394365638683666,0],[150.96321419317383,-33.394222950073299,0],[150.96329266370881,-33.394064646067342,0],[150.96340355713738,-33.393840922947327,0],[150.96360895782544,-33.393495514271407,0],[150.9638281009407,-33.393216599840144,0],[150.96406716958725,-33.39298749841474,0],[150.96437596097456,-33.392738469875958,0],[150.96466483401713,-33.392509368690284,0],[150.9651130870557,-33.392190609829342,0],[150.96568719406557,-33.391832740396239,0],[150.96626190204839,-33.39149208268033,0],[150.9667666366604,-33.391244300160714,0],[150.96727465191987,-33.390945468085697,0],[150.96760337063515,-33.390766161597249,0],[150.96791216112422,-33.390566945732523,0],[150.96817114901387,-33.390377680187619,0],[150.96840025893721,-33.390188423981158,0],[150.96862936077568,-33.390019085499553,0],[150.96883855325257,-33.389829820261866,0],[150.96900788209032,-33.389600709909679,0],[150.96917722080963,-33.389361648812141,0],[150.96921705660085,-33.389162424478258,0],[150.96922243571279,-33.389103325009124,0],[150.96923699291196,-33.388943282058918,0],[150.96918718941427,-33.388734099052336,0],[150.96907761291592,-33.388564759987823,0],[150.96892819254145,-33.388395422093602,0],[150.96872897765246,-33.38825596018247,0],[150.96852975288206,-33.388186229518048,0],[150.96827076589068,-33.388106548512511,0],[150.9679420471754,-33.388026859183299,0],[150.96768306018407,-33.387947169030966,0],[150.9674340319159,-33.387827625039797,0],[150.96719496237102,-33.387668254797724,0],[150.96701565594537,-33.387498915907223,0],[150.96682639977962,-33.387309650433032,0],[150.96666701978361,-33.387060622129205,0],[150.96652756711552,-33.386821571298036,0],[150.96646779501319,-33.386552606917959,0],[150.96644787756668,-33.386233856966463,0],[150.96648772234113,-33.385964901269205,0],[150.96658733023474,-33.385676027862736,0],[150.96675666895399,-33.385456885655891,0],[150.96696585244771,-33.385257661374474,0],[150.96719496237102,-33.385098281920719,0],[150.9674439906392,-33.384988715408795,0],[150.96778266807772,-33.384918984374004,0],[150.96819107544349,-33.384839294373222,0],[150.9685397116053,-33.384799449720489,0],[150.96888834776706,-33.384779522886724,0],[150.96915730336312,-33.384799449720489,0],[150.96934655952887,-33.384869180101049,0],[150.96950593952491,-33.384988715408795,0],[150.96965536888246,-33.385148094313351,0],[150.9697368424855,-33.385270309286739,0],[150.96985458377145,-33.385446926815405,0],[150.96999403643954,-33.385735800233043,0],[150.97013348910761,-33.386064518282268,0],[150.97030282782688,-33.386343423409336,0],[150.97046220782289,-33.386612378685612,0],[150.97069132672939,-33.386881324879099,0],[150.97089054251671,-33.387090508593623,0],[150.97108357250494,-33.387256341718512,0],[150.9714363588833,-33.387491260748909,0],[150.97202586661044,-33.387815945079247,0],[150.9722561057161,-33.387927197164984,0],[150.97236324328847,-33.387978964094167,0],[150.97256619696563,-33.388053858335851,0],[150.97290390602026,-33.388202553040543,0],[150.97322556038418,-33.388308005187213,0],[150.9738504752082,-33.388575929810273,0],[150.97393430688879,-33.388620830351833,0],[150.97445705002735,-33.388900865107345,0],[150.97452393948177,-33.388959246914467,0],[150.97470952063966,-33.389048188019878,0],[150.97486067116935,-33.389150905957806,0],[150.97504625232733,-33.389239846867135,0],[150.97541610579776,-33.389475025304236,0],[150.97549971289953,-33.389548010137986,0],[150.97560070150377,-33.389606939794319,0],[150.9760767151796,-33.389970571972398,0],[150.97613712418755,-33.390016728115242,0],[150.97620369024841,-33.390089434978591,0],[150.97667355495608,-33.390426507003944,0],[150.97694177573021,-33.390631388223504,0],[150.97702571431034,-33.390690056882605,0],[150.97712604804278,-33.390777635651489,0],[150.97757821773595,-33.391143078762262,0],[150.97771135075604,-33.39128850179447,0],[150.97792867388452,-33.391587907212511,0],[150.97794285468956,-33.391607431220166,0],[150.97809107401653,-33.391839069124472,0],[150.97814514541008,-33.391219407339946,0],[150.97818348370981,-33.39078019927512,0]]]},"properties":{"hydroname":"WEBBS","hydronametype":"CREEK"}},{"type":"Feature","geometry":{"type":"Polygon","coordinates":[[[150.98410920341348,-33.375974007826855,0],[150.98392249307329,-33.375815282754644,0],[150.98370422851039,-33.375577172473264,0],[150.98338125631795,-33.375244214574401,0],[150.98329797260965,-33.375156914225322,0],[150.98314748503662,-33.375025556193961,0],[150.98308125943728,-33.374938524937463,0],[150.98299765233543,-33.374865549594972,0],[150.98273207620144,-33.374546081642215,0],[150.98267599797151,-33.374462582489144,0],[150.98225073731271,-33.373843422508102,0],[150.98200708725815,-33.373506054385331,0],[150.98171657389193,-33.373056241439478,0],[150.9815879674826,-33.372756163798556,0],[150.98151977816599,-33.372597052506251,0],[150.98143545420857,-33.372400257900274,0],[150.98121053043445,-33.372053521713212,0],[150.98104185467193,-33.371800504415795,0],[150.98085442747606,-33.37153810210426,0],[150.98060140080662,-33.371172631356558,0],[150.98036082568532,-33.370932056687977,0],[150.9803296397719,-33.370900870561712,0],[150.98014222066092,-33.370647844660184,0],[150.97993604921842,-33.370310485149282,0],[150.97979548533434,-33.369991860213631,0],[150.97971983820423,-33.369871716121587,0],[150.97963617720353,-33.369738842921379,0],[150.97948623670447,-33.369551424092045,0],[150.97928006526197,-33.369335885074705,0],[150.97905515945413,-33.369185944997774,0],[150.97868031224903,-33.369017260320554,0],[150.97834295353735,-33.368942294916273,0],[150.97799621731244,-33.368792354160988,0],[150.97760262675888,-33.368614302882698,0],[150.97717154950854,-33.368445618597526,0],[150.97678426961988,-33.368320634137554,0],[150.97654368551542,-33.368276934735519,0],[150.9763656340362,-33.368258190980313,0],[150.97600952119637,-33.368220712460577,0],[150.97573776105997,-33.368201968693292,0],[150.97536291385484,-33.36819259230672,0],[150.974838127049,-33.36819259230672,0],[150.97427585174978,-33.368155113758739,0],[150.97354864935758,-33.368106125890151,0],[150.9728608075479,-33.368052028162509,0],[150.97227042126846,-33.368042660762576,0],[150.97159569396362,-33.367977062676722,0],[150.97101985679848,-33.367917380131772,0],[150.97038680233968,-33.367930207621058,0],[150.96993699880889,-33.367883344287577,0],[150.96945906633169,-33.367845865606363,0],[150.96898113385447,-33.367836489181421,0],[150.96871741363984,-33.367818301254921,0],[150.96813773078696,-33.367752147075898,0],[150.96767854255648,-33.36768654877099,0],[150.96723809677604,-33.367639694309098,0],[150.96671360551593,-33.367582333514001,0],[150.96657274608614,-33.367545984559399,0],[150.9664071183073,-33.36748073570957,0],[150.96626349745628,-33.367424164059607,0],[150.96592612886317,-33.367208625023508,0],[150.9657387097522,-33.36703057350492,0],[150.96549506059597,-33.366796290924079,0],[150.96525140155833,-33.366487043193423,0],[150.9650077515038,-33.366234016458179,0],[150.96475473381753,-33.36594351173715,0],[150.9646914034883,-33.365850188040362,0],[150.96457668233828,-33.365681118017797,0],[150.96436114326397,-33.365381237011924,0],[150.96422057937991,-33.365175074879353,0],[150.96403315128578,-33.364875193629828,0],[150.96391729197029,-33.364745709228806,0],[150.9638738530364,-33.364697133584677,0],[150.96365911166606,-33.364342661481892,0],[150.96346000367657,-33.364097093660725,0],[150.96341465492446,-33.364041158287741,0],[150.96322722683033,-33.36372254265298,0],[150.96303979963446,-33.363432037799612,0],[150.96280552529655,-33.363150900654205,0],[150.96262747381738,-33.362888506766232,0],[150.96218702893523,-33.362466805201095,0],[150.96181218173012,-33.362026360245963,0],[150.96145731575189,-33.361681543212953,0],[150.96119000137782,-33.361447789438515,0],[150.96065638413276,-33.360937308453423,0],[150.96065278997332,-33.360932602612095,0],[150.96052406768129,-33.360763129129452,0],[150.9603072197616,-33.360558885068301,0],[150.96024106512911,-33.360471791319682,0],[150.96007431715117,-33.360311371547965,0],[150.95999045941937,-33.360252648629896,0],[150.95975656237391,-33.360048117505897,0],[150.95950687025075,-33.359852245897876,0],[150.95924447684786,-33.359692928681675,0],[150.95888974561689,-33.359524011762673,0],[150.9588508862943,-33.359505509971321,0],[150.95857912525966,-33.359411800464748,0],[150.95832609050538,-33.359327458446188,0],[150.95793250893493,-33.359271227387197,0],[150.95771696986066,-33.359261859792241,0],[150.95758266274254,-33.35927081471781,0],[150.95744589963044,-33.359279931709004,0],[150.95743584209248,-33.359280603984828,0],[150.95742934278138,-33.359282423481339,0],[150.95720155877146,-33.359346201874352,0],[150.95684545581307,-33.359439911451538,0],[150.95648934387151,-33.359571117445256,0],[150.95618947185659,-33.359702305233888,0],[150.95585210416175,-33.359852245897876,0],[150.95549600030503,-33.360030297099584,0],[150.95517738494169,-33.3601521174472,0],[150.95473694005963,-33.360320802055035,0],[150.95424026333563,-33.360508229513769,0],[150.95356552704766,-33.360779990508782,0],[150.95299960368999,-33.360996076677353,0],[150.95248358354306,-33.361188111721923,0],[150.95238030962471,-33.361229381490546,0],[150.95212196762373,-33.361339719221384,0],[150.95176135602091,-33.361448353655959,0],[150.95133287759668,-33.361560511308333,0],[150.95070058490921,-33.361726013470914,0],[150.95010900746374,-33.361826033391274,0],[150.94981044429423,-33.361854932898737,0],[150.94941556286159,-33.361845296979617,0],[150.94906883651817,-33.361845296979617,0],[150.94870284580338,-33.361797142127379,0],[150.94844598332767,-33.361750906481525,0],[150.94822128323412,-33.361710460775257,0],[150.94784566527449,-33.36154673376523,0],[150.94749894701584,-33.361382997443684,0],[150.94715222067234,-33.36120000684096,0],[150.94660323954096,-33.360911070683656,0],[150.94629504014338,-33.360737707628402,0],[150.94613130421655,-33.360602871208506,0],[150.94591942218378,-33.360352453407408,0],[150.94573642278399,-33.360063517437219,0],[150.94560158655813,-33.359726427510871,0],[150.94551490542142,-33.359408591402854,0],[150.94544748685936,-33.359032973532038,0],[150.94541859614154,-33.358676619830383,0],[150.94545125169873,-33.358285780884032,0],[150.94547617186302,-33.358061520020513,0],[150.94548863149598,-33.357725120138554,0],[150.94548863149598,-33.357388737714402,0],[150.94551977249361,-33.357120867076887,0],[150.94555715229089,-33.356890376236109,0],[150.94561322153768,-33.356691026493898,0],[150.94570043268041,-33.356522835321798,0],[150.94578764292484,-33.356329715505566,0],[150.94590600315007,-33.356173984443345,0],[150.94607420370386,-33.35601200505463,0],[150.94632338468554,-33.355825123912979,0],[150.94659748493331,-33.355656932568309,0],[150.94683421436687,-33.355538572499974,0],[150.947114527363,-33.355395282933543,0],[150.94736993816122,-33.355245781795212,0],[150.94761288842815,-33.355102501501243,0],[150.94789944920717,-33.354953000610365,0],[150.94814239947405,-33.354840860704677,0],[150.94844141090292,-33.354753650182573,0],[150.94867191141827,-33.354697589498699,0],[150.949042150266,-33.35466848351993,0],[150.94920141348106,-33.354647749912445,0],[150.94947551372874,-33.354641528778757,0],[150.94987420491648,-33.354629060247845,0],[150.9502168259591,-33.354622830108632,0],[150.95062174696329,-33.354622830108632,0],[150.95117616919035,-33.354616599968963,0],[150.95175551158164,-33.35459791029767,0],[150.95227879281109,-33.354548079658521,0],[150.95244997756831,-33.354521734163313,0],[150.95269265923889,-33.354484390792699,0],[150.95307028493323,-33.354376042552936,0],[150.95322433073309,-33.354349948373041,0],[150.95323991919818,-33.354346587553756,0],[150.95346444951016,-33.354298172682675,0],[150.9535375588996,-33.35428294281121,0],[150.95402927871982,-33.354180538607956,0],[150.95429715813418,-33.354099548597119,0],[150.95450895033548,-33.354031027879643,0],[150.95483911982993,-33.353887756841424,0],[150.95520043122036,-33.353763157413418,0],[150.95558666277509,-33.353638567561681,0],[150.95584207267495,-33.353570046481344,0],[150.95610371328965,-33.353501517093115,0],[150.95628437347645,-33.353457916049358,0],[150.95645879486361,-33.353457916049358,0],[150.95658961472176,-33.353457916049358,0],[150.9567515854591,-33.353489056652847,0],[150.95686372485096,-33.353489056652847,0],[150.95696961646001,-33.353545135373274,0],[150.95712535648255,-33.35359496658657,0],[150.95731223750263,-33.353713327046783,0],[150.95754839381107,-33.353891745724994,0],[150.95788181790181,-33.354212593631424,0],[150.95794798061911,-33.354299687640946,0],[150.95803149788938,-33.35437273500952,0],[150.95808851845206,-33.354452909136299,0],[150.95819653367846,-33.354604785738069,0],[150.95828006083019,-33.354677832850641,0],[150.95841303215346,-33.354823363381755,0],[150.95847917690446,-33.354910457530458,0],[150.95897934088839,-33.355391724814858,0],[150.95933116786608,-33.355655543690638,0],[150.95943174324523,-33.355728878051345,0],[150.95959946859026,-33.355846323949926,0],[150.95993707883025,-33.356072377070149,0],[150.96017016918856,-33.356228439961889,0],[150.96027040410632,-33.356316090202412,0],[150.96035495264255,-33.356346164310295,0],[150.96042176124851,-33.356404600235848,0],[150.96054004960854,-33.356449563907631,0],[150.96079199201142,-33.356611399168841,0],[150.96121401604034,-33.356790391911247,0],[150.9615842459049,-33.356997191428242,0],[150.96219517755316,-33.357272349604621,0],[150.96237718161962,-33.357354324840536,0],[150.96264784940462,-33.357444807169465,0],[150.96271466699378,-33.357503252861918,0],[150.96323795720639,-33.357726912655991,0],[150.96333954588522,-33.357757264645507,0],[150.96379600054229,-33.357922488919613,0],[150.96459130241951,-33.358179325174731,0],[150.96464126761393,-33.358186173320831,0],[150.96495584954161,-33.358310701139764,0],[150.96532339074852,-33.358422831322727,0],[150.96579683254765,-33.358547412825686,0],[150.96603355299806,-33.358578571866794,0],[150.96639486438849,-33.358659552457745,0],[150.96692437543444,-33.358771682941537,0],[150.96726699737533,-33.358865132028996,0],[150.96766568766472,-33.358964802591537,0],[150.9679833894414,-33.359027084348824,0],[150.96834469993351,-33.359101852711234,0],[150.96871847185523,-33.359164134370459,0],[150.96914831212541,-33.359276273958145,0],[150.96951354915365,-33.359346130595171,0],[150.96957191359598,-33.359357290664924,0],[150.97017094077015,-33.359446992843736,0],[150.97074795203338,-33.359505053035001,0],[150.97080019445704,-33.359514734231603,0],[150.97113489146054,-33.359520264735679,0],[150.97140961963061,-33.359544144714441,0],[150.97179585028695,-33.359587754714312,0],[150.97210733123026,-33.359631354938351,0],[150.97236274113024,-33.359662505338029,0],[150.97276142333479,-33.359712345053943,0],[150.97301060431644,-33.359749715443343,0],[150.9733968349729,-33.359787095570667,0],[150.97372077554914,-33.359787095570667,0],[150.97406339659176,-33.359787095570667,0],[150.9743997878179,-33.359755945965873,0],[150.97444541504782,-33.359755945965873,0],[150.97451612234215,-33.359755945965873,0],[150.97460066189521,-33.359755945965873,0],[150.97475486939189,-33.359755945965873,0],[150.97518470966202,-33.359749715443343,0],[150.97541797968341,-33.359713429243378,0],[150.97546503164142,-33.359706114528279,0],[150.97582973147709,-33.35960256273642,0],[150.9758964143189,-33.359584607934245,0],[150.97601771473003,-33.359500624729407,0],[150.9763652567438,-33.359219720233455,0],[150.97637925878411,-33.359205745738954,0],[150.97647253804658,-33.359112681175617,0],[150.97672339528464,-33.358896272948861,0],[150.97684798532634,-33.35873431213215,0],[150.97694142628555,-33.358591031578491,0],[150.97699749553234,-33.358410362583193,0],[150.97704110514616,-33.358273330132469,0],[150.97705355669427,-33.358049060233043,0],[150.97704110514616,-33.357768738553133,0],[150.97704110514616,-33.357401197596403,0],[150.97701145265691,-33.357094952297608,0],[150.9770054105883,-33.356622111641805,0],[150.9770481685992,-33.356249989556218,0],[150.97706290546145,-33.355617204355738,0],[150.97706817677553,-33.355390415469145,0],[150.97708689317449,-33.355319071480601,0],[150.97708856044761,-33.355247440052381,0],[150.97705614653722,-33.35517524430707,0],[150.97705631721712,-33.354757442435556,0],[150.97703570896621,-33.354345305204923,0],[150.97700480153051,-33.353974384456009,0],[150.97699450144754,-33.353675579637731,0],[150.97705631721712,-33.353459206665192,0],[150.97713875022083,-33.353211926575639,0],[150.9772108741584,-33.352954338056158,0],[150.97737573118275,-33.352707048278383,0],[150.97751997905777,-33.352511283959636,0],[150.9777359933409,-33.352334442726374,0],[150.97803037036121,-33.352138651306753,0],[150.97877179847418,-33.351683927005283,0],[150.97889511650146,-33.35160830659909,0],[150.97915406756024,-33.351469247931632,0],[150.97981097498476,-33.351078777323494,0],[150.98019087790831,-33.350870069034926,0],[150.98090055596595,-33.350408800759034,0],[150.98095268160858,-33.350366651661389,0],[150.98114380267685,-33.350212148818038,0],[150.98150931728452,-33.349888539743766,0],[150.98204658258794,-33.349510421754331,0],[150.98208945737983,-33.349488871992293,0],[150.98218457459535,-33.349441031471478,0],[150.98293197291176,-33.348822722978916,0],[150.98307503770556,-33.348679944635485,0],[150.98326003675521,-33.348484556966874,0],[150.98349599543423,-33.348235340213911,0],[150.98367115164328,-33.348029267284176,0],[150.98383600866759,-33.347802595202765,0],[150.98404208129548,-33.347483190721817,0],[150.984134195443,-33.34729236511884,0],[150.98414887840636,-33.347261959202747,0],[150.98418632917054,-33.347184385384935,0],[150.98429967050828,-33.347009229265794,0],[150.98436148537959,-33.346813464891405,0],[150.98434087712863,-33.346669216188609,0],[150.98426875319109,-33.34651465950737,0],[150.98408074298862,-33.346333551214926,0],[150.98394707187774,-33.346216696570515,0],[150.98340850671212,-33.345779658104917,0],[150.98299112607492,-33.345628560807235,0],[150.98255029581554,-33.345489350757894,0],[150.98214401206701,-33.345312814193065,0],[150.98187402610338,-33.345193727152598,0],[150.98148391382659,-33.345040201195218,0],[150.981417929874,-33.34501424154579,0],[150.98113023991269,-33.344923517414351,0],[150.98074131071715,-33.344788125190256,0],[150.98050540593704,-33.34466958524883,0],[150.9800322686668,-33.34448982165101,0],[150.97942348039871,-33.344279150182977,0],[150.97902299617374,-33.344136757618458,0],[150.9788317412565,-33.3440687566181,0],[150.97861188128562,-33.343993477051093,0],[150.97832486416246,-33.343874085778658,0],[150.97807636410374,-33.343804848596434,0],[150.97795272447962,-33.343701807700022,0],[150.9778084846894,-33.343557559095437,0],[150.97769513526686,-33.343464826758648,0],[150.97754058730874,-33.34322784592274,0],[150.97744785512023,-33.342959957225062,0],[150.97737573118275,-33.342692069204155,0],[150.97737573118275,-33.342485995912782,0],[150.97738603036746,-33.342290231875396,0],[150.97745814532186,-33.342135683931573,0],[150.97749937080687,-33.341991434984131,0],[150.97763331949719,-33.341795661579965,0],[150.97776725920434,-33.341579289100508,0],[150.97797333273056,-33.341259885055521,0],[150.97822061287712,-33.34083743930573,0],[150.97844729375589,-33.340548942874868,0],[150.97863275004798,-33.340291353663268,0],[150.97885943092683,-33.340033773445981,0],[150.9790345871358,-33.339786484493544,0],[150.97924065976369,-33.339415564007467,0],[150.97942612414064,-33.339096150525982,0],[150.9796218886006,-33.338694313115695,0],[150.97975582830782,-33.338457323801123,0],[150.97997220101868,-33.338210052136809,0],[150.98016797446181,-33.337942163764232,0],[150.98041417932501,-33.337588193605981,0],[150.98055614188598,-33.337346892679186,0],[150.9807672612491,-33.337063729742297,0],[150.98083641894956,-33.337021876636101,0],[150.98106490184887,-33.336724666994158,0],[150.98111901725986,-33.336596571926187,0],[150.98118882803553,-33.336526060606452,0],[150.98123630130337,-33.336403075435292,0],[150.981240631183,-33.33625575192535,0],[150.98118864028766,-33.336104108244605,0],[150.98114963813293,-33.336021783526242,0],[150.98111931280559,-33.335917792282558,0],[150.98106731292708,-33.335826798998177,0],[150.98103698759974,-33.335701150776956,0],[150.98103264873689,-33.335571163663694,0],[150.9810066532892,-33.335475841058255,0],[150.9809546623938,-33.335406513892259,0],[150.9808983326356,-33.33528085680917,0],[150.98087233718792,-33.335146540093355,0],[150.98082034629252,-33.334977560535613,0],[150.98075967767147,-33.334838905355333,0],[150.9806686936046,-33.334747912444961,0],[150.98053870648465,-33.334635261679267,0],[150.98041305014266,-33.334552936323234,0],[150.98039608096695,-33.334546616936493,0],[150.98022674224771,-33.334483609173247,0],[150.97997976663004,-33.334422949748074,0],[150.97980683375127,-33.334382217404055,0],[150.97972197170307,-33.334366485701892,0],[150.97965813023239,-33.334376130666897,0],[150.97963645568126,-33.334379411951168,0],[150.97921015567158,-33.334386717536447,0],[150.97868197053901,-33.334378022734064,0],[150.97817049496913,-33.334383921089973,0],[150.97757448882922,-33.334359771526735,0],[150.97748856946387,-33.334351453484061,0],[150.97716965765653,-33.334222605152831,0],[150.97694298576093,-33.334191697075852,0],[150.97672660406687,-33.334098964523342,0],[150.97645871566931,-33.333923808353113,0],[150.97624479895245,-33.333635589984048,0],[150.97613059792695,-33.333444612450883,0],[150.97609239347628,-33.333192410567356,0],[150.97611673961708,-33.33294072882488,0],[150.97610003993594,-33.332741504374027,0],[150.97605418004241,-33.332581013238858,0],[150.97604012500142,-33.332524791173221,0],[150.97601596660854,-33.332428168302407,0],[150.97601596660854,-33.332282961349016,0],[150.9760618265021,-33.332076610496202,0],[150.97616882034399,-33.331900835564355,0],[150.97631402761982,-33.331763265278219,0],[150.97655858317609,-33.331633350345584,0],[150.97676493428168,-33.3315416403168,0],[150.97707062378637,-33.33146522184888,0],[150.97737633125735,-33.33139642362972,0],[150.9776973136814,-33.331350572630683,0],[150.97804122560305,-33.331373502636509,0],[150.97839278398448,-33.33139642362972,0],[150.97895067550516,-33.331457567013921,0],[150.97944744116231,-33.331495780387634,0],[150.97987620614913,-33.331460452869521,0],[150.9800817676356,-33.33140406946346,0],[150.98037218308545,-33.331335289209186,0],[150.9805861707693,-33.331251224713768,0],[150.98091479965305,-33.331136584220594,0],[150.98116700077077,-33.330983739752163,0],[150.98145741622068,-33.330807955860315,0],[150.98168669682386,-33.330662748458089,0],[150.98202296228587,-33.330425830360987,0],[150.98220376620307,-33.330207189970352,0],[150.98224044711108,-33.33013705626383,0],[150.98238980460349,-33.329860293194848,0],[150.98244330197357,-33.329653942608282,0],[150.98247386894781,-33.329394094249437,0],[150.98245093855184,-33.329187752316116,0],[150.98240508853971,-33.328958480759859,0],[150.982328661672,-33.328698633329175,0],[150.98222166693176,-33.328469361236401,0],[150.981984748852,-33.328049022620675,0],[150.98165612086657,-33.327536972986984,0],[150.98147275315753,-33.327229409703961,0],[150.98127894343162,-33.326767603384049,0],[150.98107010039939,-33.326366716395867,0],[150.98076195490071,-33.325825050366369,0],[150.98055560379512,-33.325488784142685,0],[150.9803798295452,-33.325144872490824,0],[150.98033836151507,-33.325034310245698,0],[150.98021933833314,-33.32471689618778,0],[150.9800282711638,-33.324395914082316,0],[150.97977824756231,-33.324070647056246,0],[150.97967520630763,-33.323903504532787,0],[150.97959334732741,-33.323758835073349,0],[150.97949412570935,-33.323628229649493,0],[150.97939390785959,-33.323540579532576,0],[150.97924547383528,-33.323421206763662,0],[150.97907931694874,-33.323291229101081,0],[150.97895485267125,-33.323195350362269,0],[150.97864200000049,-33.322871965167145,0],[150.97848678010257,-33.322737443166019,0],[150.97828499243855,-33.322540827073809,0],[150.97788657883027,-33.322147595059853,0],[150.97765374898339,-33.321899238980556,0],[150.97742609073757,-33.321666400009647,0],[150.9770897704783,-33.32133008921469,0],[150.9768103728654,-33.321029984127009,0],[150.97656201653714,-33.320750576902569,0],[150.97637574457474,-33.320574668027184,0],[150.9762256971762,-33.320367707697478,0],[150.97605495079691,-33.320150393980697,0],[150.97582729255109,-33.319886511827882,0],[150.97561515090513,-33.319638156061202,0],[150.97545993100721,-33.319415670039021,0],[150.97518053249598,-33.318903432305447,0],[150.97496839085005,-33.318561940311959,0],[150.97470968143807,-33.318184234304375,0],[150.97446455275664,-33.317855569856754,0],[150.97441511666992,-33.317783096143586,0],[150.9743994114238,-33.317725511829849,0],[150.97395480734195,-33.317058905189583,0],[150.97391508743331,-33.316980318089492,0],[150.97378352377004,-33.316719959013867,0],[150.97361794989018,-33.316440561243844,0],[150.97343167792778,-33.31617150693959,0],[150.97320401069879,-33.315928323292134,0],[150.97297636143617,-33.315731707603675,0],[150.97271323321132,-33.315490567595724,0],[150.97254597409199,-33.315328767769174,0],[150.97241471495755,-33.315192273329274,0],[150.97226245231354,-33.315108253315564,0],[150.97214695142591,-33.315097757189022,0],[150.97193169082934,-33.315139761956253,0],[150.97170067108769,-33.315187011008142,0],[150.97149591539002,-33.315244765903529,0],[150.97134365364434,-33.315286771350564,0],[150.97124914638491,-33.315370764167525,0],[150.97123509044562,-33.315477417092104,0],[150.97139777803849,-33.315535835400389,0],[150.97153792061269,-33.315475776844792,0],[150.97176367892172,-33.31543377148877,0],[150.97199468968017,-33.315402271962618,0],[150.97224144970218,-33.315470524299649,0],[150.97243571756897,-33.315591268948857,0],[150.97263522890199,-33.315785545076352,0],[150.97278228311399,-33.31595349438615,0],[150.97290396890233,-33.316081320282457,0],[150.97300222303485,-33.316243945209422,0],[150.9731781499984,-33.316538878102868,0],[150.97332819829526,-33.316771699243361,0],[150.9733799385607,-33.316870016479605,0],[150.97353514947551,-33.317040753196459,0],[150.9737524815871,-33.317268420398797,0],[150.97392839058438,-33.317542646419156,0],[150.97420779718044,-33.317925525031335,0],[150.97425654336104,-33.317996286362437,0],[150.97426731865286,-33.318011928688719,0],[150.97430645465656,-33.318068742633088,0],[150.97436818957783,-33.318158364237355,0],[150.97449236819111,-33.318401548419409,0],[150.97463260059689,-33.318689587479973,0],[150.97480539872828,-33.31901036390466,0],[150.97503552284954,-33.319317201039766,0],[150.97522729789134,-33.319554988567468,0],[150.97526247232463,-33.319605912659178,0],[150.97537782139699,-33.319772857747203,0],[150.97551878862464,-33.319976895721261,0],[150.97573357401245,-33.320322071584172,0],[150.97599438188888,-33.32063659066413,0],[150.97617848352149,-33.320920417262322,0],[150.97632422888813,-33.321142867916656,0],[150.9764699742548,-33.321250265164998,0],[150.97670010646087,-33.321396010694535,0],[150.97683817841838,-33.321541755980341,0],[150.97706831062453,-33.321802563041679,0],[150.97723706723545,-33.3219943467479,0],[150.97797347556272,-33.32268471715647,0],[150.97847207917292,-33.323221686569596,0],[150.97877124331538,-33.323520850343904,0],[150.9792626756747,-33.324054359540909,0],[150.97944541546138,-33.324258021193899,0],[150.979722572676,-33.324594609673618,0],[150.97993656035979,-33.324877386797141,0],[150.98004354521856,-33.325030241226962,0],[150.98013526500566,-33.325244237878962,0],[150.98019014218809,-33.325438791979934,0],[150.98021933833314,-33.325542281572261,0],[150.98042568045557,-33.325985550193735,0],[150.9807695923773,-33.326574017508271,0],[150.9810447238909,-33.327055490948482,0],[150.98126635803447,-33.327521689647057,0],[150.98144977874409,-33.327835034357932,0],[150.98168266338826,-33.328200190947982,0],[150.98182425853832,-33.328484645160657,0],[150.98192359693732,-33.328721563282357,0],[150.981984748852,-33.328897337873478,0],[150.98203824622209,-33.329096041964647,0],[150.98207645965593,-33.329317676900111,0],[150.98208410611571,-33.329592798708859,0],[150.98206116673657,-33.3297915034656,0],[150.98201531672453,-33.329921427149287,0],[150.9819430849891,-33.330031487073285,0],[150.98185482551247,-33.33016598280313,0],[150.98163319945377,-33.330379979601716,0],[150.98138098935289,-33.330509903908926,0],[150.98106000692886,-33.330670395106765,0],[150.9806931565264,-33.330838531892347,0],[150.98037218308545,-33.330999023235343,0],[150.98021933833314,-33.331075441361641,0],[150.97998242025332,-33.331159514282703,0],[150.97960794135753,-33.331220648826594,0],[150.97926402853753,-33.331235941274841,0],[150.97896596752625,-33.331220648826594,0],[150.97865262257869,-33.331174806741664,0],[150.97842335095865,-33.331106008293169,0],[150.97814821944502,-33.331029590193687,0],[150.97792659428464,-33.330991377366054,0],[150.97763617883473,-33.330960809643749,0],[150.97731518832583,-33.330960809643749,0],[150.97701713539939,-33.330999023235343,0],[150.97672672084784,-33.331067803755104,0],[150.97648979378491,-33.331128938363371,0],[150.97632166509632,-33.331205365382296,0],[150.97613059792695,-33.331335289209186,0],[150.97600068357059,-33.331472850413995,0],[150.97584018337537,-33.331648633714799,0],[150.97569498418446,-33.331793841725528,0],[150.97562620377644,-33.331916118886674,0],[150.97555742336834,-33.332175967228928,0],[150.97552684741109,-33.332489302706577,0],[150.97551156347478,-33.332810285019207,0],[150.97550391701509,-33.332940208704215,0],[150.97554213044896,-33.333184773146442,0],[150.97555664363074,-33.333243873077286,0],[150.97557400626849,-33.333314535659184,0],[150.97560461007362,-33.333451666686877,0],[150.97561655856521,-33.33357370210225,0],[150.97568588604727,-33.333768678164184,0],[150.97578553885666,-33.33392466920688,0],[150.97593285268181,-33.334054664781362,0],[150.97596838554287,-33.334079701549761,0],[150.97619716488614,-33.334240971969557,0],[150.9765047992434,-33.334383956364512,0],[150.97679508892918,-33.334474949655046,0],[150.97705074137414,-33.334557266078583,0],[150.97728904914769,-33.334678593705881,0],[150.9775403546451,-33.3347739164332,0],[150.97777433164063,-33.334817239384577,0],[150.97795630965589,-33.334795573408478,0],[150.97822928970447,-33.334721916704666,0],[150.97835493796157,-33.334661257445411,0],[150.97847191747618,-33.334635261679267,0],[150.97858891585543,-33.334652588938667,0],[150.97874922740436,-33.334704589459079,0],[150.97890088009231,-33.334726255457824,0],[150.9790438649361,-33.334726255457824,0],[150.97919551762402,-33.334708918456357,0],[150.97937748575788,-33.334687253203803,0],[150.97955947275634,-33.33468292345497,0],[150.97971112544431,-33.33468292345497,0],[150.97989310345957,-33.334704589459079,0],[150.98005342399171,-33.334765248688157,0],[150.9802310721274,-33.334834575614003,0],[150.98039572253919,-33.334942896385989,0],[150.98052570876078,-33.33510320829955,0],[150.98057770055445,-33.335272197370202,0],[150.98061669372601,-33.335454175245971,0],[150.98066002576039,-33.33567081661527,0],[150.98062969144988,-33.33584846471782,0],[150.98059936612253,-33.336008785471876,0],[150.98059509912488,-33.336277409282708,0],[150.98061217520015,-33.336401918907036,0],[150.98060884065384,-33.336545181193799,0],[150.98055241297925,-33.336773565204105,0],[150.9805236291609,-33.336830791700336,0],[150.98026767218698,-33.337092217191213,0],[150.97999278232018,-33.337385437440417,0],[150.97978202138486,-33.337642013823732,0],[150.9796262454297,-33.337861927152147,0],[150.97947046947465,-33.338081848931218,0],[150.97930553250021,-33.338375070351809,0],[150.97906728760881,-33.338759920514143,0],[150.97888331982517,-33.339036235038989,0],[150.97872909436222,-33.339267882360438,0],[150.97866833680803,-33.339365239868755,0],[150.97865895120987,-33.339383902790921,0],[150.97863258835125,-33.339436315501629,0],[150.97856243621578,-33.339521150344055,0],[150.97830673885494,-33.339941973949053,0],[150.97800435694717,-33.340335994699636,0],[150.97783025805526,-33.340684199851523,0],[150.97756452112279,-33.341059889392326,0],[150.97730795419287,-33.341371441334623,0],[150.97707307978038,-33.341638101913318,0],[150.97694149725245,-33.341787513851031,0],[150.97687727938774,-33.341976214216608,0],[150.97680396338583,-33.342251112935678,0],[150.97681313338828,-33.342471025882908,0],[150.97685895734921,-33.342755085288061,0],[150.97696450849679,-33.342990542499656,0],[150.9769780793458,-33.343020814076219,0],[150.97713384631777,-33.343304873188892,0],[150.977207163218,-33.343497302974519,0],[150.97732627623142,-33.343827177972678,0],[150.97752161039833,-33.344001957018321,0],[150.97782108805282,-33.344102076101791,0],[150.97833423089594,-33.344285335285761,0],[150.97891151165368,-33.344505258104547,0],[150.97960791440806,-33.344789317627914,0],[150.9802035252892,-33.345055045461528,0],[150.98058838511648,-33.345183338209168,0],[150.98102822094086,-33.345329944216957,0],[150.98136725680718,-33.345458227554381,0],[150.98180709173317,-33.345668988472106,0],[150.98233855751315,-33.34587057945614,0],[150.98271424643971,-33.346108815308668,0],[150.98305327332289,-33.346292083776781,0],[150.98329152719748,-33.346447859532695,0],[150.98344730315262,-33.346594465662676,0],[150.98363973306627,-33.346814387902242,0],[150.98374968506039,-33.346951833110388,0],[150.98374052404111,-33.347098447396704,0],[150.98364889408552,-33.347318360859212,0],[150.98354810311065,-33.347483298030397,0],[150.98341134898166,-33.347637308195829,0],[150.98318594910049,-33.347891158917122,0],[150.98275984672017,-33.34829065690807,0],[150.98232022649145,-33.348582882692831,0],[150.98196285870512,-33.348830288491186,0],[150.98166047679734,-33.349114348162239,0],[150.98122064187132,-33.349444222141031,0],[150.98084495204648,-33.349719120545842,0],[150.98042343915898,-33.35005816571892,0],[150.97994695835916,-33.350369708728543,0],[150.97925055650319,-33.35074541576234,0],[150.97892989657436,-33.350910594816924,0],[150.9785782124288,-33.351097494013601,0],[150.97831968267994,-33.351234885186415,0],[150.97780347388672,-33.351512544568912,0],[150.97745341299694,-33.351718213807203,0],[150.97713875022083,-33.351975507336874,0],[150.97688116100807,-33.352191879495145,0],[150.9767060047991,-33.352325819500031,0],[150.9766235717953,-33.352480376370352,0],[150.97657205610875,-33.352645232477464,0],[150.97656175692399,-33.35283069775727,0],[150.97653083960685,-33.353119194016053,0],[150.97649993217121,-33.353376783548399,0],[150.97648963208815,-33.353696187417,0],[150.97646902383721,-33.35396407609781,0],[150.97647932392024,-33.354262881426479,0],[150.97644841558625,-33.35449986224134,0],[150.97640719998276,-33.354757442435556,0],[150.97640719998276,-33.35505624729182,0],[150.97638659173182,-33.355447776047555,0],[150.97638659173182,-33.355736272636605,0],[150.97638659173182,-33.355983553058316,0],[150.97639323387503,-33.356261194292713,0],[150.97641815403929,-33.356547755332016,0],[150.97642438385577,-33.356890376236109,0],[150.97643234382753,-33.357365314842092,0],[150.9764206639322,-33.357572490405325,0],[150.97641449609944,-33.357837608978727,0],[150.97634961527808,-33.358136280208669,0],[150.97629979291582,-33.358354311007425,0],[150.97623126313769,-33.358584801722863,0],[150.97613159326028,-33.358746771821529,0],[150.97596665628592,-33.358892095966553,0],[150.97585964357938,-33.358967743058585,0],[150.97566982237336,-33.359064929978516,0],[150.97549806359268,-33.359119422704353,0],[150.97524008091784,-33.359215480240763,0],[150.97505160359142,-33.35925537037803,0],[150.97494901149446,-33.359268009316423,0],[150.97424890678283,-33.359313770586482,0],[150.9740827049805,-33.359311027461985,0],[150.9735671869918,-33.359302511470496,0],[150.97321061780769,-33.359239289023854,0],[150.97310869675223,-33.359223278945983,0],[150.97293826478324,-33.359220455535663,0],[150.97224084064442,-33.359151602711158,0],[150.97205403148956,-33.359119852631537,0],[150.97179838712935,-33.359115621637677,0],[150.97168395344025,-33.359112448579744,0],[150.97121650879393,-33.359058243218165,0],[150.97054994717507,-33.358952342933321,0],[150.97000175476447,-33.358865132028996,0],[150.96965913372185,-33.358790372466935,0],[150.96929160149813,-33.35873431213215,0],[150.9688181507158,-33.358665782308009,0],[150.96833224030053,-33.358578571866794,0],[150.9675971578867,-33.358429061189938,0],[150.96717978623266,-33.358341842258042,0],[150.96680601520922,-33.358254640496035,0],[150.96643224418577,-33.358167420639035,0],[150.96574077138573,-33.357955620023475,0],[150.96526732150178,-33.357799879865325,0],[150.96489355047834,-33.357656608277779,0],[150.96457584870171,-33.357538238923546,0],[150.96416469788099,-33.357413648472772,0],[150.9637037166132,-33.357270377750083,0],[150.96344830581498,-33.357158246832668,0],[150.96293748421857,-33.356958896953664,0],[150.96266496141243,-33.356851840108661,0],[150.96241420298915,-33.356753326385594,0],[150.96198856683449,-33.356557723484144,0],[150.96153153815391,-33.356337056766115,0],[150.96135212393045,-33.356242468958499,0],[150.96127805424194,-33.356203412562451,0],[150.96071977824232,-33.35588742367414,0],[150.96031486622132,-33.355638243120396,0],[150.95995355483089,-33.355407752105044,0],[150.95966699405184,-33.35520840196839,0],[150.95938666398769,-33.354971681201278,0],[150.95902535259728,-33.354660210186871,0],[150.95878240143199,-33.354367428533081,0],[150.95854730333903,-33.354010133544691,0],[150.9582902701834,-33.353775617814478,0],[150.95800994910235,-33.35348282718239,0],[150.95781682838427,-33.353314635813881,0],[150.95759485377923,-33.353132577453088,0],[150.95745731092944,-33.353079671744929,0],[150.95725342480102,-33.353017892225971,0],[150.9572245430663,-33.353009143756928,0],[150.95697061089507,-33.352977401941629,0],[150.95687443636243,-33.352977401941629,0],[150.9567378618965,-33.352977401941629,0],[150.95651920297323,-33.352998565904421,0],[150.95631113159385,-33.353037352857946,0],[150.95613479140525,-33.353076149548905,0],[150.95592672002584,-33.353100835682831,0],[150.95564024009525,-33.353139820686039,0],[150.95560534324139,-33.353146435866456,0],[150.95534371160983,-33.353208735293784,0],[150.9550260098332,-33.35329594586306,0],[150.95473322013603,-33.353358236929424,0],[150.95449026897077,-33.353408085507965,0],[150.95419125754199,-33.353476596961151,0],[150.95391092657943,-33.353557586801251,0],[150.95367420612902,-33.353632337351556,0],[150.95338764535006,-33.353719556500693,0],[150.95315092489957,-33.353781847263939,0],[150.95266502346755,-33.353893978029021,0],[150.95224142199697,-33.353962507858611,0],[150.95188010162335,-33.353993648281566,0],[150.95135682039398,-33.354006108649607,0],[150.95107649841461,-33.35402480745222,0],[150.95055827290363,-33.354023740450039,0],[150.95012631710094,-33.354013996363307,0],[150.94965775135719,-33.354013996363307,0],[150.94918919549488,-33.354042107592839,0],[150.94889868212863,-33.354070227817509,0],[150.94851446818998,-33.354163946076739,0],[150.94828019385207,-33.354220159425665,0],[150.94802716808098,-33.354304501141101,0],[150.94778351802648,-33.354426331003872,0],[150.94749301364334,-33.354613749396677,0],[150.94716502166514,-33.354763698827263,0],[150.94689325164728,-33.354932374370009,0],[150.9466589773094,-33.355035450747721,0],[150.9464528058669,-33.355110425882444,0],[150.94604004167192,-33.355324091268429,0],[150.94575934419674,-33.355485272824644,0],[150.94556254847089,-33.355625837010408,0],[150.94543135132025,-33.355785144413936,0],[150.94529078743616,-33.35601942737825,0],[150.94518770216402,-33.356244333538555,0],[150.94511272697378,-33.356516103346245,0],[150.94501901741828,-33.35691906128806,0],[150.94495341884297,-33.35735013878034,0],[150.94489719688261,-33.357715609065799,0],[150.9447753673638,-33.358024857957354,0],[150.94470976968682,-33.358315371107722,0],[150.9446816578083,-33.358596490861444,0],[150.94470976968682,-33.358933868031627,0],[150.9447753673638,-33.359158774163866,0],[150.94490656451441,-33.359468022429269,0],[150.94502839403324,-33.359852245897876,0],[150.94519706889753,-33.360189604694582,0],[150.94532826604814,-33.360545708354493,0],[150.9454126079718,-33.360695648315627,0],[150.94558129181925,-33.3609018113075,0],[150.94574059995003,-33.361061127811155,0],[150.94592802804416,-33.361107982814509,0],[150.9461810448322,-33.361229803154089,0],[150.94653714868892,-33.361398487173567,0],[150.94679017446001,-33.361567171616315,0],[150.94694948259081,-33.361670248389537,0],[150.94715564505023,-33.361829564986934,0],[150.94738055984115,-33.362007616644753,0],[150.94754923560376,-33.362120069938229,0],[150.94766580279165,-33.362157602105121,0],[150.94776880811369,-33.362190768360584,0],[150.9481958519284,-33.362298121001643,0],[150.94865504105724,-33.362335608825141,0],[150.94929228166527,-33.362335608825141,0],[150.94953411173302,-33.362335608825141,0],[150.94982643610291,-33.362335608825141,0],[150.95032311192855,-33.362288753732528,0],[150.95079166779087,-33.362241890361595,0],[150.95119462597611,-33.362166924371401,0],[150.95166319082162,-33.362054471138457,0],[150.95216923427907,-33.361904530517471,0],[150.95281196089857,-33.36172386164845,0],[150.9530049648356,-33.361657134117856,0],[150.95360270023241,-33.361450424453999,0],[150.95480517339362,-33.36106919570598,0],[150.95495069507976,-33.36101649665072,0],[150.95550537691994,-33.360798734374384,0],[150.956142617528,-33.360592562885039,0],[150.95667677196565,-33.360367656706671,0],[150.95702350729221,-33.360208348687358,0],[150.95737024351718,-33.360124015694069,0],[150.95767948316384,-33.360058407886605,0],[150.95799810751026,-33.360030297099584,0],[150.95833547610346,-33.360030297099584,0],[150.95864472383491,-33.360039664611847,0],[150.9587764590764,-33.360071710724775,0],[150.95894749111997,-33.360113312655727,0],[150.95899145107671,-33.360124015694069,0],[150.95900064802862,-33.360131088026982,0],[150.95923511011438,-33.360311443576634,0],[150.95950687025075,-33.360526964434357,0],[150.95976926455199,-33.360808101803904,0],[150.96002228134003,-33.361089239015492,0],[150.96022138932949,-33.361352053989599,0],[150.9602565637627,-33.361398487173567,0],[150.96046422371364,-33.361710012853976,0],[150.96086472500664,-33.36223063162447,0],[150.96094826922646,-33.362303670085886,0],[150.96108125043116,-33.362449199870305,0],[150.96113003254436,-33.362550331624192,0],[150.96131245792074,-33.362768344611766,0],[150.96150993456959,-33.363072591470853,0],[150.96189118137281,-33.363537534989327,0],[150.96193131360815,-33.363594635856387,0],[150.96205290058188,-33.36376764959671,0],[150.96239320037782,-33.364350415462049,0],[150.96268370476088,-33.364800227657547,0],[150.96292990962402,-33.365170404529252,0],[150.9631054062946,-33.365409357324147,0],[150.96332094536891,-33.365746717084484,0],[150.96345214251951,-33.365971622864699,0],[150.96360207403541,-33.366262136494839,0],[150.96368988525273,-33.366374536274165,0],[150.96380167430164,-33.36651762770461,0],[150.96383635645816,-33.366562008462623,0],[150.9641737160681,-33.366946231368352,0],[150.96447474421478,-33.367320020511166,0],[150.96482970002458,-33.367695925212089,0],[150.96516705873626,-33.367911463791174,0],[150.96556065827295,-33.368052028162509,0],[150.96587927453456,-33.368089515757688,0],[150.96630097606825,-33.368098883152555,0],[150.96686325046923,-33.368183224921957,0],[150.96750985781077,-33.368295678486646,0],[150.96816584176716,-33.368417507519084,0],[150.96867188522461,-33.368511217080311,0],[150.96893951400901,-33.368556664395612,0],[150.96916856194861,-33.368595559200187,0],[150.96974224764855,-33.368704489167939,0],[150.97036807695756,-33.368801721480203,0],[150.97097719670398,-33.368904816691256,0],[150.97159569396362,-33.368942294916273,0],[150.97225167792001,-33.368961029521401,0],[150.97277646472583,-33.368998516724893,0],[150.97347930390922,-33.369036004662426,0],[150.97399473296474,-33.369036004662426,0],[150.97444453649547,-33.369073491833603,0],[150.97503066386216,-33.369142890471778,0],[150.97515675139545,-33.36915782440569,0],[150.97521355636241,-33.369161490743835,0],[150.97573776105997,-33.369195312274599,0],[150.97618758165871,-33.36923279937713,0],[150.97684355753032,-33.369317141547668,0],[150.97740583193129,-33.369410850890048,0],[150.97779942248482,-33.369495192887946,0],[150.97807118351946,-33.369588902788749,0],[150.97846477317472,-33.369813809139657,0],[150.97871779984416,-33.370019980536135,0],[150.97884302679137,-33.370150226807354,0],[150.97895207328375,-33.370263630600164,0],[150.97916760337489,-33.370582246288052,0],[150.97937378380064,-33.370882126621687,0],[150.97952371531645,-33.371144520409132,0],[150.97969239916389,-33.371528734329488,0],[150.97989857150475,-33.371997299628418,0],[150.98005318144664,-33.372303133137137,0],[150.98025561499929,-33.372668334317183,0],[150.98037649499884,-33.372915677652045,0],[150.98051706786609,-33.373271780241019,0],[150.9806201001376,-33.373457245073411,0],[150.98070448697706,-33.373609140270275,0],[150.9807257132689,-33.373645802518929,0],[150.98091065841959,-33.373965243020933,0],[150.9810793332839,-33.374218260023035,0],[150.98136984665015,-33.374611859317731,0],[150.98154789902765,-33.374892996936914,0],[150.98181965916405,-33.375164758012303,0],[150.98219638833964,-33.375643605014787,0],[150.98235492571592,-33.375854966487879,0],[150.98279888480747,-33.376295483217035,0],[150.98360021078702,-33.376080966128733,0],[150.98410920341348,-33.375974007826855,0]],[[150.97561195110609,-33.332540702586648,0],[150.9756341727313,-33.332476260593872,0],[150.97571351283548,-33.332433036299989,0],[150.97577419043969,-33.332447369346411,0],[150.97583863198494,-33.332522926835757,0],[150.97586308592358,-33.332658488985587,0],[150.9758297404602,-33.3327718388053,0],[150.97575418226333,-33.332780722152563,0],[150.97565640333966,-33.332745170745106,0],[150.97561195110609,-33.332640713258719,0],[150.97561195110609,-33.332540702586648,0]]]},"properties":{"hydroname":"MACDONALD","hydronametype":"RIVER"}},{"type":"Feature","geometry":{"type":"Polygon","coordinates":[[[150.96723621480552,-33.391360258054654,0],[150.96649381741031,-33.391717176897366,0],[150.96599412953353,-33.392331074958562,0],[150.96593702902081,-33.392687993564977,0],[150.96596557927717,-33.393030641638411,0],[150.96608514144825,-33.393530832363652,0],[150.96640815765807,-33.393615989482598,0],[150.96682218668099,-33.393872969357979,0],[150.96720765556603,-33.393944349230125,0],[150.96755030355808,-33.393844409742584,0],[150.96788846087205,-33.393372456595756,0],[150.96803571181513,-33.392759382660529,0],[150.96834980056769,-33.392288244897337,0],[150.96882093010331,-33.391974156386603,0],[150.96896369935141,-33.391717176897366,0],[150.96877810022715,-33.391545857565845,0],[150.9684211807002,-33.391545857565845,0],[150.96807854169123,-33.391731456680716,0],[150.96752174431856,-33.391674347283633,0],[150.96723621480552,-33.391360258054654,0]]]},"properties":{"hydroname":null,"hydronametype":null}},{"type":"Feature","geometry":{"type":"Polygon","coordinates":[[[150.98434987734944,-33.376176845155157,0],[150.98423742444558,-33.376101879169497,0],[150.98410920341348,-33.375974007826855,0],[150.98360021078702,-33.376080966128733,0],[150.98279888480747,-33.376295483217035,0],[150.98289734465419,-33.376448605969848,0],[150.9828130027305,-33.376495469940124,0],[150.98277162543019,-33.376510833953319,0],[150.98248501075227,-33.376617290489285,0],[150.98194147969969,-33.376870316279906,0],[150.98157601000781,-33.377076479202749,0],[150.98150886902513,-33.377136304744319,0],[150.98120589602595,-33.37740626369758,0],[150.98096593894556,-33.377680490161765,0],[150.98070899562148,-33.377982118619776,0],[150.9806560902411,-33.378044229983502,0],[150.98050955615363,-33.378216248801287,0],[150.98005318144664,-33.378910733604556,0],[150.97973569526565,-33.379506004022097,0],[150.97955749197112,-33.379830330355205,0],[150.97943190659609,-33.380236981219007,0],[150.9793327649281,-33.380651555986923,0],[150.97919757925763,-33.381174281758184,0],[150.97914349888092,-33.381624910100093,0],[150.97911646408241,-33.381949361300279,0],[150.97910745487843,-33.382219732875122,0],[150.97901381718819,-33.382797765732384,0],[150.97900728284276,-33.383084246123524,0],[150.97902270062804,-33.383156136673087,0],[150.97901779762319,-33.383370994856691,0],[150.97899909829223,-33.383442348097979,0],[150.97899438303531,-33.3835360842276,0],[150.97898127841194,-33.383796926894988,0],[150.97890918052553,-33.384283599335248,0],[150.97885510104717,-33.384842377982558,0],[150.97880102156867,-33.385473253945683,0],[150.97876192059934,-33.38579260449896,0],[150.97874695107345,-33.385914864321116,0],[150.97870188888388,-33.386302404078698,0],[150.97861176450465,-33.386843156068792,0],[150.97854867672058,-33.387104519112562,0],[150.97845855234135,-33.387627244342895,0],[150.97835941965647,-33.388240103206122,0],[150.97830534017808,-33.388645660162105,0],[150.97828731368526,-33.389051226476866,0],[150.97827277445236,-33.389254718096332,0],[150.97826026900532,-33.389429757680432,0],[150.97825090227184,-33.389588957432842,0],[150.97824225149566,-33.38973618242342,0],[150.97825507045476,-33.389885799804659,0],[150.97826647277066,-33.390018780982231,0],[150.97826928719243,-33.390051606596082,0],[150.97825126069969,-33.390421128472596,0],[150.97818348370981,-33.39078019927512,0],[150.97814514541008,-33.391219407339946,0],[150.97809107401653,-33.391839069124472,0],[150.97812124663031,-33.392011500166014,0],[150.97815143810871,-33.392275731510246,0],[150.97816389774161,-33.392384733071566,0],[150.97815898575371,-33.392599590948336,0],[150.97814029540589,-33.392670953115783,0],[150.97809932144915,-33.39297120204138,0],[150.97811310789379,-33.393114706474122,0],[150.97809441754598,-33.393186059218451,0],[150.97794034479668,-33.39395736488283,0],[150.97793870447296,-33.394028986938316,0],[150.97792002400661,-33.394100340432082,0],[150.97791838278457,-33.394171954119649,0],[150.97789970231827,-33.394243306746041,0],[150.97789643065406,-33.394386533826584,0],[150.97787941656256,-33.394511195824954,0],[150.97785545579896,-33.394686800075796,0],[150.9778502213158,-33.394915981772023,0],[150.97783153096799,-33.394987326287563,0],[150.97782791884219,-33.395144895114441,0],[150.97775253132525,-33.395458930167301,0],[150.97771679185169,-33.395530005738884,0],[150.97769777990703,-33.395615683645161,0],[150.97766204043344,-33.395686750088629,0],[150.9776430186073,-33.395772418840487,0],[150.97760728811687,-33.395843494155692,0],[150.97758826629075,-33.395929162753021,0],[150.97755252771552,-33.396000237940036,0],[150.97753351487245,-33.396085916132748,0],[150.97739023448301,-33.396384533287453,0],[150.97719693500014,-33.39666143959122,0],[150.97698463255583,-33.396965551392377,0],[150.97665181752279,-33.397347120795665,0],[150.9766157645372,-33.397432520918329,0],[150.97651180969589,-33.397502502907656,0],[150.97644164857726,-33.397587364393843,0],[150.97576254647697,-33.398192657059987,0],[150.97549382354458,-33.398382693806326,0],[150.9754851377341,-33.398388833815048,0],[150.97463715415702,-33.398919779808764,0],[150.97436040028597,-33.399087307034172,0],[150.97389443516496,-33.399323436777337,0],[150.97379146577555,-33.399350454169856,0],[150.97370523199982,-33.399392064312693,0],[150.973516343245,-33.399446359283246,0],[150.97341403681224,-33.39944472811726,0],[150.97321812053698,-33.399539244199623,0],[150.97298282481461,-33.399652764157373,0],[150.97268834897969,-33.39984865413205,0],[150.97251422403656,-33.400003488802575,0],[150.97195411816872,-33.400624997334347,0],[150.97179704235137,-33.400780101353376,0],[150.97156847051892,-33.401077355472168,0],[150.97148453193873,-33.401226327875335,0],[150.97140843654932,-33.401361370548614,0],[150.97144024050363,-33.401462197574851,0],[150.9715255058955,-33.401463550473757,0],[150.97169733654135,-33.401408986783657,0],[150.9719911575045,-33.401241746013987,0],[150.97209347292039,-33.401243377146294,0],[150.97212593983141,-33.401315546656633,0],[150.97212396802939,-33.401401502337876,0],[150.97201673164233,-33.40161471054747,0],[150.97171995252694,-33.401910871398094,0],[150.97123329830663,-33.402304282335912,0],[150.97119872394794,-33.402339492607155,0],[150.97083156811834,-33.40271338984504,0],[150.97083123663992,-33.402727714317443,0],[150.97072597295332,-33.40285499361179,0],[150.97070891394603,-33.402854715387043,0],[150.96987069236116,-33.403701031975707,0],[150.96946700833709,-33.404053432853424,0],[150.96943549992849,-33.404080933974321,0],[150.96857201771783,-33.404922867369152,0],[150.96842343097998,-33.405067743154227,0],[150.96776161156745,-33.405658943940175,0],[150.96767285891568,-33.405734555605967,0],[150.96711781864769,-33.406207441235651,0],[150.96680362209727,-33.406517639564306,0],[150.96666357743945,-33.406673003777492,0],[150.96650648365585,-33.406828107498384,0],[150.96636644887946,-33.406983471156337,0],[150.96594892451179,-33.407334993342623,0],[150.96585922144249,-33.407396297846773,0],[150.96527298627791,-33.407796996866288,0],[150.96508177627649,-33.407951536164319,0],[150.9646786743607,-33.408417922480176,0],[150.9646432492975,-33.408474673677794,0],[150.96455600222211,-33.408559240242319,0],[150.96434609288968,-33.408785132367882,0],[150.96413814637617,-33.40892507800293,0],[150.96399556577427,-33.40899384942982,0],[150.96396564379049,-33.409008272600587,0],[150.96362192859979,-33.409117382152651,0],[150.96351961408226,-33.409115732421256,0],[150.96334743399171,-33.409184611679528,0],[150.96315754092041,-33.409281862464283,0],[150.96256914530764,-33.409644948145868,0],[150.96222344933182,-33.409839995232183,0],[150.96186202205871,-33.409977466844836,0],[150.96166222416312,-33.41007189348273,0],[150.96156881913649,-33.4101160322992,0],[150.96099877251166,-33.410422098403203,0],[150.96084364244533,-33.410491237578924,0],[150.96067112099493,-33.410574441174674,0],[150.96048056496701,-33.410700331472427,0],[150.96011946018911,-33.410823469589872,0],[150.96005124392303,-33.410822376289367,0],[150.95980885779815,-33.410976090605985,0],[150.95955140333268,-33.411043580395848,0],[150.95929815298274,-33.411084912739064,0],[150.95907191138011,-33.411121826884127,0],[150.95879607199404,-33.411246345645274,0],[150.95841923502056,-33.411311917085975,0],[150.95812700946539,-33.411407500054082,0],[150.95797153803912,-33.411490971970913,0],[150.9576973569431,-33.411543868395881,0],[150.957218518964,-33.411593457171527,0],[150.95713225823883,-33.411635050203031,0],[150.95677346662279,-33.4116579178135,0],[150.95673275227915,-33.411653829598684,0],[150.95643305004586,-33.41162376486708,0],[150.95626217880076,-33.411635337397932,0],[150.95619364003949,-33.411648558860719,0],[150.95598700237136,-33.411731198206475,0],[150.95572887596606,-33.411827336355366,0],[150.95554029174011,-33.411867280345575,0],[150.95487253805683,-33.411971109589054,0],[150.95470200727314,-33.411968366625821,0],[150.95442748571557,-33.412035578948981,0],[150.95425496426529,-33.412118764568618,0],[150.95418673991438,-33.4121176622862,0],[150.95415282941076,-33.412133214215139,0],[150.9540660395779,-33.412173023841262,0],[150.95389483685443,-33.412198920709358,0],[150.95362197268852,-33.412194510083957,0],[150.953091314494,-33.412271905204719,0],[150.95288600363753,-33.412297246404165,0],[150.95233662814573,-33.412445976862799,0],[150.95216477055041,-33.41250052237325,0],[150.95207849275727,-33.412542106722071,0],[150.95170065146732,-33.412650624704554,0],[150.95158098239671,-33.412710190311479,0],[150.95133820191143,-33.412831033300819,0],[150.95106135820879,-33.412998498459281,0],[150.95040532933663,-33.413331779655906,0],[150.95026624497783,-33.413444160580134,0],[150.95019602996021,-33.413528995997915,0],[150.95012914050588,-33.413597220895994,0],[150.95007774070197,-33.413682880236763,0],[150.95005346642634,-33.413761404786641,0],[150.95003205148828,-33.413881324763956,0],[150.95001778085171,-33.41399839444999,0],[150.94999779153994,-33.41410119387205,0],[150.94995559767108,-33.41418514984241,0],[150.95000350123192,-33.414429553438765,0],[150.94993282897187,-33.415315857878504,0],[150.94993048975888,-33.415416119837978,0],[150.94996260722525,-33.415502613437098,0],[150.9499609489352,-33.415574235728627,0],[150.94999339877822,-33.415646404580976,0],[150.9499914090099,-33.415732342333534,0],[150.95004090797863,-33.415804789237782,0],[150.95003891821034,-33.415890726833602,0],[150.95020050267203,-33.416280229404329,0],[150.95023491533394,-33.416464950142029,0],[150.9502460221041,-33.416524560371094,0],[150.95027847104879,-33.41659672993331,0],[150.9502764812805,-33.416682667495266,0],[150.95048723323265,-33.417158941891188,0],[150.95053674118455,-33.417231379357375,0],[150.95066587670163,-33.417548713202244,0],[150.95071571613187,-33.417606826827203,0],[150.95081273328427,-33.417837667362967,0],[150.95081074351589,-33.417923605196414,0],[150.95095493839037,-33.418327154370516,0],[150.95101951468286,-33.418485816811376,0],[150.95108172481292,-33.418588750383506,0],[150.95156175485639,-33.419382985537851,0],[150.95175613860576,-33.419830332653042,0],[150.95175612962259,-33.419830637815707,0],[150.95175414883738,-33.419916279761111,0],[150.9518036478062,-33.419988726173898,0],[150.95180165803782,-33.420074664127775,0],[150.95207899401717,-33.420623654467036,0],[150.95211145284338,-33.420695822871764,0],[150.95216129227362,-33.420753945637131,0],[150.95215929352213,-33.420839883583426,0],[150.95220880147403,-33.420912338972656,0],[150.95226972970815,-33.421228561697028,0],[150.95226773993986,-33.421314499173569,0],[150.95234604877808,-33.421616674993459,0],[150.95243720352491,-33.421980549595673,0],[150.95243975833358,-33.42199075092261,0],[150.9524344519852,-33.422219923573238,0],[150.95241573558627,-33.422291268159853,0],[150.95239337023065,-33.422520172352172,0],[150.95237466191654,-33.422591516692073,0],[150.952371004875,-33.422749076690714,0],[150.95235229745924,-33.422820411845407,0],[150.95234233783771,-33.423250118240105,0],[150.95232363042186,-33.42332146272993,0],[150.95231997338036,-33.423479022153579,0],[150.952141796137,-33.424214364909901,0],[150.95211244817671,-33.42433541381515,0],[150.95207502346364,-33.424478093454901,0],[150.95186782973826,-33.425320152267552,0],[150.95174112416407,-33.425633336004701,0],[150.95168629998227,-33.42579007102362,0],[150.95154321722214,-33.426074336676884,0],[150.95143688633689,-33.426244562292084,0],[150.95133484939871,-33.426345945222771,0],[150.95120983804716,-33.426470149760149,0],[150.95105300387664,-33.426610902092264,0],[150.95070788192433,-33.426777264819762,0],[150.9502604176065,-33.426941959842345,0],[150.95015807613947,-33.426940310449559,0],[150.95007179744803,-33.426981912624214,0],[150.9499005677751,-33.427007782584234,0],[150.94944002578342,-33.42700032433536,0],[150.94927012202388,-33.426968914664528,0],[150.94892965244637,-33.426934744498411,0],[150.94890189989397,-33.426935954553031,0],[150.94869052001943,-33.426945196400716,0],[150.94840121668383,-33.426911850172196,0],[150.94806241437948,-33.426806057269474,0],[150.9474543519502,-33.426538276022612,0],[150.94711753941422,-33.42634653675907,0],[150.94701720568179,-33.426258931616218,0],[150.94684929169054,-33.426141584565407,0],[150.94676500366575,-33.426097230474284,0],[150.94655908285318,-33.425951592801908,0],[150.94641247690046,-33.425847915226385,0],[150.94624556812408,-33.425687585333534,0],[150.94617934162642,-33.425600536579232,0],[150.94584553215839,-33.425279895076827,0],[150.94549600037629,-33.424901659508365,0],[150.94544616004768,-33.424843537270462,0],[150.9453290996847,-33.424741330117072,0],[150.94524581507807,-33.424654003008719,0],[150.9451618675148,-33.424595325044528,0],[150.94479715869593,-33.424252972401163,0],[150.94449393416841,-33.42396833940434,0],[150.94444442621651,-33.423895892563479,0],[150.94434408350094,-33.423808287196785,0],[150.94409556637422,-33.423489008125081,0],[150.9440631255143,-33.423416839043099,0],[150.9439968909318,-33.423329790261114,0],[150.94391461962482,-33.423199489460863,0],[150.9438671194076,-33.423041104796425,0],[150.94373600310536,-33.422809709026723,0],[150.94367243921414,-33.422608072925144,0],[150.94350198029571,-33.42230725088077,0],[150.94347577015066,-33.422260979182525,0],[150.94341121092612,-33.422102316142379,0],[150.9429830828449,-33.421436220918309,0],[150.94298441863972,-33.421378932356156,0],[150.94291853350182,-33.421277558620275,0],[150.94290347324608,-33.421191333943874,0],[150.94287103328455,-33.421119165201269,0],[150.94286451600715,-33.421081884167215,0],[150.9428559730288,-33.421032949364879,0],[150.94274691755334,-33.420586973793078,0],[150.94273352546907,-33.420429144448526,0],[150.94270275188236,-33.42028535372647,0],[150.94268935979809,-33.420127515586053,0],[150.94267396896234,-33.420055615881203,0],[150.94267563623549,-33.419984002534363,0],[150.942643526854,-33.419897517897589,0],[150.94264519412721,-33.4198258871753,0],[150.94262979430829,-33.419753995468319,0],[150.94263147056461,-33.419682373625072,0],[150.94261607972879,-33.419610482549068,0],[150.94263308393886,-33.418879981205777,0],[150.94264187754712,-33.418846464675298,0],[150.94265180123611,-33.418808636815214,0],[150.94266013760193,-33.418450552351246,0],[150.94267885400083,-33.418379208357663,0],[150.94266348113146,-33.418307316952507,0],[150.94268347044314,-33.417447904097187,0],[150.94266807960739,-33.41737600442292,0],[150.94266974688054,-33.417304391115486,0],[150.94254763978228,-33.416686262096668,0],[150.94251520790553,-33.416614092608874,0],[150.94251361249761,-33.416608310799305,0],[150.94246803018351,-33.416441375222384,0],[150.94233859013755,-33.416138365590513,0],[150.94225665030891,-33.415993740713212,0],[150.94209443882315,-33.415632886797432,0],[150.94204493985436,-33.415560430751917,0],[150.94201283047283,-33.415473937210379,0],[150.94196300002571,-33.415415814659816,0],[150.94193089064419,-33.415329321724059,0],[150.94188106918023,-33.415271190078791,0],[150.9418489597987,-33.415184696999013,0],[150.94171618520647,-33.41502492253187,0],[150.94163257810462,-33.414951911106748,0],[150.94156636148841,-33.414864862086247,0],[150.94130896092184,-33.414628248952639,0],[150.94124899208842,-33.414573128908437,0],[150.94096408061623,-33.414353556429205,0],[150.94089786400008,-33.414266507558771,0],[150.94074770790536,-33.414120770558597,0],[150.94048351248202,-33.413743925315849,0],[150.94027181909541,-33.413310615376687,0],[150.94020560247915,-33.413223566210696,0],[150.94019022062653,-33.413151666038303,0],[150.94010928421611,-33.412964076845789,0],[150.93992669714302,-33.412746171706466,0],[150.93992702862136,-33.412731847386318,0],[150.939689276905,-33.412684992453293,0],[150.93950134755096,-33.412696260404864,0],[150.93906999182286,-33.412904170983253,0],[150.93889811626124,-33.412958689211514,0],[150.93865140115494,-33.412975353759293,0],[150.93855636478784,-33.412981780677008,0],[150.93838582502099,-33.412979001753129,0],[150.9382831691436,-33.412991659128359,0],[150.93809423547302,-33.413045899859441,0],[150.93792169695476,-33.413129068014825,0],[150.93764415436289,-33.413325145807796,0],[150.9374722698181,-33.41337966527152,0],[150.9372669589616,-33.413404979153484,0],[150.93689309810668,-33.413341568086466,0],[150.93679211938388,-33.413282602786111,0],[150.93670684500887,-33.413281213328993,0],[150.93662257405211,-33.413236859416564,0],[150.9365202505513,-33.413235192517043,0],[150.93623100111469,-33.413201810279247,0],[150.93614628189857,-33.413206893462302,0],[150.93604307086233,-33.413213078163778,0],[150.93597672848193,-33.413223099808683,0],[150.93587185915567,-33.413238948477272,0],[150.9355274360926,-33.413376617167401,0],[150.93542377679699,-33.41343224786263,0],[150.93523350733165,-33.413543777588799,0],[150.93516361480926,-33.413614278986756,0],[150.93491983899062,-33.413825237705467,0],[150.93457005568027,-33.414192079059475,0],[150.9344831140321,-33.414262303242545,0],[150.93429049637052,-33.414474094949803,0],[150.93418583275846,-33.414572690257408,0],[150.93413131400388,-33.414715092007185,0],[150.93411326056159,-33.414757787292331,0],[150.93407714469399,-33.414843168801674,0],[150.93405139089305,-33.415215299622339,0],[150.93397781437972,-33.415443361671841,0],[150.93378352046184,-33.415726766665991,0],[150.93369657881368,-33.415796990357933,0],[150.93367785343159,-33.415868334973403,0],[150.9333631637061,-33.416192758818582,0],[150.93327588159647,-33.416277307371111,0],[150.93319752694416,-33.416389123622032,0],[150.9331170396913,-33.416503979475522,0],[150.93304713818583,-33.416574481469588,0],[150.93299397319234,-33.416659585261733,0],[150.93267793868887,-33.417041307360293,0],[150.9322876656137,-33.417679731047684,0],[150.93193483431952,-33.418175483522141,0],[150.93184150115817,-33.41833355464928,0],[150.93149070454814,-33.418927660568116,0],[150.93115157076548,-33.41956691764674,0],[150.93099405567193,-33.419736292267871,0],[150.93061212704745,-33.42001662263413,0],[150.93054223542333,-33.420087124025621,0],[150.93051594353165,-33.420247749928251,0],[150.9305378696111,-33.420273333229098,0],[150.93061945999511,-33.420432282278739,0],[150.93066559746811,-33.420647973530862,0],[150.93064686310282,-33.420719308912339,0],[150.93062612010456,-33.420876591142459,0],[150.93056959271703,-33.421104929985788,0],[150.93056790747755,-33.421176543157905,0],[150.93054918209543,-33.421247878854864,0],[150.93054750583914,-33.421319500906328,0],[150.93052877147392,-33.421390836485834,0],[150.93052541896128,-33.42153407204632,0],[150.9305066836977,-33.4216053984523,0],[150.93050500744135,-33.421677029206066,0],[150.93048628205929,-33.421748364491819,0],[150.93048292954666,-33.421891600212248,0],[150.93046419428305,-33.421962935321723,0],[150.93045333005799,-33.422427090078408,0],[150.93043368120783,-33.423266369946774,0],[150.93044905407729,-33.423338269991767,0],[150.93044201757363,-33.423639056224388,0],[150.93047775704724,-33.42429876919774,0],[150.93049313081499,-33.424370669137417,0],[150.93049112218202,-33.424456607252488,0],[150.93050650493294,-33.424528507061481,0],[150.93050448731685,-33.424614445020289,0],[150.93051819381142,-33.424678528622621,0],[150.93055062568811,-33.424830136379029,0],[150.93054861705514,-33.424916074039274,0],[150.93056399082292,-33.424987974217444,0],[150.9305619830883,-33.425073911721434,0],[150.93057736494086,-33.425145811768893,0],[150.9305753482231,-33.425231749116605,0],[150.93059073007566,-33.425303649783103,0],[150.93058536084519,-33.425532822685426,0],[150.93060074269783,-33.42560471335598,0],[150.93059705870687,-33.42576227388389,0],[150.93061243157629,-33.425834164364424,0],[150.93063816741085,-33.426192813662411,0],[150.93063312965882,-33.426407662153188,0],[150.9306143952935,-33.426479006297249,0],[150.93061071130256,-33.426636557741013,0],[150.93059197603898,-33.426707901696957,0],[150.93059029978264,-33.426779514745697,0],[150.93057157440055,-33.426850850337168,0],[150.93056991611053,-33.426921208229736,0],[150.93056955768273,-33.426936797242824,0],[150.93055082241921,-33.427008131955347,0],[150.93054914616289,-33.42707974550612,0],[150.9305304117976,-33.427151089847527,0],[150.93052706826808,-33.427294324901005,0],[150.93050832402139,-33.427365660819156,0],[150.93050664776507,-33.427437274074961,0],[150.93048791339979,-33.427508618122509,0],[150.9304862371435,-33.427580231260372,0],[150.93044876751469,-33.427722910814964,0],[150.93044709125837,-33.427794524525765,0],[150.93042835689312,-33.42786586827971,0],[150.9304266806368,-33.427937481872526,0],[150.93035140990088,-33.428237156839238,0],[150.93027479438689,-33.428594120607698,0],[150.93011122015682,-33.429021316896247,0],[150.93005976645392,-33.429123452286603,0],[150.92996804756515,-33.429305555474464,0],[150.92989781458127,-33.42939038139297,0],[150.92961314565426,-33.429887237278685,0],[150.92950878657106,-33.429971498855977,0],[150.92947233024194,-33.430071204859786,0],[150.92938570210575,-33.430127104495853,0],[150.92910539899103,-33.430437751169059,0],[150.92877459169273,-33.430718915122675,0],[150.92849459310688,-33.430910098953788,0],[150.92832371287855,-33.431026773834496,0],[150.92739219406491,-33.431455718410319,0],[150.92709885639539,-33.431594203111089,0],[150.92669693845923,-33.431716498193531,0],[150.92665200203373,-33.431730168657261,0],[150.92654966056671,-33.431728492366908,0],[150.92646336390891,-33.431770067507102,0],[150.92636101345869,-33.431768382221328,0],[150.92627471769927,-33.431809956592772,0],[150.92608640206959,-33.431835540234758,0],[150.92608446620019,-33.431835495253821,0],[150.9259840695857,-33.431833854950227,0],[150.92589844576611,-33.431846780961671,0],[150.92579609441754,-33.431845104673528,0],[150.92571047059792,-33.431858021687106,0],[150.92542116726239,-33.431824621869552,0],[150.92487666782597,-33.431758378460195,0],[150.92460610873709,-33.431653643270188,0],[150.92425361790444,-33.43140427426097,0],[150.92373717644756,-33.430991599183173,0],[150.92346639188165,-33.43077520867898,0],[150.92338211283996,-33.430730846459838,0],[150.92304771138222,-33.43043877300169,0],[150.92299889333637,-33.430337676736535,0],[150.92293200478036,-33.430279259010092,0],[150.92282034958041,-33.429947860130866,0],[150.92282573677718,-33.429718687639166,0],[150.92281036300943,-33.429646787630865,0],[150.92281203926572,-33.429575173948891,0],[150.92279802015744,-33.4294459853351,0],[150.92266735211447,-33.429043807324355,0],[150.92263889168964,-33.428956202654561,0],[150.92254193652107,-33.42872533470257,0],[150.92251320749995,-33.428495606446297,0],[150.9224978427153,-33.428423706174542,0],[150.92251657797891,-33.428352370376231,0],[150.92252533565463,-33.42797996223527,0],[150.92254407001982,-33.427908626821988,0],[150.92255653055116,-33.427378666966355,0],[150.92254115678338,-33.427306767268831,0],[150.92254957399757,-33.426948683366753,0],[150.92256831824434,-33.426877347855687,0],[150.92257492445492,-33.426813228390316,0],[150.92284742929465,-33.425736349571828,0],[150.92311579290094,-33.424793635171248,0],[150.92351489641538,-33.423967900051018,0],[150.92380488965713,-33.423263841770442,0],[150.92393739565307,-33.423074002657394,0],[150.9241849174465,-33.422705511863654,0],[150.9242443490873,-33.422601215607017,0],[150.92427390366024,-33.422549341094808,0],[150.92446824249384,-33.422265962866426,0],[150.92453747116122,-33.422224110259599,0],[150.9247686076838,-33.421826692057095,0],[150.92515627294975,-33.421302882196372,0],[150.92556094242559,-33.420642765570378,0],[150.92559980174821,-33.420579371784811,0],[150.92561886759179,-33.420493712498747,0],[150.92570718096738,-33.420366199625711,0],[150.92588646942673,-33.419996587659121,0],[150.92599922775779,-33.419554242485155,0],[150.92600123549246,-33.419468295768525,0],[150.92601997884088,-33.419396951861351,0],[150.92602534807133,-33.419167787505032,0],[150.92600996621869,-33.419095887005525,0],[150.92599660108397,-33.418938049702,0],[150.92593376303145,-33.418707764690488,0],[150.92580901129298,-33.418487484359908,0],[150.92576993817147,-33.418418497010535,0],[150.92573784675622,-33.418332004066301,0],[150.9255552866326,-33.418114071156822,0],[150.9255064685868,-33.418012975534324,0],[150.9254228794513,-33.417939955374351,0],[150.92530753127727,-33.417766116669952,0],[150.92522527703824,-33.417635816517617,0],[150.92506009841708,-33.417403837239206,0],[150.92489326060755,-33.417243489503008,0],[150.92455586506492,-33.417080336434736,0],[150.92445420452086,-33.417050011148326,0],[150.92428534101043,-33.416975601530424,0],[150.92418468478283,-33.416902303068184,0],[150.92410009133081,-33.416872264147386,0],[150.92408523858589,-33.41685927592129,0],[150.92401650219531,-33.416799243778037,0],[150.92383092103742,-33.416710231351132,0],[150.92354300739558,-33.416619534002912,0],[150.92337381240677,-33.416559439459391,0],[150.92301936773836,-33.416396008424151,0],[150.92296921389774,-33.41635219222055,0],[150.92278363273985,-33.41626318008521,0],[150.92259737874377,-33.416202807862902,0],[150.92186605308441,-33.416104822508053,0],[150.92161023894266,-33.416100627278645,0],[150.92154202267662,-33.416099507051129,0],[150.9211577368728,-33.416125421493881,0],[150.92102937300857,-33.416134072136671,0],[150.92094342579549,-33.416161321993322,0],[150.92056823004404,-33.416155163745408,0],[150.92003819887353,-33.416203757880695,0],[150.91986765012359,-33.416200952066497,0],[150.91858554131244,-33.416308833382466,0],[150.91848415834781,-33.416323722473678,0],[150.91788360763093,-33.416411919498145,0],[150.91778128413011,-33.416410233914206,0],[150.91769533691703,-33.416437484434013,0],[150.9175070581183,-33.416463041114383,0],[150.91719737919547,-33.416572562696778,0],[150.91707766520915,-33.416584933119516,0],[150.91633959769356,-33.416773382773009,0],[150.91615131889486,-33.416798948352266,0],[150.91607966028465,-33.416820165767838,0],[150.91560152209323,-33.416961832767377,0],[150.91541291091787,-33.417001713661492,0],[150.91524101738995,-33.417056196325937,0],[150.91513868490605,-33.417054511504297,0],[150.91488050370347,-33.417150560531731,0],[150.91477817121955,-33.417148874962123,0],[150.91450294089125,-33.417244628460942,0],[150.91440060840731,-33.417242951890849,0],[150.91412536909584,-33.417338723281304,0],[150.91402304559512,-33.417337037715363,0],[150.91393675792051,-33.417378595004678,0],[150.9136458142612,-33.417416799140668,0],[150.91355952748492,-33.417458356391819,0],[150.91353516337779,-33.417460498587204,0],[150.91328597341294,-33.417482496388836,0],[150.91270308177786,-33.417601842875882,0],[150.9120867449665,-33.417691975345626,0],[150.91198408100419,-33.417704614788462,0],[150.91189812480795,-33.417731856654257,0],[150.91179580130725,-33.41773016209828,0],[150.91170951453088,-33.417771728197103,0],[150.91123063163607,-33.417821137962939,0],[150.91095741802562,-33.417830952880365,0],[150.91090692462183,-33.417801470634579,0],[150.9108039192997,-33.417828425295546,0],[150.91054810515791,-33.417824203156535,0],[150.91027319732484,-33.417905632443855,0],[150.91020498195707,-33.417904502492213,0],[150.90999863085145,-33.417972745697128,0],[150.90981001069298,-33.418012617129371,0],[150.90934784634388,-33.41807662012733,0],[150.90899840349505,-33.418063676319619,0],[150.9089723002495,-33.418084750214263,0],[150.90885291774151,-33.418082769241401,0],[150.90863053979291,-33.41810775184036,0],[150.90826445026352,-33.418104381488035,0],[150.90801483090394,-33.418148753159073,0],[150.90764317541297,-33.418209771105381,0],[150.90741574084765,-33.418226417400135,0],[150.90706073113898,-33.418198682321425,0],[150.90669462454159,-33.418209771105381,0],[150.9063007743749,-33.418348452390894,0],[150.90576388546557,-33.418539314061768,0],[150.9055488126169,-33.418558290660542,0],[150.90473290248872,-33.418430150363939,0],[150.90456269420025,-33.418413002493622,0],[150.90447776028677,-33.418397270238124,0],[150.90429016241106,-33.4183941600769,0],[150.90418355394638,-33.418390923949531,0],[150.90325016124706,-33.418362607080098,0],[150.90316455539372,-33.418375514852968,0],[150.90306222290982,-33.418373821059362,0],[150.90263653195797,-33.418338108174353,0],[150.90195299307845,-33.418384084293457,0],[150.90183327010899,-33.418396428215225,0],[150.90155869465249,-33.418463523094033,0],[150.9015196745315,-33.418486569607602,0],[150.90103957262284,-33.418770145370459,0],[150.9007615907548,-33.418980466987172,0],[150.9006050431469,-33.419106823467168,0],[150.90022506925644,-33.419301117509249,0],[150.90006988529112,-33.419347075873269,0],[150.89995015333844,-33.41938252816643,0],[150.89977756092122,-33.419465642266864,0],[150.89943305700976,-33.419603203613654,0],[150.8989661145217,-33.419867704198687,0],[150.89832384514469,-33.420329877988159,0],[150.89818398913312,-33.420470844965529,0],[150.89800731836448,-33.42072582598005,0],[150.8980052477477,-33.420728246262321,0],[150.89781426052841,-33.420951870156458,0],[150.89776139108071,-33.421022649704881,0],[150.89765531172372,-33.421178497818083,0],[150.89756799368152,-33.421263019022909,0],[150.8974278052932,-33.421418311123887,0],[150.89711332218019,-33.421728312671725,0],[150.89664338560735,-33.422206514029391,0],[150.89643413923159,-33.422499465418063,0],[150.89628775785769,-33.42270439996873,0],[150.8961275352419,-33.423001510834474,0],[150.89600507869903,-33.423128432027731,0],[150.89584577955142,-33.423369366079243,0],[150.89580996012776,-33.423440414318129,0],[150.89580313832147,-33.423726876190841,0],[150.89578437700678,-33.423798212041611,0],[150.89575691101697,-33.42386306624028,0],[150.89574822520652,-33.423883584661795,0],[150.89555720205456,-33.424023691904999,0],[150.8954511137145,-33.424179539129632,0],[150.89543235239978,-33.424250874608433,0],[150.89543064919394,-33.424322488184607,0],[150.89539312566626,-33.424465149851713,0],[150.89535662442134,-33.424564847185664,0],[150.89526997831891,-33.424620719628315,0],[150.89511657840774,-33.424728986347638,0],[150.89501139467109,-33.424692817233662,0],[150.89491631338817,-33.424700427128919,0],[150.89485545701925,-33.424734652156047,0],[150.89482122402038,-33.424784096946176,0],[150.89475656687952,-33.424924831769054,0],[150.89476797817858,-33.424993289879978,0],[150.89483335217508,-33.425043317820816,0],[150.89481083500417,-33.425272203510886,0],[150.8946823265112,-33.42550882587706,0],[150.89459087621859,-33.425590111505514,0],[150.89445878344767,-33.425717121881391,0],[150.89428604730003,-33.425986390880922,0],[150.89394207249623,-33.426145869277356,0],[150.89386728595218,-33.426202189790949,0],[150.89367762644287,-33.426284998970594,0],[150.893625428935,-33.426327121021693,0],[150.89307963053469,-33.426318031303275,0],[150.89288962966558,-33.426415164686908,0],[150.89276784506245,-33.426513436798253,0],[150.89269654577836,-33.42664120979456,0],[150.89267743412074,-33.426726869762817,0],[150.89262422421146,-33.426811946360402,0],[150.89252483191353,-33.427023057447755,0],[150.89253381326972,-33.42702537859099,0],[150.89251026483288,-33.427297229319905,0],[150.89253891390391,-33.427526958498646,0],[150.89278041249335,-33.428132789258051,0],[150.89279371474603,-33.42829062708914,0],[150.8925044653094,-33.428915738731575,0],[150.89234718287955,-33.429766043926179,0],[150.89241907415345,-33.430405032276859,0],[150.89240031283876,-33.430476367887536,0],[150.89242417478764,-33.430906621143173,0],[150.89241147260947,-33.431189371415584,0],[150.89257003693521,-33.431482467166859,0],[150.8932667352353,-33.432083071289867,0],[150.89392980959431,-33.432539534990383,0],[150.89433341276998,-33.432784583367976,0],[150.89463132196599,-33.432899896572458,0],[150.89511180026872,-33.433101702183144,0],[150.89591901560325,-33.433442844447853,0],[150.89631301848345,-33.433601408045291,0],[150.89654845703802,-33.433687892523849,0],[150.89670701238055,-33.433726330125502,0],[150.89694705839415,-33.433733026136458,0],[150.89733801329066,-33.433796841373713,0],[150.89738170375284,-33.433822361458162,0],[150.89756446150579,-33.434084333589674,0],[150.89781694110127,-33.434504717694963,0],[150.897783308177,-33.434586406461172,0],[150.89772564262401,-33.434658477047478,0],[150.89756376261653,-33.434776155926322,0],[150.8973522390115,-33.435064598457629,0],[150.8967810811707,-33.435615238432796,0],[150.89673143038667,-33.435681661062745,0],[150.89625553259356,-33.43634790935085,0],[150.89590337323921,-33.436462127841367,0],[150.89559880393369,-33.436452608140243,0],[150.89518953598181,-33.436328878168645,0],[150.89458990873308,-33.436033819721068,0],[150.89403787961794,-33.436052859214065,0],[150.89366668136944,-33.435995749718231,0],[150.89221009727228,-33.435588534429691,0],[150.89204156524008,-33.435499754917551,0],[150.89195764462625,-33.435441040805493,0],[150.8911129506798,-33.435083082669948,0],[150.89092702906035,-33.435008331672528,0],[150.89023074308702,-33.434758434049272,0],[150.88959304523652,-33.434863124261319,0],[150.88827006038494,-33.435415162114339,0],[150.88793338259626,-33.435678891111515,0],[150.8876989923757,-33.435862500828641,0],[150.88681383471555,-33.436452608140243,0],[150.88611505681558,-33.436728555357185,0],[150.88604747745507,-33.437530365255085,0],[150.88577215819359,-33.438159869878454,0],[150.88575360259307,-33.438230264330564,0],[150.88562510398151,-33.438443220956145,0],[150.88548352679786,-33.438766830308289,0],[150.88543593674902,-33.439141596189828,0],[150.88539668396439,-33.439322435491519,0],[150.8853859715546,-33.43953777696089,0],[150.8853824043446,-33.439694816700559,0],[150.8853859715546,-33.439879223753053,0],[150.88543356160343,-33.440056495619324,0],[150.88544784122314,-33.440187370051845,0],[150.88544784122314,-33.4402765975316,0],[150.88545260139583,-33.440453868585941,0],[150.88550375865466,-33.440701328582215,0],[150.88556540374435,-33.440850865680225,0],[150.88555820554402,-33.441151651941858,0],[150.8855735523623,-33.441223552163102,0],[150.88560012093518,-33.441539218900722,0],[150.88567821507604,-33.441841430005226,0],[150.88569230694793,-33.441970609911216,0],[150.88583132932297,-33.443245073278163,0],[150.88590212644883,-33.443894172373909,0],[150.88590007379841,-33.443980110646251,0],[150.88586047067085,-33.444208700534446,0],[150.88571815866518,-33.444449912626034,0],[150.88561271531543,-33.444577102283013,0],[150.88533393574346,-33.44481602866216,0],[150.88486617758508,-33.445172337324792,0],[150.88470811541762,-33.445292732611144,0],[150.88455874894203,-33.445413217678066,0],[150.88300360618342,-33.446441359103581,0],[150.88284727417118,-33.446577217435319,0],[150.88144101369613,-33.447512339913501,0],[150.88083060307071,-33.447961175304165,0],[150.88071289681903,-33.448047721922826,0],[150.88059660721058,-33.448378591459743,0],[150.88001878027714,-33.448681726900766,0],[150.87963394739927,-33.448840550470656,0],[150.87925666216645,-33.448918608487922,0],[150.87807169627183,-33.449282663190857,0],[150.87766480256724,-33.449589616567579,0],[150.87720794456655,-33.450017915479428,0],[150.87684389061957,-33.450246344798295,0],[150.87676908610922,-33.450366148414936,0],[150.8765366416396,-33.450738422256975,0],[150.87536025375755,-33.451483588741041,0],[150.87529028937001,-33.451554054827994,0],[150.87522688717553,-33.451684525167209,0],[150.87520049736747,-33.451738820419635,0],[150.87520561596796,-33.451768240171191,0],[150.87526046620087,-33.452083718635237,0],[150.87525701487351,-33.4522269447626,0],[150.87523823559255,-33.452298262432635,0],[150.8750279857986,-33.452523993530662,0],[150.87476793160869,-33.452691565741375,0],[150.87459317874317,-33.452860572920891,0],[150.87457612063429,-33.452860285862371,0],[150.87448770844404,-33.452987762236653,0],[150.87441360372128,-33.453230104139351,0],[150.87441016137714,-33.453373330621851,0],[150.8744739130162,-33.453560668348338,0],[150.8745895486511,-33.453720236223489,0],[150.87460660676007,-33.453720523279188,0],[150.87477514777535,-33.453809320121074,0],[150.87485907737238,-33.453868052531064,0],[150.87521529711174,-33.453960013571063,0],[150.87531697562213,-33.453990374678355,0],[150.87550257474635,-33.454079468041776,0],[150.87566974403424,-33.454225562911994,0],[150.87590170431196,-33.45451603184425,0],[150.87593410923918,-33.454588218533473,0],[150.87601768939152,-33.454661265570756,0],[150.87608387097347,-33.454748351127485,0],[150.87618485867938,-33.454807360959734,0],[150.87626843883172,-33.454880408561905,0],[150.87641806581871,-33.454959246600005,0],[150.87643698883019,-33.454969214708875,0],[150.87660587929008,-33.455043695932233,0],[150.87670755780047,-33.455074057409561,0],[150.87687610690062,-33.455162863358169,0],[150.87704327618846,-33.455308957902034,0],[150.87714392433119,-33.455382292881318,0],[150.87722716312379,-33.455469655770074,0],[150.87732747978819,-33.455557314614126,0],[150.87749532101589,-33.455674760537974,0],[150.87759666804786,-33.45571945476194,0],[150.87776521714801,-33.455808251805351,0],[150.87784914674504,-33.455866974617187,0],[150.87822174367034,-33.455987863200725,0],[150.87839098357495,-33.456048011387686,0],[150.87849267106844,-33.456078381506991,0],[150.87857694202526,-33.456122780231041,0],[150.87865851354462,-33.456147135065017,0],[150.87867862862049,-33.456153141330553,0],[150.87876255911576,-33.456211872902479,0],[150.87903279570949,-33.456331040221933,0],[150.87911706666625,-33.456375429822955,0],[150.87913650890397,-33.456405055604506,0],[150.87930303320144,-33.456450189390338,0],[150.87938778745186,-33.456477395111698,0],[150.87947344720408,-33.456526885519587,0],[150.87963905701659,-33.456587795541374,0],[150.87993030520479,-33.456684875554643,0],[150.87997408549847,-33.456696304176106,0],[150.88001405603706,-33.456700105472137,0],[150.88023487451028,-33.456740084273846,0],[150.88033576429984,-33.456738175382583,0],[150.8805946434934,-33.456755314181628,0],[150.88098527589469,-33.456764977800681,0],[150.88106989629611,-33.456795051629818,0],[150.88114043380881,-33.456805503682631,0],[150.88119199441121,-33.4568100034761,0],[150.88127803055755,-33.456812414507922,0],[150.88174820967558,-33.456816224792426,0],[150.88252119111291,-33.456776388424409,0],[150.88277678157419,-33.456794988674709,0],[150.88294671138493,-33.456826505964521,0],[150.88313439010901,-33.456829625990473,0],[150.88328726181078,-33.456860856222427,0],[150.88338963112562,-33.456862568001533,0],[150.8837465587375,-33.45692585434081,0],[150.88392473508253,-33.456943468263425,0],[150.88514289552353,-33.457063854704323,0],[150.88556910570165,-33.457085314096368,0],[150.88582537708589,-33.457075265288708,0],[150.88601409605914,-33.457035438782746,0],[150.88644407107662,-33.456899338268158,0],[150.88657179893357,-33.456891746185939,0],[150.88682011932923,-33.45687697347595,0],[150.88690508827705,-33.456892723488536,0],[150.8870074656767,-33.456894426273472,0],[150.8871603373785,-33.456925639244375,0],[150.88726270669335,-33.456927351022216,0],[150.88743264548722,-33.456958859270372,0],[150.88760291665776,-33.456976025755964,0],[150.88785885566531,-33.456980301450706,0],[150.88819940609125,-33.45701465089823,0],[150.88847205466141,-33.457033529148532,0],[150.88872730376286,-33.457066453844476,0],[150.889104723743,-33.45698679106308,0],[150.88921318812706,-33.456928668581519,0],[150.88967530756031,-33.456681075007417,0],[150.89009095894062,-33.456430092376145,0],[150.89038340817629,-33.456334670654797,0],[150.89057211816635,-33.456294834815004,0],[150.89112255097518,-33.45611774228108,0],[150.89122663247895,-33.456047841257423,0],[150.89169130672096,-33.455829057216981,0],[150.89187775744804,-33.4557412644916,0],[150.89276269951259,-33.455176954333332,0],[150.89407728511614,-33.454080399657258,0],[150.89517383971886,-33.452894071069672,0],[150.89584980490216,-33.452272132439013,0],[150.89602860018644,-33.452230431462233,0],[150.8963005579522,-33.452277950097688,0],[150.89638620063639,-33.452265041370623,0],[150.89648856905296,-33.452266744995939,0],[150.89684821227186,-33.452215417366851,0],[150.89712119321877,-33.452219961619335,0],[150.89727304263772,-33.452294120668377,0],[150.89737403932679,-33.452353121677689,0],[150.89754090408576,-33.452513513979639,0],[150.89755045048233,-33.452528412600003,0],[150.89790294131501,-33.453078352628545,0],[150.89800224467973,-33.453208957832459,0],[150.89824792941837,-33.453642904289943,0],[150.89841274961177,-33.453889233903297,0],[150.89856118453434,-33.454106637781955,0],[150.89859326606808,-33.454193140044119,0],[150.89864308843036,-33.454251289092468,0],[150.89877226796483,-33.454533430404531,0],[150.89882156121945,-33.454641123922336,0],[150.89887104222191,-33.454713588565987,0],[150.89894884980029,-33.455030107087822,0],[150.89899423448506,-33.455274446640786,0],[150.89900106527443,-33.455704430777956,0],[150.89898230306147,-33.455775766573389,0],[150.89897888766671,-33.455918992598598,0],[150.89888437142409,-33.456304300625213,0],[150.89888266821833,-33.456375913980345,0],[150.89886389792045,-33.456447249223331,0],[150.89885668175384,-33.456750321236406,0],[150.89885639519122,-33.456762350921259,0],[150.8989485452714,-33.457193751658984,0],[150.89907753615964,-33.45751112150743,0],[150.89912701806048,-33.457583586000958,0],[150.89919186294921,-33.457727951213933,0],[150.89940616504342,-33.458046746069776,0],[150.89955257336675,-33.458350077798144,0],[150.89961706970919,-33.458508767496326,0],[150.89961536650344,-33.458580380529618,0],[150.89975829744827,-33.458856587864098,0],[150.89997437371511,-33.459274129945314,0],[150.90033612438174,-33.45985328381996,0],[150.90035422273979,-33.459877092014139,0],[150.90040233201481,-33.459940359665389,0],[150.90048423591082,-33.460085011735899,0],[150.90074804595699,-33.460476262249024,0],[150.90140398499764,-33.461604791177265,0],[150.90159182541851,-33.461879833267368,0],[150.90160192787221,-33.461894650839668,0],[150.90176542215221,-33.462198269622405,0],[150.90197837946837,-33.462574344666258,0],[150.90214321762809,-33.462820674385817,0],[150.90217564052159,-33.462892852662073,0],[150.90222479004581,-33.462979642176535,0],[150.90233912581851,-33.463196471695746,0],[150.90242240054366,-33.463283825961355,0],[150.90258622630205,-33.46357311120935,0],[150.90279640512904,-33.463893483801279,0],[150.90308042906568,-33.46432640855852,0],[150.90325893688902,-33.464716243052315,0],[150.90325689322177,-33.464802180175809,0],[150.90330639219059,-33.464874645319675,0],[150.90333643095536,-33.465047084960361,0],[150.90351325443757,-33.465508533265364,0],[150.90366137494985,-33.465740252059547,0],[150.90369379784337,-33.465812430152909,0],[150.90380336446026,-33.465963490923187,0],[150.90392520296226,-33.466131502528043,0],[150.90405831801601,-33.466276997066885,0],[150.90417232231039,-33.466508142028168,0],[150.90426722393028,-33.466824956210445,0],[150.90432628726185,-33.467212800365132,0],[150.90435360952122,-33.467499827377651,0],[150.904386041398,-33.467572014496987,0],[150.90438433819216,-33.467643627537051,0],[150.90444715737999,-33.467873930308393,0],[150.90444511371271,-33.467959868047977,0],[150.90449831553707,-33.46810330025361,0],[150.90454136909369,-33.468219375074909,0],[150.9045400153326,-33.468276672427585,0],[150.90458950531823,-33.468349137664092,0],[150.90457994993858,-33.468391967676261,0],[150.90460282643559,-33.468506975015472,0],[150.90460258389044,-33.469954164697263,0],[150.90459423854148,-33.470088275421709,0],[150.90457854227853,-33.470340700723163,0],[150.90457498405169,-33.470397900007406,0],[150.90453098906065,-33.470812699346759,0],[150.90452928585481,-33.470884321698541,0],[150.90448317533134,-33.471067545162974,0],[150.90386851477624,-33.471989553189125,0],[150.90258359962812,-33.47277477069894,0],[150.90125110431268,-33.473274459311128,0],[150.89960927951904,-33.473631377877155,0],[150.89796744664056,-33.473631377877155,0],[150.89693912537192,-33.473600164926836,0],[150.89630857182283,-33.473567446579302,0],[150.89593975860149,-33.473510929021771,0],[150.89574344706747,-33.473496057236176,0],[150.89555606388913,-33.473472267019773,0],[150.89534191450852,-33.473466315156045,0],[150.89512776512794,-33.473448467804936,0],[150.89486602569858,-33.473430620450166,0],[150.89473862931996,-33.473390040895929,0],[150.89471037550763,-33.47338104078208,0],[150.89428602933367,-33.473308674167832,0],[150.89399752370207,-33.473296779409388,0],[150.89364454867749,-33.473232767687009,0],[150.89350392191133,-33.473210635652606,0],[150.89337186507302,-33.4731942134636,0],[150.89321980904145,-33.473176366056471,0],[150.89297496692257,-33.473153525895889,0],[150.89283648174012,-33.473094282772941,0],[150.89265731006168,-33.473042883549894,0],[150.89250668863968,-33.47299719416047,0],[150.89239818832309,-33.472967218868604,0],[150.89228182684937,-33.47296293347182,0],[150.89217118494909,-33.472965076544909,0],[150.89208552519685,-33.472963641585118,0],[150.89201556979242,-33.472956506500218,0],[150.89191206321044,-33.47294294444211,0],[150.89182426097622,-33.472922954658479,0],[150.89173003129622,-33.472907249520667,0],[150.89162295660591,-33.472895121666468,0],[150.89133170751944,-33.472856567292816,0],[150.8911339802406,-33.472808027362959,0],[150.89081703215047,-33.472759487405931,0],[150.89049461511689,-33.472683840461066,0],[150.89021478721094,-33.472617210878859,0],[150.89002062714209,-33.472562010772549,0],[150.88985881810152,-33.472522031774254,0],[150.88965323864875,-33.472487770897771,0],[150.88948571991622,-33.472442081964921,0],[150.8893067898847,-33.472415432012106,0],[150.88911072089581,-33.472388782051098,0],[150.88895082077525,-33.472365941682924,0],[150.88880995236229,-33.47235261257449,0],[150.88866147252392,-33.472333581799241,0],[150.88845779300797,-33.472299312605585,0],[150.88828266374841,-33.472265052390377,0],[150.88813799456346,-33.47222317219812,0],[150.88798951472509,-33.472164162231046,0],[150.88784103578502,-33.472122282739377,0],[150.887629745742,-33.4720670823178,0],[150.88724036828717,-33.47211538062794,0],[150.88713866282731,-33.472085019873482,0],[150.88705436581935,-33.472040630073892,0],[150.88695231989809,-33.472024584578357,0],[150.88678304406085,-33.47196445422037,0],[150.8865789522182,-33.471932381182185,0],[150.88649431385042,-33.471902306609742,0],[150.88639192746763,-33.471900603370266,0],[150.88630728999817,-33.471870520544101,0],[150.88620524407685,-33.471854484009107,0],[150.88612060570912,-33.471824418401653,0],[150.88601855978774,-33.471808381858082,0],[150.88593392231829,-33.471778307991947,0],[150.88583187639702,-33.471762271439907,0],[150.88574723802924,-33.471732197557742,0],[150.88564484266328,-33.471730485322901,0],[150.88556021327867,-33.471700410680356,0],[150.88545815837421,-33.471684374113885,0],[150.88542530608595,-33.471672694192314,0],[150.88537352090475,-33.471654291212658,0],[150.8852714749834,-33.471638263629679,0],[150.8848987972097,-33.471517402115566,0],[150.88481450918491,-33.471472994790403,0],[150.88471280372505,-33.471442642802955,0],[150.88446061159053,-33.471280807070229,0],[150.88435890613067,-33.471250446023369,0],[150.88427461720755,-33.47120604755353,0],[150.88417257128629,-33.471190010895562,0],[150.88400192461992,-33.471187151407982,0],[150.88381351915874,-33.471212662739646,0],[150.88319850107419,-33.47123102085262,0],[150.88302854341575,-33.471199512546448,0],[150.88288291483008,-33.471197083930569,0],[150.88284082875899,-33.471196366810723,0],[150.88256882607746,-33.471148830818478,0],[150.88239955922344,-33.471088672876498,0],[150.88229854366978,-33.471029672627701,0],[150.88214667628449,-33.470955486142223,0],[150.88196034233835,-33.470895042565878,0],[150.88185829641699,-33.470879005850385,0],[150.88121569556162,-33.470624643557535,0],[150.88043416216277,-33.470468258552252,0],[150.88036238677157,-33.470461015355767,0],[150.88026385505967,-33.470451074506002,0],[150.8799918613613,-33.470403520120556,0],[150.87988947408019,-33.470401808608813,0],[150.87903658749826,-33.470373168507876,0],[150.878917483468,-33.470356835702994,0],[150.87876389401231,-33.47035426318854,0],[150.87850723814913,-33.470378609528318,0],[150.87842225931982,-33.470362850725614,0],[150.87831987293706,-33.470361138463701,0],[150.87813285716962,-33.470329334597743,0],[150.8780485691448,-33.470284935655989,0],[150.87794686368497,-33.470254566017381,0],[150.87786257566017,-33.470210167037308,0],[150.87776087918351,-33.470179806364705,0],[150.87773271430444,-33.470167391127546,0],[150.87759196177407,-33.470105324656735,0],[150.87704761505125,-33.470024541586781,0],[150.87668926181308,-33.470018517548482,0],[150.87597014425847,-33.470106731937832,0],[150.8757994975922,-33.47010386342231,0],[150.87564660792407,-33.470072641707858,0],[150.87539065005188,-33.470068338932876,0],[150.8752182732303,-33.470137083643841,0],[150.87511180759779,-33.470184638175489,0],[150.8749053226432,-33.470276868159758,0],[150.87474604146189,-33.470334390455555,0],[150.87440977599985,-33.47038748406343,0],[150.87412660366613,-33.470515794168456,0],[150.87380803232028,-33.470701626135551,0],[150.87346291935103,-33.470719321185847,0],[150.87271075187883,-33.470984798961034,0],[150.87245004371539,-33.471201547757971,0],[150.87223644051051,-33.471376075960272,0],[150.87186223021089,-33.471684248974583,0],[150.87146600489865,-33.472074970556577,0],[150.8709322088888,-33.472311602398896,0],[150.87046445073045,-33.472416158113838,0],[150.87020303379626,-33.472544970263506,0],[150.87008473645315,-33.472603262863039,0],[150.86998857988686,-33.472780068446937,0],[150.86991414278742,-33.472916939813587,0],[150.86996917268343,-33.473109548772378,0],[150.87009574351032,-33.473461743542977,0],[150.87024432216336,-33.473962525194636,0],[150.87002970655715,-33.474600877013422,0],[150.86993614881692,-33.47521722223749,0],[150.87015694123906,-33.475771662514042,0],[150.87018378828964,-33.475839071191999,0],[150.87053944298876,-33.476403936948003,0],[150.87058489953876,-33.476476123394058,0],[150.87090571128292,-33.476965233891818,0],[150.87132051016198,-33.477480770490303,0],[150.87196048434342,-33.478085193634222,0],[150.8726926355545,-33.478731084269633,0],[150.87307052086192,-33.47904274446995,0],[150.87361586291806,-33.479492512064681,0],[150.87434873996784,-33.480158759454568,0],[150.87573687513537,-33.481207473246577,0],[150.87586995425653,-33.481352994921451,0],[150.87597095992876,-33.481441235983624,0],[150.87629038287747,-33.48180534442465,0],[150.87672820108571,-33.482357381669317,0],[150.87694075505831,-33.482689497372135,0],[150.8770635080453,-33.482759828703543,0],[150.87721110034815,-33.482943500575502,0],[150.87734884981046,-33.483189489935967,0],[150.87752616646773,-33.483521489313894,0],[150.87766094879464,-33.483699397216874,0],[150.87817491629121,-33.485012862350658,0],[150.87840333630839,-33.486602337320598,0],[150.87821298599462,-33.487982431689197,0],[150.87756576869705,-33.489448177007212,0],[150.87667864821802,-33.49069329109998,0],[150.87656419656264,-33.490807160811706,0],[150.87653046482367,-33.490852652766321,0],[150.87611528955048,-33.491222255750309,0],[150.87584648666802,-33.49150711305397,0],[150.87529283519552,-33.491920343718157,0],[150.87494780307463,-33.492297476437628,0],[150.87451049510949,-33.492726752485773,0],[150.8742205728347,-33.492921100386376,0],[150.87412424648682,-33.49305188453193,0],[150.87411803373831,-33.493075487327388,0],[150.87405550111308,-33.493312978767477,0],[150.87374843988096,-33.493568183163248,0],[150.87358793160092,-33.493697542203144,0],[150.87340404376732,-33.493702320262017,0],[150.87321274393432,-33.493745705593973,0],[150.87293468121788,-33.493988271398358,0],[150.87283804944281,-33.494197319890276,0],[150.87282664712689,-33.494298505771553,0],[150.87248140839353,-33.494547139556218,0],[150.87196757564425,-33.494927328547753,0],[150.87150212974947,-33.495275265688903,0],[150.87112654772244,-33.495563287471775,0],[150.87091545530876,-33.495685099045872,0],[150.87071179375914,-33.495758172873195,0],[150.87044437068894,-33.49592835385824,0],[150.87003108636944,-33.496122836906437,0],[150.86961780204993,-33.496414569274499,0],[150.86937469008623,-33.49658474147806,0],[150.86913157812262,-33.496803543237249,0],[150.86896140576673,-33.497022354181972,0],[150.86879122532608,-33.497314060296389,0],[150.86862105297024,-33.497678732758381,0],[150.86854812144725,-33.497970474116599,0],[150.86840225121483,-33.498310818814602,0],[150.86838930649159,-33.498486754654074,0],[150.86836529272739,-33.498813034419392,0],[150.86837374587421,-33.49887433047116,0],[150.8684441755891,-33.499071699178174,0],[150.86849088708556,-33.499202608870839,0],[150.868663371705,-33.499543473841229,0],[150.86900442428907,-33.499817331789728,0],[150.86934604101523,-33.500067901858507,0],[150.86963119503253,-33.500352445406044,0],[150.8699711085529,-33.5006728902462,0],[150.8700835174393,-33.500818590455097,0],[150.87030817261714,-33.501109812604554,0],[150.87060352610615,-33.501545999409238,0],[150.87103821638055,-33.501972935932656,0],[150.8714093795947,-33.502154089118754,0],[150.87172549404823,-33.502310994456145,0],[150.8719382717014,-33.502333449395984,0],[150.87225274672949,-33.502366661003094,0],[150.87265400081071,-33.50245511736027,0],[150.87309726101299,-33.502532646936871,0],[150.87355527514543,-33.502575468288313,0],[150.87415577196336,-33.502480907126447,0],[150.87456822264627,-33.502359373282303,0],[150.87460415974925,-33.50234878664763,0],[150.87494272040678,-33.502156518364849,0],[150.87518281133615,-33.502009159708713,0],[150.8756499424704,-33.501679267202519,0],[150.87604412411537,-33.501487957752495,0],[150.87639886522783,-33.501202751254596,0],[150.87669516913436,-33.500989237909863,0],[150.87680950490716,-33.500906831908829,0],[150.87712167575657,-33.500655858263464,0],[150.87749117079923,-33.500335942966558,0],[150.87770627958051,-33.500071639826437,0],[150.87815777733394,-33.499811380238029,0],[150.8784968931503,-33.499595804945905,0],[150.8786386679634,-33.499451278761363,0],[150.8786566675067,-33.499318889975662,0],[150.87874436194309,-33.499145624869897,0],[150.87908603256813,-33.498825234304299,0],[150.87952196072098,-33.498425226104978,0],[150.87954129516086,-33.498365293109103,0],[150.87954197698218,-33.498336661503885,0],[150.87962940282225,-33.498252158473136,0],[150.8796425254119,-33.498234615871837,0],[150.87994699590274,-33.497827632966036,0],[150.88010545243068,-33.497629690598686,0],[150.88130322830128,-33.496622874772513,0],[150.88210035016522,-33.495716302540323,0],[150.88262621315278,-33.495221373774342,0],[150.88304261732125,-33.494869215031009,0],[150.88318062639669,-33.494731205947637,0],[150.88325915083061,-33.494647921242908,0],[150.8833567060739,-33.494540846783664,0],[150.88348519570218,-33.494424252113447,0],[150.88367079482643,-33.494283867541213,0],[150.88378262968942,-33.494136338163742,0],[150.88384687450355,-33.494060198220438,0],[150.88399440392436,-33.493922188596656,0],[150.88408719899491,-33.493805593842495,0],[150.8841918976413,-33.493660449684072,0],[150.88422044789763,-33.493619994974814,0],[150.88427755739352,-33.4935581348401,0],[150.88447267686314,-33.493336840697658,0],[150.88466778645125,-33.493144105904705,0],[150.88479628506272,-33.492994201268537,0],[150.88542463324779,-33.492302657621302,0],[150.88559978945685,-33.492119317247848,0],[150.88565271280345,-33.492048555257483,0],[150.88575787857377,-33.491935690306285,0],[150.88581149182656,-33.491836288417623,0],[150.88605835066326,-33.491510860381538,0],[150.88612869144498,-33.491426060761107,0],[150.88619971314964,-33.491312612895356,0],[150.88632329887486,-33.491188192558027,0],[150.88654967522481,-33.490960265945063,0],[150.88754179977741,-33.49017445659247,0],[150.88771661552491,-33.490005440509009,0],[150.8878552255733,-33.4899217796657,0],[150.88821435854911,-33.489587808250057,0],[150.88830929610162,-33.48949951330512,0],[150.88839704443691,-33.489400685491717,0],[150.88872992145363,-33.489048033334683,0],[150.8891880882997,-33.488453883191504,0],[150.88924170245079,-33.488354481801245,0],[150.88959198791937,-33.487987792188981,0],[150.88973575160256,-33.487862233538969,0],[150.88982247855333,-33.487786488150569,0],[150.89001053367156,-33.487622240556512,0],[150.89046561749953,-33.487156992427337,0],[150.89071278984824,-33.486817230971234,0],[150.89076605365639,-33.486732153294042,0],[150.89081502441576,-33.486676998142777,0],[150.89085379300849,-33.486633317078116,0],[150.89104805189208,-33.486364316514582,0],[150.89113578226105,-33.486265479878902,0],[150.8911893865307,-33.486166078224528,0],[150.89136349440579,-33.486025693000663,0],[150.89142210049491,-33.485988977046645,0],[150.89151950302451,-33.485927994784028,0],[150.8916908584616,-33.485902196340867,0],[150.89191205422728,-33.485934547410565,0],[150.89201446755959,-33.485936242132766,0],[150.89213427946225,-33.485923925052816,0],[150.89234354380437,-33.48574114057854,0],[150.89250160597186,-33.485557504607613,0],[150.89255521024145,-33.485458102889908,0],[150.89264225968745,-33.485387906361176,0],[150.89284912103614,-33.485305383616968,0],[150.89317238068944,-33.485353762205982,0],[150.89334066119332,-33.485456865930665,0],[150.89342463570605,-33.48551557989385,0],[150.89352600968755,-33.485560256482835,0],[150.89360964373878,-33.485633295400035,0],[150.89362357301559,-33.485639435230496,0],[150.89394757647398,-33.485782205083837,0],[150.89450738589778,-33.485934825368986,0],[150.89472653709788,-33.48605310521198,0],[150.89504466916756,-33.486316314593822,0],[150.89514468040474,-33.486418279872055,0],[150.89568264459746,-33.486771129290041,0],[150.89583665446472,-33.486864452690909,0],[150.8961202570915,-33.487036328624669,0],[150.89632097845521,-33.487211610094349,0],[150.89658552332324,-33.487574229593356,0],[150.89688625592416,-33.487851476562057,0],[150.89700402505795,-33.487925079939849,0],[150.8972054273446,-33.488071712623949,0],[150.89730646894947,-33.488130714003752,0],[150.8974078519141,-33.488175381002605,0],[150.89752527968807,-33.488263308694187,0],[150.89777168218058,-33.488391700210002,0],[150.89806497403603,-33.488544527168742,0],[150.8982315612156,-33.488719243693467,0],[150.89822917618849,-33.488819497242261,0],[150.89810388725752,-33.489061004759847,0],[150.89813529685142,-33.489176155478518,0],[150.89820151346763,-33.489263231828737,0],[150.89831895112303,-33.489351159165011,0],[150.89845379633201,-33.48942504071379,0],[150.89853708004031,-33.489512394760681,0],[150.89865451769569,-33.489600322593148,0],[150.89885763217137,-33.489675332946206,0],[150.89907917738168,-33.48969335975471,0],[150.8993696907479,-33.489683857884494,0],[150.89940506281056,-33.48967198035799,0],[150.89981723501572,-33.489533675304671,0],[150.90003911170442,-33.489537368027278,0],[150.90024120479558,-33.48965535226764,0],[150.90032424685705,-33.48974977910099,0],[150.90040745959845,-33.489844384885409,0],[150.9004736851978,-33.489931460563689,0],[150.90060375316614,-33.490205865849013,0],[150.90063550322157,-33.490306693044182,0],[150.90070104789791,-33.490422409232117,0],[150.90071641178426,-33.490494309049282,0],[150.90094514621171,-33.490927977435526,0],[150.90104346322633,-33.491101537678269,0],[150.90112471225052,-33.491274829371037,0],[150.90117421121931,-33.491347303091707,0],[150.9012384021346,-33.491520308111333,0],[150.90139646430208,-33.49180964742748,0],[150.9014674770236,-33.491939642885733,0],[150.90164808331147,-33.492243539967546,0],[150.90194645873311,-33.492621039864218,0],[150.9022646348202,-33.492884240521569,0],[150.90246503368874,-33.493073837693998,0],[150.90256038356793,-33.493209839446664,0],[150.90286140273145,-33.493639231584368,0],[150.90288799915203,-33.493669942128165,0],[150.90327689241494,-33.494118966282258,0],[150.90337726208,-33.494206607010454,0],[150.90350973124504,-33.494380750255516,0],[150.90372483104315,-33.494670886835536,0],[150.90382519172502,-33.494758527754236,0],[150.90390816281965,-33.494860206660825,0],[150.90402559957673,-33.494948125317315,0],[150.90429190154941,-33.495239114008385,0],[150.90449089275793,-33.495475413638694,0],[150.90452441788432,-33.495515213489497,0],[150.90469102303015,-33.495689912204156,0],[150.9049573250029,-33.495980910388141,0],[150.90515808229924,-33.496156173752986,0],[150.9053929737797,-33.496332020330691,0],[150.90555957892556,-33.496506718895432,0],[150.90577741229714,-33.496682269607462,0],[150.90589485803736,-33.496770188661095,0],[150.9060611397897,-33.496959220729032,0],[150.90614377042277,-33.497075214938668,0],[150.9062106859283,-33.497133641603895,0],[150.90624518842174,-33.49717592476383,0],[150.90629365702287,-33.497235311728211,0],[150.90649407385771,-33.497424908362134,0],[150.90661151959796,-33.497512827410702,0],[150.90696149155457,-33.497876836821519,0],[150.90739409324593,-33.498356848430817,0],[150.9074282364133,-33.498357413257224,0],[150.90751029302288,-33.498424975154457,0],[150.90751736545914,-33.498436099378011,0],[150.90755613495014,-33.498482514716983,0],[150.90777500857081,-33.498615047111571,0],[150.90792661634302,-33.498703476589213,0],[150.9079948945928,-33.498704606237453,0],[150.90809867066937,-33.49875029555146,0],[150.90813009822963,-33.498764135980977,0],[150.90823185758836,-33.498794452177059,0],[150.90843499901345,-33.498869426848565,0],[150.90866893199151,-33.499088156912677,0],[150.9088857799112,-33.499306609257722,0],[150.90910059224848,-33.499610980877961,0],[150.90922552365001,-33.499756610212039,0],[150.90934834850211,-33.500216363484292,0],[150.90945281448487,-33.500449041919325,0],[150.90960424259396,-33.500533733073887,0],[150.90973297476751,-33.500605731614016,0],[150.9101774710515,-33.500744189773414,0],[150.91034602104995,-33.500871612943307,0],[150.91060422830364,-33.501022171373677,0],[150.91096626553281,-33.501089204585881,0],[150.911140453358,-33.501104317333166,0],[150.91129892785222,-33.501167916688694,0],[150.91140586869352,-33.50123466288975,0],[150.91153590881405,-33.501286178720733,0],[150.91168684464643,-33.501314128435794,0],[150.91178891661889,-33.501356500941654,0],[150.91196929922626,-33.50140807962287,0],[150.91209278703511,-33.501424985612097,0],[150.91228034897821,-33.501489069386487,0],[150.9122818824024,-33.501490413984172,0],[150.91240857001031,-33.501600885908339,0],[150.91264121210929,-33.501604803588954,0],[150.91282935705902,-33.501644531706695,0],[150.91303145913338,-33.501708857270614,0],[150.91330713772101,-33.501737864546364,0],[150.91364126968421,-33.501755676105539,0],[150.91397452399337,-33.501810033623563,0],[150.91437990134176,-33.501889965315712,0],[150.91467011916222,-33.501919215231375,0],[150.91487591421068,-33.50190025612153,0],[150.91500542612181,-33.501888306861403,0],[150.91605232005901,-33.501905930371535,0],[150.91647341253494,-33.501937384811342,0],[150.91727254213359,-33.50197519514375,0],[150.91756564624114,-33.50196911714665,0],[150.91802834868105,-33.502000087660996,0],[150.91892984759454,-33.502015236953902,0],[150.9192306071449,-33.501985387061509,0],[150.91945475118132,-33.501963138776176,0],[150.92006631883689,-33.50193686495286,0],[150.92054702980332,-33.50190837760244,0],[150.92102714967828,-33.501904253939685,0],[150.92192058082219,-33.501919251187012,0],[150.92272837018021,-33.501932804213844,0],[150.92327121042831,-33.501948625439283,0],[150.92342451242308,-33.50196545117187,0],[150.92364677448901,-33.501954748382346,0],[150.92413730134655,-33.502018643746673,0],[150.92444061570558,-33.502109018089257,0],[150.92456722246507,-33.502171667630371,0],[150.92500129469855,-33.50238646271648,0],[150.92524353709302,-33.502597644505506,0],[150.92545670012345,-33.502808352368298,0],[150.92558407853576,-33.502956687945058,0],[150.92579898070454,-33.503094312379247,0],[150.92591327156154,-33.503181513309173,0],[150.92614505307449,-33.503221950067321,0],[150.92634832924688,-33.503237538847159,0],[150.92656555356069,-33.503277723893667,0],[150.92669410607112,-33.50337734935016,0],[150.92670642287197,-33.503399051205058,0],[150.92677786588655,-33.50352495960896,0],[150.92680172783543,-33.504353876498442,0],[150.92675986544484,-33.504889268431079,0],[150.92675404795509,-33.505132855424776,0],[150.92667524594171,-33.505387396527745,0],[150.9265926431564,-33.505622467739897,0],[150.9265815992683,-33.505653878133607,0],[150.92626199755483,-33.506245545531705,0],[150.92615265461845,-33.506560494602624,0],[150.9260430161363,-33.506887635283718,0],[150.92586096715414,-33.507201365593133,0],[150.92570770109197,-33.507527771303053,0],[150.92559266642991,-33.507711210124477,0],[150.92552623421801,-33.507817146254339,0],[150.92543529416852,-33.507971245970076,0],[150.92538469296687,-33.508262817065742,0],[150.92524771425909,-33.508516390219036,0],[150.92510985699897,-33.508806491406247,0],[150.92495921761065,-33.50902328562379,0],[150.9248795190787,-33.509314364070093,0],[150.92465645032564,-33.509517756478267,0],[150.92458325020635,-33.509764534700153,0],[150.92457734288504,-33.509784480028436,0],[150.92448398277423,-33.510038779003182,0],[150.92431762107185,-33.510304041140152,0],[150.92416231044399,-33.510715693817829,0],[150.92393603290878,-33.511053053082662,0],[150.92372429460647,-33.511390654455205,0],[150.92346892872396,-33.511727530236335,0],[150.92343229273175,-33.511791998853184,0],[150.92325631186932,-33.512101668346993,0],[150.92301578166374,-33.512426604040542,0],[150.92277612102745,-33.512715001665512,0],[150.92255070407825,-33.513015814915988,0],[150.92228282376553,-33.513267183381743,0],[150.92210569575445,-33.513373863184427,0],[150.92188156968436,-33.513614474587172,0],[150.92185050055195,-33.513647820425398,0],[150.92178473129673,-33.513729841306194,0],[150.92173732091101,-33.513887436431261,0],[150.92160295091074,-33.51403138951369,0],[150.92136530699224,-33.514234531163979,0],[150.92100754574383,-33.51459404910311,0],[150.92082807762142,-33.514798159341048,0],[150.92058985967941,-33.515025656198247,0],[150.92036706042097,-33.515216848843117,0],[150.92021231483349,-33.515362056467502,0],[150.92018846186775,-33.515384430129224,0],[150.91995199204732,-33.515538861638156,0],[150.91965705896985,-33.515704471047158,0],[150.91939090971073,-33.515882765189325,0],[150.91906718473012,-33.516035717374308,0],[150.91880220058593,-33.516165282502463,0],[150.91849330140073,-33.516306295157051,0],[150.91819836023845,-33.516471913582265,0],[150.9179292878614,-33.516527991929848,0],[150.91765737501143,-33.516584653672261,0],[150.91738017288102,-33.516616546903379,0],[150.91709019670736,-33.516575115808344,0],[150.91679992498788,-33.516545866352516,0],[150.91663849323976,-33.516604069419557,0],[150.91643285000657,-33.516685883783907,0],[150.91624233889442,-33.516743611924035,0],[150.91567516957346,-33.51673406509029,0],[150.91544277900275,-33.51671796571253,0],[150.91531161778474,-33.51667423015293,0],[150.9152118481943,-33.516640973857065,0],[150.91489424613073,-33.516538148431017,0],[150.9146202707488,-33.516436075577616,0],[150.91437655781223,-33.516285749175218,0],[150.91413401088892,-33.516086722596221,0],[150.9138024597855,-33.515959299359558,0],[150.91364454134842,-33.515871344375178,0],[150.91345870057742,-33.515734195625669,0],[150.91322865730453,-33.515620658285926,0],[150.91304576570255,-33.515496856324987,0],[150.91252719074691,-33.515145845095326,0],[150.91229948758539,-33.514934877422718,0],[150.91212996021986,-33.514724887383842,0],[150.91200200868235,-33.514600888660944,0],[150.91187288304678,-33.514525600318457,0],[150.91162800499526,-33.514424011919438,0],[150.91146132798423,-33.514277988591573,0],[150.91143049241379,-33.514166673781006,0],[150.9113042880995,-33.513969591899773,0],[150.91122032256993,-33.513904495019943,0],[150.9111757535554,-33.5138699569167,0],[150.91097216387095,-33.513866523627463,0],[150.91089845350865,-33.513784610728358,0],[150.91062404783375,-33.513697203279875,0],[150.91037817444894,-33.513549709985135,0],[150.91013230196242,-33.513303881775997,0],[150.90993559606801,-33.513074457761761,0],[150.90977168137641,-33.512779453069022,0],[150.9095913706343,-33.512566405690485,0],[150.90937827857081,-33.51251725662263,0],[150.90930882622291,-33.51250993305635,0],[150.9090668344584,-33.512484466095025,0],[150.90878817975221,-33.512418921702832,0],[150.90860786990842,-33.512320586671315,0],[150.9084439543185,-33.512107530673042,0],[150.90826364357639,-33.511943651284398,0],[150.90795220844714,-33.51166505089266,0],[150.90772271224824,-33.511402836838414,0],[150.90738030590302,-33.511060502603691,0],[150.90731292417186,-33.510993137818559,0],[150.9070178743134,-33.510632588523201,0],[150.90677199284374,-33.510304820852468,0],[150.90660808623699,-33.509977052689209,0],[150.9065261194589,-33.509714838762719,0],[150.90642776651168,-33.509600117579353,0],[150.90626385182014,-33.509600126567477,0],[150.90605075975662,-33.509649284782427,0],[150.90575280654318,-33.509698945554128,0],[150.90565735784929,-33.509714847750786,0],[150.90534591283858,-33.509747628841858,0],[150.90500169638798,-33.509747628841858,0],[150.90455913597344,-33.509682074886427,0],[150.90414932903235,-33.509534582237421,0],[150.90387067522451,-33.509321535108413,0],[150.9035100546385,-33.509174041844872,0],[150.90325223186377,-33.509223621246939,0],[150.90308387051155,-33.509255990567354,0],[150.90252656199749,-33.509452659994153,0],[150.90193646317897,-33.50964932073483,0],[150.90169059069237,-33.509780436884782,0],[150.9012316351255,-33.51004265136153,0],[150.90084624619055,-33.510210609681515,0],[150.90059235983335,-33.510321260722002,0],[150.90006784162387,-33.510567089166216,0],[150.89939577602718,-33.510812925900055,0],[150.89875650971814,-33.511189861718819,0],[150.89850219216962,-33.511309512923432,0],[150.89819919222091,-33.511452084657428,0],[150.89770744634959,-33.511763466811232,0],[150.89731405252709,-33.5120420758739,0],[150.89705242089553,-33.512249484676346,0],[150.89704711454712,-33.512468698475544,0],[150.89723260587354,-33.51261805633429,0],[150.89734453056809,-33.512802723180563,0],[150.89736944983403,-33.512873807494323,0],[150.89742617395268,-33.513035598464228,0],[150.89752178434327,-33.513293089013388,0],[150.89757347070983,-33.513562008155468,0],[150.89750940466035,-33.513804591829633,0],[150.89750321077651,-33.514060361202517,0],[150.89763055325619,-33.514208732916813,0],[150.89777096442668,-33.514418238877482,0],[150.89801317178683,-33.514629484178293,0],[150.89818325431114,-33.514815127874513,0],[150.89824086596525,-33.514893347408105,0],[150.89846496508596,-33.515197611786121,0],[150.89863476104767,-33.515395438331183,0],[150.8987911460606,-33.515546472547832,0],[150.898948464423,-33.515658790683204,0],[150.89903218740747,-33.515806418939206,0],[150.89923195026876,-33.515968200680312,0],[150.89944684345443,-33.516105869581175,0],[150.89961899659545,-33.51620626592041,0],[150.89965909289816,-33.516353149534012,0],[150.89970962223464,-33.516514367042738,0],[150.89980099257707,-33.51661859078397,0],[150.89985810207293,-33.516667130873998,0],[150.89997088645518,-33.516768495699644,0],[150.89998730855694,-33.516792053082909,0],[150.90001515094085,-33.516808466255625,0],[150.90012008314918,-33.516847728289726,0],[150.90057067540076,-33.517160570937953,0],[150.90075649910381,-33.517297746634931,0],[150.90097110572685,-33.517447588960572,0],[150.90114325886788,-33.51754797625334,0],[150.90135787447409,-33.517697827132814,0],[150.90150035715965,-33.517822076804812,0],[150.90165885770497,-33.517885685593662,0],[150.90188859555067,-33.51801142313262,0],[150.90193683957307,-33.518060536875076,0],[150.90197379806045,-33.518098140946165,0],[150.90217533599281,-33.51818685758024,0],[150.90230387053688,-33.518286501072488,0],[150.90249145942943,-33.518350602318115,0],[150.90266362155364,-33.518450990060828,0],[150.90287734962439,-33.518637369245099,0],[150.90307712955365,-33.518799141947405,0],[150.90319200341725,-33.518862015318319,0],[150.903378122666,-33.518987000263365,0],[150.90354998834616,-33.519099569315877,0],[150.90369307200461,-33.519199464144926,0],[150.90383585023591,-33.519311531890011,0],[150.9040700248608,-33.51940348413104,0],[150.90409527650343,-33.519413398392054,0],[150.90423806371786,-33.519525475595984,0],[150.90435176258501,-33.519637050127749,0],[150.9045329428964,-33.519685446228898,0],[150.90468331368839,-33.519764508388924,0],[150.90492702662499,-33.519914834737506,0],[150.90515736454529,-33.520016208489238,0],[150.90542986938507,-33.520179200097623,0],[150.90574511516775,-33.520379482929059,0],[150.90595827819811,-33.520590216394346,0],[150.90614293678621,-33.520776102678425,0],[150.90615008108765,-33.520788114485832,0],[150.906296740041,-33.521034560997578,0],[150.90652846855332,-33.521283284985749,0],[150.90662365673583,-33.521355238553141,0],[150.90686620455745,-33.521554283715794,0],[150.90693539729222,-33.521701660763505,0],[150.90690131610867,-33.521908208385831,0],[150.90680994576616,-33.52207724230923,0],[150.90664614695723,-33.522232848127572,0],[150.90650967939089,-33.52246204789828,0],[150.90633056161144,-33.522672047613774,0],[150.90631503602833,-33.522690253276707,0],[150.90604942396175,-33.522844146767945,0],[150.9058408234747,-33.523047745517424,0],[150.90567848622476,-33.523142476669534,0],[150.90550103482019,-33.523261312276624,0],[150.9052075094028,-33.523366002685052,0],[150.90498641245179,-33.523484094338166,0],[150.90479294318737,-33.523663579652386,0],[150.90470185132261,-33.523820431758892,0],[150.90463985588988,-33.523977776347166,0],[150.90444843927591,-33.524072005477166,0],[150.90438358540399,-33.524137147127725,0],[150.90432915558259,-33.524191827583721,0],[150.90416827899332,-33.524225657616235,0],[150.90402108194914,-33.524296266739171,0],[150.90382789026418,-33.524463570574454,0],[150.90366526555334,-33.52457047471372,0],[150.90337144459016,-33.524687347045472,0],[150.90304883082558,-33.524791526490816,0],[150.90269653762226,-33.52491957700655,0],[150.90251994680372,-33.525001875517347,0],[150.9023442435207,-33.525047636319179,0],[150.90215252237778,-33.525154038739331,0],[150.9020357216279,-33.525169017728473,0],[150.90181684800731,-33.52519708404261,0],[150.90156694118679,-33.525302508999204,0],[150.90120186495705,-33.525357234399614,0],[150.90092405376888,-33.525413447774831,0],[150.90064859976005,-33.525372222340032,0],[150.90048891523512,-33.525357333250824,0],[150.90031262086063,-33.525427449440755,0],[150.90022181555847,-33.52557210972445,0],[150.89980266883339,-33.526047675959028,0],[150.89977321307524,-33.526074738506679,0],[150.89972604433632,-33.526220142828727,0],[150.89963288185487,-33.526462241688144,0],[150.89952458815068,-33.526728462932596,0],[150.89938868562461,-33.526933272429503,0],[150.8993109499115,-33.527139075923998,0],[150.89918870806594,-33.527380673473161,0],[150.89916622592935,-33.527469641187601,0],[150.89912433748768,-33.527635465889624,0],[150.89898901706991,-33.527815919839455,0],[150.89889644657816,-33.528033654902963,0],[150.89884750276821,-33.528252133772916,0],[150.89879944739209,-33.528434075891028,0],[150.89867719656343,-33.528675681803598,0],[150.89862884474326,-33.528869805949334,0],[150.89856654478163,-33.529039323496676,0],[150.89847455639824,-33.529232703228594,0],[150.89833864488901,-33.529437521022224,0],[150.89826697729561,-33.529579152294438,0],[150.89821638507715,-33.529679127875248,0],[150.89806658830855,-33.529915624014187,0],[150.89800125832951,-33.530150633076062,0],[150.89786504139312,-33.53036764188672,0],[150.89782732113434,-33.530445744766752,0],[150.89774249501869,-33.530621421324504,0],[150.897528766948,-33.530938315465853,0],[150.89736029779792,-33.531191019417413,0],[150.89702765344481,-33.53168356340624,0],[150.89688149575147,-33.532031383467,0],[150.89663336400199,-33.532464899133878,0],[150.89656219856687,-33.532589229429853,0],[150.89609776597177,-33.533247024528528,0],[150.89583958566749,-33.533805901981729,0],[150.89550030815434,-33.534346340490501,0],[150.89540449204955,-33.534466923362224,0],[150.89520591316776,-33.534716856953665,0],[150.89485204162455,-33.535018073661796,0],[150.89451729970526,-33.535370824542682,0],[150.8940211979031,-33.53565255337584,0],[150.89370806765291,-33.535954460195001,0],[150.89354263750346,-33.53607175367916,0],[150.89335542500501,-33.536204492817333,0],[150.89295953925588,-33.536499828694026,0],[150.892720703273,-33.536703840063922,0],[150.89250989742192,-33.536957287167326,0],[150.8922430133409,-33.537111844137534,0],[150.89197464973458,-33.537327580538317,0],[150.89157478444884,-33.537541084325227,0],[150.89153884734588,-33.537552908109724,0],[150.89122111053493,-33.53765744568873,0],[150.89083764938454,-33.537797786102274,0],[150.89046758031839,-33.537987311826697,0],[150.89012763895033,-33.538140631497683,0],[150.88975846640281,-33.538293449226956,0],[150.88936155028608,-33.538384595086761,0],[150.8891754759531,-33.538572722341371,0],[150.8891467648983,-33.538607314224564,0],[150.88911089966058,-33.538678362355647,0],[150.88910987827606,-33.538721308829039,0],[150.88909176195173,-33.538763995462517,0],[150.8890842592225,-33.539079043280452,0],[150.88914982995004,-33.539194732439675,0],[150.88917579036342,-33.539538994170663,0],[150.88901958411529,-33.539823017808118,0],[150.8888549867041,-33.539979323218034,0],[150.88870439223157,-33.540160341415159,0],[150.88868290542825,-33.540188470250158,0],[150.8885382982271,-33.540377817024385,0],[150.88831346428458,-33.540606532932728,0],[150.88795561320461,-33.540894168719596,0],[150.88776147110204,-33.541062207894619,0],[150.88774149975663,-33.541282183506787,0],[150.88781609765448,-33.541526523826292,0],[150.88790881187663,-33.542110697431546,0],[150.88818219526871,-33.542607714223657,0],[150.88836535636523,-33.542827259879694,0],[150.88841406661325,-33.542952675142466,0],[150.88852250404781,-33.543231885284627,0],[150.88883817922516,-33.543722564505259,0],[150.88900733917964,-33.544020841088241,0],[150.88925053199173,-33.544383684501682,0],[150.88951943279056,-33.544725857640827,0],[150.88969249143338,-33.544929402619061,0],[150.88986910021828,-33.545156783526977,0],[150.88993698410766,-33.545288885045998,0],[150.89008956924684,-33.545446239230998,0],[150.89028421260934,-33.545628127194618,0],[150.89032647834344,-33.545689924647242,0],[150.8904077902497,-33.545808795898736,0],[150.89055979238233,-33.545989949378971,0],[150.89071150795237,-33.546183006690811,0],[150.89089137043516,-33.546388443173058,0],[150.89101379104545,-33.546616710432744,0],[150.89115215944699,-33.546773822619919,0],[150.8913450735526,-33.547027099442126,0],[150.89154030890484,-33.547185179680007,0],[150.89169202357655,-33.547378236567532,0],[150.89176583365187,-33.547576985989792,0],[150.89177209940098,-33.547593873972154,0],[150.89176053538833,-33.548069843892726,0],[150.89172632035576,-33.54830734460073,0],[150.8917631890117,-33.548546064242601,0],[150.89188763622124,-33.548691038466963,0],[150.89201323956254,-33.548788396306037,0],[150.8921394339954,-33.548861981543169,0],[150.89232160874172,-33.548972220777699,0],[150.89236164216237,-33.549080039429974,0],[150.89235701673698,-33.549270434320604,0],[150.89227523860507,-33.549506285417102,0],[150.89225739986017,-33.549600389397419,0],[150.89223194250334,-33.549734643263662,0],[150.89200890069978,-33.550135592606516,0],[150.89194279098302,-33.550515405562066,0],[150.89169073359579,-33.550939662039504,0],[150.89149554226094,-33.551364885932287,0],[150.89131882657659,-33.551698794089745,0],[150.89103350277773,-33.552237923644007,0],[150.89091400438707,-33.552473972515365,0],[150.89080842629002,-33.55272216735888,0],[150.89067412815507,-33.552981772911735,0],[150.89034983813411,-33.553452408363,0],[150.89019000179394,-33.553592533724405,0],[150.89004829884607,-33.55363826816285,0],[150.8898746760612,-33.553694301444857,0],[150.88967133700675,-33.553869403719588,0],[150.88929798729319,-33.55401778498571,0],[150.88906591831937,-33.554204289630803,0],[150.88880514727381,-33.554402214091432,0],[150.88853216722532,-33.554516603345441,0],[150.88837174787849,-33.554680518839817,0],[150.88819508609305,-33.554927494584916,0],[150.88812053221267,-33.555108280092313,0],[150.88803982936417,-33.55546907141543,0],[150.8880195355236,-33.555718718191905,0],[150.8878570805943,-33.55596593576351,0],[150.88776425857438,-33.55627385703221,0],[150.88784375139221,-33.556513303265099,0],[150.88787199711965,-33.556667823763711,0],[150.88786560560638,-33.556843697058035,0],[150.88786116882716,-33.556965956844131,0],[150.88776173161347,-33.557203843328203,0],[150.88780587841975,-33.55747667954995,0],[150.88794108205656,-33.55776469261663,0],[150.88801709659757,-33.558146925905469,0],[150.88801014094236,-33.55843250907175,0],[150.88796170827379,-33.558669776929108,0],[150.88794110900599,-33.558931309424125,0],[150.88798629695975,-33.559046891158715,0],[150.88803481856149,-33.559170988584434,0],[150.88812737198523,-33.559458275121358,0],[150.88806471359584,-33.559695282650921,0],[150.8880438277655,-33.55996872932409,0],[150.88806646171739,-33.56020720639485,0],[150.88822777758284,-33.560590882592848,0],[150.888461907292,-33.560904388885461,0],[150.88863767345705,-33.561161332661854,0],[150.8887502970409,-33.561325956411338,0],[150.8890105479619,-33.561735143729919,0],[150.88934532581379,-33.562208710732655,0],[150.88958054068769,-33.562695248997578,0],[150.88981454553101,-33.563185811694396,0],[150.88986784527179,-33.563297565668805,0],[150.89013162836849,-33.563738638207326,0],[150.89017812426926,-33.564084091881355,0],[150.89007149783831,-33.564299505692446,0],[150.88986956644391,-33.564415104944437,0],[150.889749762626,-33.564663048402714,0],[150.88965895732389,-33.564887676676172,0],[150.8896099335638,-33.565148735236917,0],[150.8895606762419,-33.56522716972092,0],[150.88950636409979,-33.565313627591692,0],[150.88931981455801,-33.565381869995086,0],[150.88914399449396,-33.565544512588026,0],[150.88906992570384,-33.565627671395966,0],[150.88863356815625,-33.565835385051834,0],[150.88837664190018,-33.565914554708762,0],[150.88803508805609,-33.566123299134638,0],[150.88771097679992,-33.566247118422346,0],[150.88717725265531,-33.566384365935996,0],[150.88701748818033,-33.566488769081843,0],[150.8861860425877,-33.566742718653011,0],[150.88594162177861,-33.566855611004151,0],[150.88544645152945,-33.566918090137634,0],[150.88520264067648,-33.566989775177532,0],[150.88486697528907,-33.567009585298273,0],[150.88418837534707,-33.567184956989394,0],[150.88358603159284,-33.567261204723685,0],[150.88279492484799,-33.56740463704898,0],[150.88229874129914,-33.567488056043246,0],[150.88213335606545,-33.567510313669686,0],[150.88168747817247,-33.567512814433726,0],[150.88092501151553,-33.56752044247466,0],[150.88002530563929,-33.567581433843635,0],[150.87822587681899,-33.567558566202102,0],[150.87749205833475,-33.56758951921627,0],[150.87708494993282,-33.567398720837033,0],[150.87687009267978,-33.567257995113515,0],[150.87676072279396,-33.567186355206935,0],[150.87635192016938,-33.567064454204093,0],[150.8760780705517,-33.567036773495154,0],[150.87566982398425,-33.566891906407854,0],[150.87543356975945,-33.566451272887683,0],[150.87532782188086,-33.565967917537591,0],[150.87533273386887,-33.565767294208435,0],[150.8753520153081,-33.564981108937282,0],[150.87539178821731,-33.564476696585508,0],[150.87553843908574,-33.564088914707405,0],[150.87557589074828,-33.563531713711065,0],[150.87558159235539,-33.563446815516649,0],[150.87572880736585,-33.5630360860685,0],[150.87590511970663,-33.562556979837275,0],[150.87622244508918,-33.561919577674047,0],[150.8764261605377,-33.561440936841635,0],[150.87645076629167,-33.561403368839457,0],[150.87676808269106,-33.560918758336385,0],[150.87713798107728,-33.560374088900119,0],[150.87739933512941,-33.55978165099107,0],[150.87765091730793,-33.559388589269908,0],[150.87769836452455,-33.559314438839053,0],[150.87813652319429,-33.558859866972682,0],[150.87826784610903,-33.558600565792901,0],[150.87833884086425,-33.55825304129911,0],[150.8785028992863,-33.557933269410427,0],[150.87859492360229,-33.557577390171708,0],[150.87863665933043,-33.557337845828116,0],[150.87865550239181,-33.557229686389562,0],[150.87869675392798,-33.556820624450992,0],[150.87856845294581,-33.556530720260113,0],[150.87839722327288,-33.556292376770507,0],[150.87824532803981,-33.556115410136911,0],[150.87804329783077,-33.555859102638848,0],[150.87777687997533,-33.555680164026974,0],[150.8774661078028,-33.555463486769568,0],[150.87739695908547,-33.555438163465347,0],[150.87725265731154,-33.55538531142151,0],[150.87704636908799,-33.555303309090732,0],[150.876787596794,-33.555237845064795,0],[150.87654857216486,-33.555216304442119,0],[150.87629893483899,-33.555203298017808,0],[150.87604908101918,-33.555199012949309,0],[150.87576713758068,-33.555229060827358,0],[150.8755259884359,-33.55529465886179,0],[150.87523385271223,-33.555315795962329,0],[150.87477341762016,-33.55538469306736,0],[150.87471118952374,-33.555394006558132,0],[150.87449213713839,-33.555407676973054,0],[150.87428200322708,-33.555482526218263,0],[150.87405211266784,-33.555513469337242,0],[150.87389403343232,-33.555589215326748,0],[150.87356937600038,-33.555662101558362,0],[150.87330633670882,-33.555770923981861,0],[150.87308493522895,-33.555880455200494,0],[150.87276961847934,-33.555997094308253,0],[150.87248617754938,-33.556088132411809,0],[150.8722965261249,-33.556203122060879,0],[150.87205271527193,-33.556350947597053,0],[150.87179836179087,-33.556529662484316,0],[150.87157396712442,-33.556761202035183,0],[150.87142330078663,-33.556959144592525,0],[150.87121864390372,-33.55723460766454,0],[150.87097106731306,-33.557561658472601,0],[150.870797005252,-33.557863806906006,0],[150.87073983287408,-33.558002480332775,0],[150.87066056463513,-33.55819473077392,0],[150.87032461268515,-33.558697735050373,0],[150.86966593018963,-33.559526078994352,0],[150.86936669418196,-33.559937731658138,0],[150.8692412076216,-33.560110359972839,0],[150.86884020417028,-33.560656866558759,0],[150.86841782171365,-33.561145762556507,0],[150.86795078939403,-33.561595726988713,0],[150.86778188995095,-33.561756003036685,0],[150.86743724230908,-33.5620830449583,0],[150.86708695684041,-33.562420512219759,0],[150.86662413761948,-33.562698789636137,0],[150.86625106638374,-33.563035862253123,0],[150.86585391670502,-33.563319312371348,0],[150.86583334438669,-33.563333986077794,0],[150.86534491509539,-33.563726321723514,0],[150.8646727425992,-33.564172727641051,0],[150.86430012770754,-33.564490715876723,0],[150.86384035647038,-33.564815543766663,0],[150.86372005049429,-33.564900540169972,0],[150.86318977767698,-33.565139466212642,0],[150.86259019444569,-33.565415368777359,0],[150.86147088012692,-33.56588469543297,0],[150.86143266669305,-33.565900714545343,0],[150.86127857597739,-33.565982896190505,0],[150.86089081189684,-33.566089970541022,0],[150.86053794556838,-33.566159710866671,0],[150.8601744557634,-33.566200837504688,0],[150.85979942081039,-33.56625123302905,0],[150.85938001447226,-33.566262948840858,0],[150.85903963382793,-33.566285493465621,0],[150.85884871937219,-33.56629943237175,0],[150.85861977024729,-33.566316149774522,0],[150.85826807711857,-33.566338505758878,0],[150.85789419829734,-33.566341508812293,0],[150.85759982127703,-33.566336417394176,0],[150.85725874264176,-33.566387395934463,0],[150.85698583356017,-33.566430073391302,0],[150.85666857195798,-33.566434053256216,0],[150.85637347718381,-33.566457386772989,0],[150.85616755726954,-33.56643942236834,0],[150.85610220932418,-33.566433721663167,0],[150.85579626918954,-33.566437907370073,0],[150.85542169147899,-33.566469335345531,0],[150.85512590679869,-33.566521093761231,0],[150.85479591606895,-33.566581743764409,0],[150.85436518736495,-33.566593235725243,0],[150.85395687791546,-33.566614596860902,0],[150.85349622812595,-33.566681261863899,0],[150.85298010018116,-33.566720900206697,0],[150.85257015040801,-33.566808595372123,0],[150.85208234005592,-33.566838050879653,0],[150.8520145361166,-33.566848628123012,0],[150.8506609214088,-33.567059873313447,0],[150.85021553669094,-33.567160395363167,0],[150.8500105222785,-33.567197290944101,0],[150.84970869552953,-33.567234025579573,0],[150.84937185604409,-33.567287280556101,0],[150.84923037767504,-33.567309663983863,0],[150.84876433170564,-33.567396004499194,0],[150.84829775662854,-33.567503330841497,0],[150.8477943748793,-33.567578529636286,0],[150.84749027179942,-33.567597837373803,0],[150.8474050782728,-33.567603243090417,0],[150.84673117562139,-33.567722544520478,0],[150.84664947743957,-33.567737012388136,0],[150.84624504062728,-33.567866398235985,0],[150.84599256103186,-33.567935456736684,0],[150.84566280386409,-33.568087127459521,0],[150.84532129403746,-33.568207110105973,0],[150.84504323132106,-33.568296723666599,0],[150.84477717099517,-33.568407518186255,0],[150.8445385317433,-33.568424352695324,0],[150.84421627730481,-33.568492747579548,0],[150.84417299916939,-33.568501926423977,0],[150.84351451430317,-33.568763307138603,0],[150.84322417071846,-33.568842199412863,0],[150.84289570353152,-33.568941421496838,0],[150.84250509807967,-33.569018556891571,0],[150.84234968055236,-33.569100003542225,0],[150.84213436605688,-33.569180266748326,0],[150.841983340393,-33.569198634020452,0],[150.8416915091982,-33.569163037930679,0],[150.84160883454766,-33.569152953479509,0],[150.84142232093842,-33.569199064403925,0],[150.84116931313366,-33.569289098336093,0],[150.84092910542327,-33.569368859877095,0],[150.8406131697345,-33.56946828868773,0],[150.84028418242295,-33.569588468513054,0],[150.83999434997969,-33.569646376142956,0],[150.83965361180591,-33.569734877452994,0],[150.83938781109308,-33.569835175584586,0],[150.83917971276426,-33.569938028184481,0],[150.83912122255776,-33.569966945959699,0],[150.83887995753042,-33.570088658737291,0],[150.83861362860821,-33.570209941713344,0],[150.838400124218,-33.570315007880545,0],[150.83821928526643,-33.570503457815988,0],[150.8381641296063,-33.570601057529728,0],[150.83804987468196,-33.570833726982087,0],[150.83799222709527,-33.571143046536513,0],[150.83791415092062,-33.57145100425786,0],[150.83774464241978,-33.571802078776919,0],[150.83767260741547,-33.571962309684423,0],[150.83759636021077,-33.572196655028115,0],[150.83754979244478,-33.572652446292381,0],[150.83745228211728,-33.573033711791631,0],[150.83738922038438,-33.573445032864853,0],[150.83736618308888,-33.573777793605387,0],[150.83736171037708,-33.573842253374764,0],[150.83731661225491,-33.574239160701921,0],[150.83716374953624,-33.57472256105671,0],[150.83707904918478,-33.575295529823563,0],[150.83699509173999,-33.575839052090217,0],[150.83695416269904,-33.576003513886441,0],[150.83667393055117,-33.577129533006122,0],[150.83657008260937,-33.577433824557779,0],[150.83645979015375,-33.57799577659538,0],[150.83642263493525,-33.578214102954668,0],[150.83636954989191,-33.578525861332949,0],[150.83632060608193,-33.578943887421715,0],[150.83625081327258,-33.579425988392416,0],[150.83620106277553,-33.579876231011383,0],[150.83618940084654,-33.580343227878174,0],[150.83618150375685,-33.580459893815231,0],[150.8361588958561,-33.58079381072082,0],[150.83616808472311,-33.581196733065127,0],[150.83615803616834,-33.581599332470873,0],[150.83607140803224,-33.581984469496106,0],[150.83604331501834,-33.582338421348439,0],[150.83609421266402,-33.582613194278736,0],[150.83609190848534,-33.582705011818973,0],[150.83608614489449,-33.582935269565034,0],[150.83604939212125,-33.583116619830086,0],[150.83609130751242,-33.58361860333288,0],[150.83609861351059,-33.584416181803739,0],[150.8360895153734,-33.584780567765364,0],[150.83607452698291,-33.584957275091242,0],[150.8360509165623,-33.585235579396773,0],[150.83636556945686,-33.585719544530903,0],[150.83640692070603,-33.586244305244279,0],[150.8364454296856,-33.586882934695488,0],[150.83646720305146,-33.587143634140823,0],[150.83650831265382,-33.587635918269122,0],[150.83673676860357,-33.588300651055796,0],[150.83691194188066,-33.588918887731836,0],[150.83726940758339,-33.589882748785563,0],[150.83780125874057,-33.590908980770244,0],[150.83821733951558,-33.591660951179733,0],[150.83831635631773,-33.591805898669172,0],[150.83867798930504,-33.592417143630605,0],[150.83876430392911,-33.592648817412538,0],[150.83878279664754,-33.592958926795987,0],[150.83877736453502,-33.593176562792472,0],[150.83872902169801,-33.593445706297892,0],[150.83869262825095,-33.593531070351062,0],[150.83862951261909,-33.593679119314885,0],[150.83854019582529,-33.593921416012741,0],[150.83837826102064,-33.594153744237943,0],[150.83830022077859,-33.594361395234543,0],[150.83811922013035,-33.594523705613554,0],[150.83794927235331,-33.594660083569352,0],[150.83786059156679,-33.594876259139575,0],[150.83776283060934,-33.595040030667214,0],[150.83759266723663,-33.595185113152958,0],[150.83735985445773,-33.595337805263576,0],[150.83729280420491,-33.595391625050816,0],[150.83709430527321,-33.595550897033931,0],[150.83690289764235,-33.595713019605313,0],[150.83667094544947,-33.595830896399917,0],[150.8364925535088,-33.595888740778435,0],[150.83634493515478,-33.595964539640121,0],[150.83618799318648,-33.595996631047328,0],[150.83610193907379,-33.596108349277678,0],[150.8360162972879,-33.596202650144377,0],[150.83555640028661,-33.596354975303967,0],[150.83540692601318,-33.596429555593765,0],[150.83524824580476,-33.596531287787933,0],[150.83513161483654,-33.596616337513183,0],[150.83510763700494,-33.59662878847945,0],[150.8349206931027,-33.596725868541853,0],[150.83468983415958,-33.596800206824994,0],[150.83453267839218,-33.596841002352207,0],[150.83439589641546,-33.596899572606731,0],[150.83421640224188,-33.597000937603056,0],[150.83411213299027,-33.597007821520293,0],[150.83403690717006,-33.597102301732008,0],[150.83390164963436,-33.597099935762266,0],[150.83381797965041,-33.597115891466032,0],[150.83374296942594,-33.597201667913964,0],[150.83357452722532,-33.597277099727783,0],[150.83341584701691,-33.597378822691518,0],[150.83320623323019,-33.59743612055901,0],[150.83305969015953,-33.597468390998117,0],[150.83290100995112,-33.597570123463463,0],[150.83277528084568,-33.597602761241546,0],[150.83276598507913,-33.597608605796154,0],[150.83262721333398,-33.597695959804625,0],[150.83246874872125,-33.597788987667116,0],[150.832226828822,-33.597889259181592,0],[150.83171088862505,-33.598124070610204,0],[150.83153139445156,-33.598225434915612,0],[150.83130008724899,-33.598317181219315,0],[150.83085785831273,-33.598518449443304,0],[150.83065798855193,-33.598602029914254,0],[150.83049907567985,-33.598712466032651,0],[150.83044036089458,-33.598738156748006,0],[150.8302885833408,-33.598804570971602,0],[150.83016285423528,-33.598837200051953,0],[150.83001609646735,-33.598878174192144,0],[150.82991007909411,-33.598954699207425,0],[150.82971996234232,-33.599064579684573,0],[150.82949905403757,-33.599156505419749,0],[150.82925669486212,-33.599274175485327,0],[150.82899307256392,-33.599408895332068,0],[150.82884391270085,-33.599545623217224,0],[150.82861239978419,-33.599646073760745,0],[150.82834899308159,-33.599772079913535,0],[150.82814859421305,-33.599892564716747,0],[150.82813767608911,-33.599899135644378,0],[150.82766687893019,-33.600105253163683,0],[150.82719455822848,-33.600404740162162,0],[150.82689411219013,-33.600474874009187,0],[150.82662872470243,-33.60058530099527,0],[150.82635057215444,-33.600705965731471,0],[150.82610992516791,-33.600827284242008,0],[150.82584426908389,-33.600948163378078,0],[150.82579776330167,-33.600971792088359,0],[150.82556558742826,-33.601089749236756,0],[150.82538743713434,-33.601212152119651,0],[150.82505928435774,-33.601331947301894,0],[150.82481757915582,-33.601495100518456,0],[150.82460192419884,-33.601616857867327,0],[150.82427271320674,-33.601778469979578,0],[150.82398205611003,-33.601898910079818,0],[150.82380547427462,-33.601958573773516,0],[150.82360231488326,-33.602080555678555,0],[150.82349022040714,-33.602114995678022,0],[150.8233124465074,-33.602169622292465,0],[150.82319705341757,-33.602282675556339,0],[150.82293138745203,-33.602403554896853,0],[150.82262901452745,-33.602492396715931,0],[150.82233782922134,-33.602633740614145,0],[150.82212480003994,-33.602650906634558,0],[150.82189821707743,-33.602709701893197,0],[150.82160834061673,-33.60279875887889,0],[150.82141906558635,-33.602859525546592,0],[150.82122412577982,-33.602953539952509,0],[150.82105760238068,-33.603015974248308,0],[150.82102472224466,-33.603028299341297,0],[150.82076318044466,-33.603093279704325,0],[150.82059428998468,-33.603194680067986,0],[150.8202573876172,-33.603308557997579,0],[150.8199792090181,-33.603429204707389,0],[150.81967657558201,-33.603528498506378,0],[150.81937498239506,-33.603585957638984,0],[150.81912180391032,-33.603707043150379,0],[150.81885587833168,-33.603838365263172,0],[150.81861310682959,-33.60393462093257,0],[150.818577977312,-33.603948550765267,0],[150.81831440891276,-33.603985759822891,0],[150.81800216709638,-33.603969785937217,0],[150.81799847412225,-33.604116194905828,0],[150.81795649584902,-33.604293323508209,0],[150.81785280062087,-33.604437966205296,0],[150.81754959316129,-33.604478599503786,0],[150.81710660245372,-33.604523590222144,0],[150.8167302586553,-33.604428930345932,0],[150.81639116080515,-33.604422942601524,0],[150.81637272198566,-33.604422619384529,0],[150.81589033386464,-33.604361297166513,0],[150.81542986373822,-33.604265149712646,0],[150.81492999619832,-33.604062679839465,0],[150.81457690439274,-33.6038804151721,0],[150.81424840217142,-33.603557756677255,0],[150.8141175544655,-33.603390291766267,0],[150.81398344497674,-33.603218622405848,0],[150.81382452222317,-33.602846160429799,0],[150.81374973567912,-33.602475176793256,0],[150.81378054519845,-33.602088461990284,0],[150.81385251642237,-33.60173767454333,0],[150.81405290630778,-33.601301156032285,0],[150.81408400238965,-33.601237556272146,0],[150.81427476503012,-33.600847399351274,0],[150.81457629533497,-33.600571084050628,0],[150.81505051687179,-33.600121791926782,0],[150.81531086660746,-33.599809540681377,0],[150.81550636157283,-33.59956656317452,0],[150.8156683772259,-33.599436612048926,0],[150.81576404960029,-33.599359880201185,0],[150.81595997485871,-33.599099297735052,0],[150.81609192479758,-33.598872786895576,0],[150.8165428754769,-33.598511098745675,0],[150.81690969982824,-33.598147914839736,0],[150.81723580085279,-33.597731196940231,0],[150.81729948062664,-33.597659252350859,0],[150.81760395111743,-33.597315223779901,0],[150.81783087454136,-33.596871049206023,0],[150.81788355534289,-33.596814657098136,0],[150.81806011022883,-33.596588468742354,0],[150.81830430645905,-33.596392103833388,0],[150.81884072914278,-33.595828762356525,0],[150.81898882360383,-33.595673237441524,0],[150.81923585222216,-33.595362313227184,0],[150.81927073110973,-33.595334255488048,0],[150.81969466495687,-33.594782818831106,0],[150.81973061014466,-33.594711805625465,0],[150.81990786391989,-33.594456986539015,0],[150.82015452602556,-33.594160377709755,0],[150.82031468575926,-33.593943592743251,0],[150.82061438709422,-33.593537936586422,0],[150.82102474919412,-33.592842995366688,0],[150.82159857862453,-33.591960653078139,0],[150.82177108121024,-33.591695399829952,0],[150.82244868671728,-33.590560945774442,0],[150.82275437622195,-33.589950166580941,0],[150.82276590340365,-33.589928007531597,0],[150.82287998854645,-33.589708775414508,0],[150.82318037170273,-33.589312800545812,0],[150.82344410090047,-33.589016478595056,0],[150.82365719206561,-33.588760198420253,0],[150.82383178323437,-33.588556805380449,0],[150.824012864731,-33.588227406238062,0],[150.82416035821925,-33.588005691330729,0],[150.82417450309165,-33.587984429029746,0],[150.82426776438788,-33.587711323276594,0],[150.8243779409608,-33.587452972324314,0],[150.8245053912384,-33.587194934899976,0],[150.82468719857377,-33.586836617695838,0],[150.82481463896985,-33.586578571693053,0],[150.82506408854786,-33.586279300104202,0],[150.82527182934723,-33.585962522130778,0],[150.82527970847059,-33.585950510401766,0],[150.82546078098406,-33.585621102057168,0],[150.82555404228023,-33.585347997055109,0],[150.82566385054392,-33.585104104731521,0],[150.82570564106928,-33.584815635061254,0],[150.82566362686345,-33.584424464663606,0],[150.8255676041461,-33.584119115626038,0],[150.82543704390102,-33.583813148105747,0],[150.82543552934143,-33.583801504273779,0],[150.8253935600514,-33.583479804908428,0],[150.82529864046521,-33.583131088111251,0],[150.82521844875811,-33.582883852520375,0],[150.82506771055509,-33.582693215168781,0],[150.82486370764565,-33.582559490749929,0],[150.82467625350034,-33.582454961854218,0],[150.82441752612209,-33.582435958287725,0],[150.82421316478488,-33.582316683926827,0],[150.82399152165817,-33.582197104061905,0],[150.82395152417016,-33.582177920827299,0],[150.8238037081868,-33.582107034199517,0],[150.82352989450166,-33.58200099901115,0],[150.82325462015589,-33.581952772512544,0],[150.82299590176078,-33.581933760603221,0],[150.82268463641319,-33.581942741942285,0],[150.82214847334257,-33.581962220840182,0],[150.82190666124117,-33.581957963292894,0],[150.82163102846755,-33.581924186544185,0],[150.82137194176323,-33.581919624403263,0],[150.82131672411933,-33.581915348144314,0],[150.82113049707274,-33.581900916330099,0],[150.8208365054297,-33.581910194032147,0],[150.82045651357294,-33.581903498251002,0],[150.82016070194314,-33.581985052485805,0],[150.81984943749379,-33.581994024838906,0],[150.81945400000407,-33.581914756921947,0],[150.81912473511312,-33.581952333960437,0],[150.81866089360935,-33.582030042215308,0],[150.81865619721708,-33.582030831009661,0],[150.81825639481335,-33.582124997588963,0],[150.81784370158533,-33.582285659110113,0],[150.81774411165796,-33.582350513656834,0],[150.81754991655478,-33.582473320314783,0],[150.8172977684377,-33.582502542970651,0],[150.81707575790008,-33.582532284990506,0],[150.81685396205981,-33.582553619730867,0],[150.81668073273707,-33.582643133831851,0],[150.81651048043111,-33.582614879623037,0],[150.81647365579269,-33.582479576753954,0],[150.81644152934317,-33.582411737771018,0],[150.81632480045852,-33.582429047014408,0],[150.81624379308113,-33.582441058485266,0],[150.81624044056849,-33.582574218811345,0],[150.816155193143,-33.582681257616116,0],[150.81595003410175,-33.582633228320674,0],[150.81579866797642,-33.582556550376012,0],[150.81555591444052,-33.582596664880946,0],[150.81549295152232,-33.582521546522486,0],[150.8153655290925,-33.582430481655607,0],[150.81521657404531,-33.582491992341737,0],[150.81512481024075,-33.582623592223975,0],[150.81508584401865,-33.582765984975893,0],[150.81501578979953,-33.582971977297426,0],[150.8148857586622,-33.582984481870845,0],[150.81470281316132,-33.582991124433569,0],[150.81447885687277,-33.58298716254459,0],[150.81441060467415,-33.582974442439991,0],[150.81426508388626,-33.582947317635735,0],[150.81419504853184,-33.582784791647043,0],[150.81412241345285,-33.582625618079447,0],[150.81402383592683,-33.582559733224151,0],[150.81392302698569,-33.582582626826976,0],[150.81387915775878,-33.582685461992973,0],[150.81381537018709,-33.58287676167307,0],[150.81375282857869,-33.58301874240199,0],[150.81360889331737,-33.583114872380648,0],[150.81350670456388,-33.5831920160648,0],[150.81335298125916,-33.583209029544953,0],[150.81318094400083,-33.583250398765045,0],[150.81307472989656,-33.583261137142351,0],[150.81290468330485,-33.583224465454812,0],[150.81276522165362,-33.583171497955981,0],[150.81284862304128,-33.583055154491568,0],[150.81275396306819,-33.583018482716497,0],[150.81268926101151,-33.582993418946479,0],[150.81252756875196,-33.583024228725613,0],[150.81244926799855,-33.58293869412396,0],[150.81235107674809,-33.582844366035303,0],[150.81197289589497,-33.582686187917766,0],[150.81179279985014,-33.582649346104461,0],[150.81168993825855,-33.582740097171026,0],[150.81173617454621,-33.582900821158802,0],[150.81162282512366,-33.583008218777614,0],[150.81129964721703,-33.583061419869004,0],[150.81104748113367,-33.583090606403793,0],[150.81071382437921,-33.583160454231752,0],[150.81059177926474,-33.583188762144673,0],[150.81041033035709,-33.583230830353337,0],[150.81011795208835,-33.583259317852225,0],[150.80949917814758,-33.58321214950579,0],[150.80933749487122,-33.583209280997771,0],[150.80923792291014,-33.583183428499325,0],[150.80923377269355,-33.583114280418151,0],[150.8092841591978,-33.582986893130133,0],[150.80937493665223,-33.582894752592154,0],[150.80942055489896,-33.582722868066213,0],[150.80943392901693,-33.58257884378132,0],[150.80941088273835,-33.58249868807723,0],[150.80924546157203,-33.582432211157808,0],[150.80901705053799,-33.582453590077215,0],[150.80899168211437,-33.582485439545891,0],[150.80890722340965,-33.582591474139015,0],[150.808842638134,-33.582742875889544,0],[150.80871987616391,-33.582791550223327,0],[150.80852118948431,-33.582838880448598,0],[150.80841233073983,-33.582938649221525,0],[150.80827438454648,-33.582987054778798,0],[150.8080766662508,-33.58299626052024,0],[150.80784857771198,-33.583004937909131,0],[150.80762145665869,-33.582975481930859,0],[150.80745571299718,-33.582921698551502,0],[150.80727446171895,-33.582880347883204,0],[150.80694170058484,-33.582823605370358,0],[150.80674429580117,-33.582820100730743,0],[150.80660491499833,-33.58282659063768,0],[150.80654658648857,-33.582829315470477,0],[150.80645740354382,-33.582751454518373,0],[150.8065000007563,-33.582269147610724,0],[150.80649314301738,-33.582130178630024,0],[150.80644428005587,-33.582094950837565,0],[150.80631501068984,-33.582077856312608,0],[150.8062713831097,-33.582170812709251,0],[150.80624896385515,-33.582279249987501,0],[150.80623864670414,-33.58239163108491,0],[150.80608261922077,-33.582554121143609,0],[150.80599054190415,-33.582590631466601,0],[150.80570269922924,-33.58256010067732,0],[150.80561383967799,-33.582469537264352,0],[150.80538865539245,-33.582363843033804,0],[150.80530528993739,-33.582264764350789,0],[150.80527361174723,-33.582227124584414,0],[150.80521793596259,-33.582097863537129,0],[150.80512074902862,-33.581977737798361,0],[150.80502207358623,-33.58191678279406,0],[150.80490546058422,-33.581865383103732,0],[150.8048165740835,-33.581883544116586,0],[150.80458852147729,-33.582042296217352,0],[150.8045215691408,-33.582124979627785,0],[150.80443607108535,-33.58224186093473,0],[150.8043506978957,-33.582353821491871,0],[150.80429653756889,-33.58239726113711,0],[150.80424468142081,-33.58238034553456,0],[150.80418909546765,-33.582342553897639,0],[150.80405308514372,-33.582314711199061,0],[150.80394937194922,-33.582211177352477,0],[150.80382886025896,-33.58217090251491,0],[150.80369478580448,-33.582066821428981,0],[150.8035125751255,-33.582063585427591,0],[150.80335981122158,-33.581930210276134,0],[150.8033490898286,-33.581920852499294,0],[150.80316945192465,-33.581815964354256,0],[150.80295977525586,-33.581697828177852,0],[150.80268775460803,-33.581642152833005,0],[150.80250811580575,-33.581537265846023,0],[150.8024509263598,-33.581396414241162,0],[150.80228517281685,-33.581290451521681,0],[150.80216401613617,-33.581189686982555,0],[150.80209095974737,-33.581282070322118,0],[150.80197856882722,-33.581299791405556,0],[150.8019152923969,-33.581239499743084,0],[150.80182394002074,-33.581124483562284,0],[150.80168347495132,-33.581087471197698,0],[150.80160516521474,-33.581155103917787,0],[150.80153175938133,-33.581262268715271,0],[150.8014171011134,-33.58136869771478,0],[150.80137033571805,-33.581408291894434,0],[150.80130872656088,-33.581460452966269,0],[150.80122076352825,-33.581444093979876,0],[150.80107478459968,-33.581392192588545,0],[150.80091214192251,-33.581300562993668,0],[150.80077230387721,-33.581238908516063,0],[150.80033637662265,-33.581004357216948,0],[150.80011647263433,-33.580847612639374,0],[150.79996748255286,-33.58068225451737,0],[150.79974646645024,-33.58056985472922,0],[150.79958870072682,-33.580517738022756,0],[150.79939649449372,-33.580430509562611,0],[150.79926404329495,-33.580309827689355,0],[150.7992841673539,-33.580220564126435,0],[150.79930388806935,-33.580133040497024,0],[150.79934761446412,-33.580035216563239,0],[150.79930225672879,-33.579965387160918,0],[150.79909037469602,-33.579956682524006,0],[150.7989852448583,-33.57992029831464,0],[150.79885706964032,-33.579863788853224,0],[150.7987040811575,-33.579856134212115,0],[150.79852853957121,-33.579808633960702,0],[150.79834610431342,-33.579800458427542,0],[150.79817431858336,-33.579836843435835,0],[150.79797747883995,-33.579912463314102,0],[150.79791188026465,-33.579945522386367,0],[150.79782814739872,-33.579998203731513,0],[150.79769897684736,-33.579986057957129,0],[150.79761367552291,-33.579914390444394,0],[150.7974999586894,-33.579799732478477,0],[150.79732506209353,-33.579647021847386,0],[150.79726210815841,-33.57955953355966,0],[150.79720317957407,-33.57947764773499,0],[150.79699450632344,-33.579412335999379,0],[150.79674493187966,-33.579302285298695,0],[150.79660157962491,-33.579150121621097,0],[150.79607333250866,-33.578832707522238,0],[150.79582442012315,-33.578696266377897,0],[150.7956998660141,-33.578461509090566,0],[150.79553005208606,-33.57829572878164,0],[150.79534762670974,-33.578223927395847,0],[150.79523957465241,-33.578165993337883,0],[150.79516585440862,-33.57812646203444,0],[150.79501369147758,-33.578072355310994,0],[150.7948415024039,-33.578000751321341,0],[150.79477249741706,-33.577896724331076,0],[150.79455980869713,-33.577807272664529,0],[150.79437695302775,-33.57775261041418,0],[150.79421499127361,-33.577681194760999,0],[150.79416644272243,-33.577577525878922,0],[150.79396399120347,-33.577488253502615,0],[150.79379289537951,-33.577373846777107,0],[150.79341781640903,-33.57723008224928,0],[150.79324606571322,-33.577141356611691,0],[150.79304426906614,-33.577026393346443,0],[150.79301171142527,-33.576990152347889,0],[150.79293477431443,-33.57690451072807,0],[150.79277238226729,-33.576850206402383,0],[150.79257972867316,-33.576778243650594,0],[150.79247806812904,-33.576750715741667,0],[150.79238816832873,-33.576663460272933,0],[150.79226757579002,-33.576575639652027,0],[150.79215677219298,-33.576505129373331,0],[150.79201440628844,-33.576468323091255,0],[150.79182088312507,-33.576430602960045,0],[150.79164891773192,-33.576350437803391,0],[150.79148914427381,-33.576193398123856,0],[150.79134954787528,-33.576094542874344,0],[150.79098600506973,-33.575878511094665,0],[150.79081429120481,-33.57576480352003,0],[150.7903639226337,-33.575466580412844,0],[150.79016106777124,-33.575377093296417,0],[150.78963718556889,-33.5751387771232,0],[150.78955320207297,-33.575080017708245,0],[150.7893503472105,-33.574990530191073,0],[150.78906386727988,-33.574827969009952,0],[150.78886069890532,-33.574685808651012,0],[150.78861431527733,-33.574481878731667,0],[150.78831828895022,-33.574236856974863,0],[150.78808777945173,-33.574127595277837,0],[150.78771644735426,-33.573910684383272,0],[150.78738061128698,-33.573709425361692,0],[150.78702722483399,-33.573492828516237,0],[150.78665590980455,-33.573275909290501,0],[150.78643082433371,-33.573170224009253,0],[150.78638991236076,-33.573150996106072,0],[150.78616093628642,-33.572981684840578,0],[150.78598118160139,-33.572993481321305,0],[150.78580218868782,-33.572975266793968,0],[150.78571595581039,-33.572838547692712,0],[150.78563086918331,-33.572656794114266,0],[150.78543816169031,-33.57247311360522,0],[150.7851721732296,-33.572348191026016,0],[150.78497908035922,-33.572179515880002,0],[150.78460776532987,-33.571962596348072,0],[150.78440692808343,-33.571858821051251,0],[150.78430667430112,-33.571807008951602,0],[150.78407541291267,-33.571727776586783,0],[150.78400634504376,-33.571621400815964,0],[150.78377431290082,-33.571572188767121,0],[150.78361556981034,-33.571464208077671,0],[150.78336943681234,-33.571264544340643,0],[150.78310421910615,-33.571109593388051,0],[150.78273138053405,-33.570952714826987,0],[150.78246693448068,-33.570767743307613,0],[150.78223101083591,-33.570597436379266,0],[150.78203591921408,-33.5705138923988,0],[150.78148514504539,-33.570278032047199,0],[150.78108736834267,-33.570096421278002,0],[150.78077175604739,-33.569966004363863,0],[150.78071107844318,-33.569860561282844,0],[150.78050527441161,-33.569758273699229,0],[150.78019155307001,-33.569623705901016,0],[150.77986126679454,-33.569428156853611,0],[150.77973959897247,-33.56937754612099,0],[150.77955641092643,-33.569301334686266,0],[150.77920607155895,-33.569181271226192,0],[150.77893725969329,-33.569062677641732,0],[150.77865937663989,-33.568943922967904,0],[150.77829112666222,-33.568815952644385,0],[150.77795890361907,-33.568696211860193,0],[150.77775349394784,-33.568578756824024,0],[150.77755713839642,-33.568461463303962,0],[150.77734862684261,-33.568351582772443,0],[150.77733361240092,-33.568343676362801,0],[150.77709178233314,-33.568233141491156,0],[150.7768871434165,-33.568085361741772,0],[150.77667268052386,-33.567967736712795,0],[150.77642218171363,-33.567841872731876,0],[150.77617148617233,-33.567723602159177,0],[150.77586605628079,-33.567619512633733,0],[150.77543479038428,-33.56747524607902,0],[150.77508408360575,-33.5673703231638,0],[150.77496565151534,-33.567326946315532,0],[150.77470779370626,-33.567232492630971,0],[150.77423604702813,-33.567049923348719,0],[150.77331979328608,-33.566683502917307,0],[150.77252571042266,-33.566439216526199,0],[150.7724940043847,-33.566431291977011,0],[150.77154837663124,-33.566194948156927,0],[150.77063211480439,-33.565859058559369,0],[150.7699355773027,-33.565750254086055,0],[150.76965478101292,-33.565706401860176,0],[150.76846364728553,-33.565492656278664,0],[150.76730008644745,-33.56527662416655,0],[150.76632572877455,-33.565095713230853,0],[150.76519568497804,-33.564881975868559,0],[150.76465946800855,-33.564835372350927,0],[150.76379076029781,-33.564759850795696,0],[150.7625385546059,-33.564637725550106,0],[150.76197697100935,-33.564637734532475,0],[150.75928132267447,-33.564637770462035,0],[150.75838487947937,-33.564637770462035,0],[150.75713268366889,-33.564790462734351,0],[150.75661018217713,-33.564881895027284,0],[150.75591101889992,-33.565004226521665,0],[150.75465881320795,-33.565370674289412,0],[150.75404412660171,-33.56555977799929,0],[150.75346769744687,-33.565737113016823,0],[150.7518489907971,-33.566164631632788,0],[150.75148880948726,-33.566276592085885,0],[150.75024079084281,-33.566664498872406,0],[150.75021353056721,-33.56666949221573,0],[150.75012926050871,-33.566677183206423,0],[150.75010161575418,-33.566681324739143,0],[150.75002242746521,-33.566709991355729,0],[150.74994488938151,-33.566755331118173,0],[150.74986952072913,-33.566803073586108,0],[150.7497968227681,-33.566838928885943,0],[150.74972728867357,-33.566848646087323,0],[150.74969425672225,-33.56684012126793,0],[150.74962959958137,-33.566809975631436,0],[150.749597983375,-33.566797892373522,0],[150.74956684237733,-33.566794136331062,0],[150.74953310255356,-33.56680306460391,0],[150.74950050898013,-33.566822229548748,0],[150.74943586082236,-33.566872561835339,0],[150.74940238061171,-33.566894335332556,0],[150.74933203982999,-33.566929868734078,0],[150.74925916310426,-33.566962667805186,0],[150.74918427774557,-33.566992544672523,0],[150.74910793172617,-33.567019266551874,0],[150.74903067122187,-33.567042617874762,0],[150.74891094825242,-33.567082910999112,0],[150.74879204993638,-33.567124933913597,0],[150.74873295067212,-33.567146591327976,0],[150.74858576171277,-33.56720423861703,0],[150.74844067121796,-33.567265838747815,0],[150.74815281955992,-33.567393503731793,0],[150.74800808749296,-33.567455875439393,0],[150.74767691278367,-33.567594314900255,0],[150.74745488427976,-33.567684429847539,0],[150.74727949450872,-33.567753156905816,0],[150.7469751587652,-33.567867833119237,0],[150.7469262248367,-33.567886280760497,0],[150.74656994221525,-33.568013506204188,0],[150.74645876222414,-33.568072875219322,0],[150.74640643895205,-33.568114942562133,0],[150.74602662675832,-33.5682659318337,0],[150.74525175257071,-33.568496001305256,0],[150.74504386893923,-33.568606993921208,0],[150.74497553679049,-33.568605801563649,0],[150.74454281831814,-33.568803161589557,0],[150.74437039658082,-33.568881802332832,0],[150.74383287166424,-33.569187635663333,0],[150.74337673950231,-33.56939232807769,0],[150.74323464219404,-33.569454520200587,0],[150.74294823412865,-33.569575497935148,0],[150.74265916345672,-33.569691832624684,0],[150.74236746700925,-33.569811582506901,0],[150.74226858495433,-33.569847259165925,0],[150.74217653458723,-33.569874195726051,0],[150.74212725929891,-33.569885570484672,0],[150.74200490067238,-33.569907783332333,0],[150.74196557602252,-33.569918387893658,0],[150.74191094947011,-33.56993863745258,0],[150.74134149483507,-33.570146207507491,0],[150.74126232451246,-33.570206857958183,0],[150.74097882070038,-33.570424055097789,0],[150.74095411613172,-33.570441866731493,0],[150.74093145523034,-33.570463881836744,0],[150.74091195011064,-33.570488676049536,0],[150.74089674702276,-33.570514806294852,0],[150.74088696706423,-33.570540837732757,0],[150.74083081696912,-33.570613185912684,0],[150.74081743386802,-33.570630415189477,0],[150.74074466404176,-33.57071846789983,0],[150.74066881119751,-33.570804826712212,0],[150.7405900891342,-33.57088923190971,0],[150.74050866943014,-33.570971476169738,0],[150.74043982613998,-33.571035183569698,0],[150.74022236017936,-33.571218487661149,0],[150.74015287100056,-33.571281773487414,0],[150.7400827188651,-33.571350589744497,0],[150.74001420705335,-33.571420697063964,0],[150.73994734454843,-33.571491978680889,0],[150.73988227508082,-33.571564344775588,0],[150.73981905254945,-33.571637724240553,0],[150.73973052447647,-33.571782904458885,0],[150.73963940566227,-33.571927072502511,0],[150.73954575898887,-33.572070137811792,0],[150.73944963745683,-33.57221201057628,0],[150.73935109676171,-33.572352601734345,0],[150.73928127610458,-33.572445450348091,0],[150.73918282524099,-33.572576369478199,0],[150.73900485371186,-33.572795260413315,0],[150.73863919537379,-33.573228292400543,0],[150.73846119779353,-33.573447381520396,0],[150.73831554225842,-33.573636530410873,0],[150.73803007472912,-33.574018099925709,0],[150.73788553130831,-33.574207813393492,0],[150.73779172293811,-33.574325752502112,0],[150.73773662117691,-33.574395035609591,0],[150.73764558321105,-33.574504566409026,0],[150.73618641735573,-33.576138529780842,0],[150.73553735402024,-33.576865338091608,0],[150.7352247528778,-33.577060448180838,0],[150.7349884977547,-33.577304259207267,0],[150.73473331153531,-33.577567620534765,0],[150.73452176187917,-33.577821803206092,0],[150.73410191536647,-33.578201275871599,0],[150.73406775423285,-33.578200683875366,0],[150.73399759311422,-33.57827108724252,0],[150.73364608863176,-33.578651760629199,0],[150.73329749738576,-33.57891786525353,0],[150.73319572904384,-33.578958301768637,0],[150.73302122770662,-33.579027647017561,0],[150.73243269734655,-33.579318205377191,0],[150.73196195408656,-33.57968245644966,0],[150.731978671734,-33.579697077232183,0],[150.73114592717741,-33.580366238070418,0],[150.73096664770125,-33.580510298229015,0],[150.73048097893275,-33.580788325003795,0],[150.73044978403621,-33.580817556462513,0],[150.73014471347074,-33.581005943805103,0],[150.72922589593691,-33.581523093658568,0],[150.72819113015441,-33.582109203007903,0],[150.72808643060969,-33.582193329979944,0],[150.72701384575373,-33.582788099465439,0],[150.72679545632496,-33.582915988457536,0],[150.72671884170941,-33.582960852723296,0],[150.72641990124745,-33.583129312972332,0],[150.72611730464229,-33.583293308860803,0],[150.72581135462619,-33.583452706455986,0],[150.72550231260891,-33.583607326175027,0],[150.72517822920048,-33.583760789390418,0],[150.72509801952711,-33.583800276204492,0],[150.72489088868383,-33.583911859808602,0],[150.72483715865005,-33.583936484021478,0],[150.72478220061927,-33.583956007371242,0],[150.72466729980621,-33.583987300250378,0],[150.72461155305464,-33.58400495941239,0],[150.72455974092401,-33.5840278623605,0],[150.72451328993895,-33.584055659604502,0],[150.72448851350507,-33.584073354673976,0],[150.72446921409957,-33.584087132054826,0],[150.72442750442261,-33.584121383916212,0],[150.72438819773902,-33.584157544090438,0],[150.72435130213367,-33.584194718281374,0],[150.724320277917,-33.58423652631776,0],[150.72427005221115,-33.584330791518937,0],[150.72424135822433,-33.584371416329979,0],[150.72420397034227,-33.584399804668671,0],[150.72415436357562,-33.58441099191959,0],[150.72409623179698,-33.584408365172074,0],[150.72397066438825,-33.584392418343228,0],[150.72391134054519,-33.584394426196511,0],[150.7238577991576,-33.584406357319125,0],[150.72380530610397,-33.584423281504868,0],[150.72375361973747,-33.584443405678257,0],[150.72354649787735,-33.584530678725557,0],[150.72344310717801,-33.584579048965239,0],[150.72334193980905,-33.584630931975937,0],[150.72324344402975,-33.584686024666091,0],[150.72314805821796,-33.584744030679659,0],[150.72308362475755,-33.584789442541286,0],[150.72296167845769,-33.584888359673826,0],[150.72289891316885,-33.584935151429001,0],[150.72283145058927,-33.58497568690111,0],[150.72276215814156,-33.58500663067656,0],[150.72268910175274,-33.585032410786596,0],[150.72253851626337,-33.58507794822016,0],[150.72246437560798,-33.585102509238425,0],[150.72235889632569,-33.585141098909496,0],[150.72226494422503,-33.585177197291344,0],[150.72204496837156,-33.585261727628428,0],[150.72194126416017,-33.585303553108353,0],[150.72190435957165,-33.585322520870733,0],[150.72164295162062,-33.585518500881903,0],[150.7212964848903,-33.585698649854734,0],[150.72108779457167,-33.585838236463019,0],[150.72068860212406,-33.586074769715623,0],[150.72055044931815,-33.586129637728369,0],[150.72002593021031,-33.586418385879533,0],[150.71999564171387,-33.586435049247093,0],[150.7199083856554,-33.586505148056084,0],[150.7195080900766,-33.586784635733778,0],[150.71910741810368,-33.587078429981062,0],[150.7186736782468,-33.587328668598488,0],[150.71851843139942,-33.587383241718037,0],[150.71818793851148,-33.587606641975086,0],[150.7181872036895,-33.58763528143762,0],[150.71794191331134,-33.587821149978858,0],[150.71726332145414,-33.588335324049339,0],[150.71644779670322,-33.58880804844933,0],[150.71575644966734,-33.589126188394559,0],[150.71555620351234,-33.589218338741318,0],[150.71554829743954,-33.589221977818553,0],[150.71520289700945,-33.589359144652242,0],[150.71466441269214,-33.589693473864742,0],[150.71440517507082,-33.589803506823479,0],[150.71405866342471,-33.589983637869558,0],[150.71355468160084,-33.590337670651969,0],[150.71331505599883,-33.590441294272665,0],[150.71259699665964,-33.590751833636652,0],[150.71153405701483,-33.591374417585314,0],[150.71033950789274,-33.5920931671522,0],[150.70852951039311,-33.593073468502482,0],[150.70805947500548,-33.593272943353291,0],[150.70799002175929,-33.59331469760393,0],[150.70792093682238,-33.593342127441751,0],[150.7078343985178,-33.593383577107588,0],[150.70779128118079,-33.593407735429999,0],[150.70748748352813,-33.593577996599272,0],[150.70717476560469,-33.593773035228487,0],[150.70708664087527,-33.59380006159784,0],[150.70699969922714,-33.593834994278865,0],[150.70691612805797,-33.593876775195454,0],[150.70683813273169,-33.593924266205931,0],[150.70676790873102,-33.59397638304587,0],[150.70670302701132,-33.594048041123905,0],[150.70665339419355,-33.594132517872978,0],[150.70660905784271,-33.594221565757621,0],[150.70656005204901,-33.5943069477498,0],[150.70649640730943,-33.594380416377874,0],[150.7064367969038,-33.59442535325109,0],[150.70637085786706,-33.594465135242189,0],[150.70623203312132,-33.59453933928809,0],[150.70616513468383,-33.594578807700266,0],[150.70605910024264,-33.594649981145629,0],[150.7059557454759,-33.594724086260712,0],[150.7057866573866,-33.594849582549791,0],[150.70564993919027,-33.594951054713178,0],[150.70549238816412,-33.595061571081708,0],[150.70517421207705,-33.595279916367829,0],[150.70501870471819,-33.59539211815801,0],[150.70486899688282,-33.595509259098591,0],[150.70466507572007,-33.595678633917125,0],[150.70456609574882,-33.595765871654848,0],[150.70447190200142,-33.595856076162555,0],[150.70426902917259,-33.596074913288966,0],[150.70421454635058,-33.596139238926803,0],[150.70417176049193,-33.596205213679077,0],[150.70414779164352,-33.596273106914971,0],[150.70414254727885,-33.596324049067476,0],[150.70414405285527,-33.596376999512557,0],[150.70415204875965,-33.596430173653935,0],[150.70416626639562,-33.596481779417111,0],[150.70418642638722,-33.596530059899884,0],[150.70419346289088,-33.596697668329661,0],[150.70421732483979,-33.596867562346823,0],[150.70425724147941,-33.597036488540077,0],[150.70431245014018,-33.597201183796088,0],[150.70438218994889,-33.597358429921158,0],[150.70442447364934,-33.597435941727696,0],[150.70447150764096,-33.597511893368655,0],[150.7045219480442,-33.59758658115382,0],[150.70457448601357,-33.597660327580648,0],[150.70473300452525,-33.597876664734422,0],[150.70478798950546,-33.597947067760416,0],[150.70484599552003,-33.598015364424654,0],[150.70490813378484,-33.598080603715879,0],[150.70497149106347,-33.5981419625748,0],[150.7050375648476,-33.598202496079722,0],[150.70510701809377,-33.598260071745663,0],[150.70518044189353,-33.598312555596529,0],[150.70525850908501,-33.598357815157321,0],[150.70533382473673,-33.598384940354215,0],[150.70543317211894,-33.598405386755118,0],[150.70550321645661,-33.598419818801567,0],[150.70557703461677,-33.598442524877214,0],[150.70563005677806,-33.598478694013657,0],[150.7056477158599,-33.598502018867357,0],[150.70566264136835,-33.598527288387025,0],[150.70567520879922,-33.598553830652897,0],[150.7056947678179,-33.598608134039729,0],[150.70569699114824,-33.598676350119078,0],[150.70567667844301,-33.59875177316075,0],[150.70565095159159,-33.598827196136448,0],[150.70563691451696,-33.598895430000184,0],[150.70565166036238,-33.598949276000333,0],[150.70567927816742,-33.598972528896198,0],[150.70575415454303,-33.599010195775811,0],[150.7057855282043,-33.599029333366708,0],[150.70580225483485,-33.599051824538684,0],[150.70580040879696,-33.599080571688312,0],[150.70578412952744,-33.599113541110491,0],[150.70575815204603,-33.599147613415958,0],[150.70572718172829,-33.599179650514202,0],[150.70569595089916,-33.599206578667385,0],[150.70565785424625,-33.599228522086875,0],[150.70561299866918,-33.599244155656862,0],[150.70551680617024,-33.59927038419282,0],[150.70547235393667,-33.599287917516442,0],[150.70537364256168,-33.599346326735898,0],[150.70528045313071,-33.599418836328695,0],[150.70519677416371,-33.599501493359178,0],[150.70512661304505,-33.599590326196441,0],[150.70507397626099,-33.599681400635241,0],[150.70486191546345,-33.599949844453171,0],[150.70470271513054,-33.600077671342291,0],[150.70458259780062,-33.600174105545939,0],[150.7044596660489,-33.600300874114957,0],[150.70396201285627,-33.601037041114544,0],[150.70357057376785,-33.601631819110239,0],[150.7033053830111,-33.601999315234224,0],[150.70323371631608,-33.60209861816184,0],[150.70259822382954,-33.602875311091289,0],[150.70256296854791,-33.602890558676741,0],[150.70251412355267,-33.602933971520876,0],[150.70246554805195,-33.602989700463212,0],[150.70243104555857,-33.603041879911252,0],[150.70242446629743,-33.603074625603796,0],[150.70243400371075,-33.603085023327495,0],[150.70247080948462,-33.603112319123227,0],[150.70247960309297,-33.603122842539797,0],[150.70247354395633,-33.603143083559161,0],[150.70244492183474,-33.603172144336412,0],[150.70236054397844,-33.603242718117563,0],[150.70232506411793,-33.603277265393324,0],[150.70227716145544,-33.603338605590828,0],[150.70216285263214,-33.603493682729081,0],[150.70211806802197,-33.603557981135744,0],[150.70207072950146,-33.603619482743575,0],[150.7020178061548,-33.603672361371913,0],[150.70195625089661,-33.603710834996065,0],[150.70192321804694,-33.603721609732617,0],[150.70185151541929,-33.603734544502387,0],[150.70181688716173,-33.603742369857628,0],[150.70179932689459,-33.603749424572996,0],[150.70178582701249,-33.603754857204734,0],[150.70175865746671,-33.603816277867274,0],[150.70176380301663,-33.603923729504707,0],[150.70178135430066,-33.604044483093233,0],[150.70179142980493,-33.604145829965006,0],[150.701774138134,-33.604195060098739,0],[150.7017454270792,-33.604200707432753,0],[150.70165225471627,-33.604202553964249,0],[150.70162334603208,-33.604207985819251,0],[150.70157564908379,-33.604233264889743,0],[150.70153369776,-33.604273333402148,0],[150.7014962011817,-33.604322429537334,0],[150.70142953630616,-33.604424582628518,0],[150.70140026829591,-33.604469151397566,0],[150.70137285710331,-33.604515047426787,0],[150.70134817858582,-33.604562009597075,0],[150.70132710500758,-33.604609850111991,0],[150.70131048527648,-33.604658318327971,0],[150.70130260615312,-33.604701784899561,0],[150.70129999744557,-33.604791558832858,0],[150.70129655510141,-33.60483575182387,0],[150.70128586155624,-33.604878070592484,0],[150.70125220168254,-33.604933898534853,0],[150.70120281949477,-33.604985208166326,0],[150.70114697392847,-33.605034921894671,0],[150.70109400566608,-33.605085935934241,0],[150.70105320149091,-33.605141145744305,0],[150.70102882840061,-33.605197582535496,0],[150.70101223561903,-33.605256915495609,0],[150.70098678724531,-33.605378726638797,0],[150.70097007858104,-33.605438462742562,0],[150.70093700979882,-33.605530854531516,0],[150.70090072414953,-33.605622726238352,0],[150.70086097729148,-33.605713647663386,0],[150.70081749344186,-33.605803180378786,0],[150.70077000220772,-33.605890892692038,0],[150.70072448277566,-33.605960094341029,0],[150.70062025035492,-33.606093657541301,0],[150.70057258844091,-33.606161560200214,0],[150.70053525355934,-33.606232572955918,0],[150.70052081224287,-33.606279257367241,0],[150.70050392481383,-33.606376534557192,0],[150.70049235181801,-33.606423622154331,0],[150.70047259517,-33.606467348199054,0],[150.7004547393571,-33.606488933642161,0],[150.70044268216932,-33.606503508732452,0],[150.70040430793705,-33.606536182782442,0],[150.70036352172815,-33.606567754019096,0],[150.70032635662824,-33.606600606857043,0],[150.70029882865464,-33.606637134685201,0],[150.70027636448438,-33.60669675469925,0],[150.70026576975394,-33.606764351630979,0],[150.700266943852,-33.606834486290751,0],[150.70027980682849,-33.606901796566923,0],[150.70030426975035,-33.606960860511016,0],[150.70023454790788,-33.607058845443788,0],[150.70014323146432,-33.607207835567664,0],[150.70010877388668,-33.607260418715441,0],[150.70007811708092,-33.607311190529934,0],[150.70006017143649,-33.607353715324365,0],[150.70006382039318,-33.607381593334964,0],[150.70009952303582,-33.607389921123875,0],[150.70015858726578,-33.607381728004079,0],[150.70022657895302,-33.607368138391578,0],[150.70028908462879,-33.60736030438747,0],[150.70033168184122,-33.607369348917608,0],[150.70033756221309,-33.60739927015269,0],[150.70032035139056,-33.607451297299924,0],[150.70028917446029,-33.607515712460959,0],[150.70022152323457,-33.607642687202947,0],[150.70015814798961,-33.607747808046476,0],[150.70008164925665,-33.607848311880289,0],[150.70000048916569,-33.607947211548556,0],[150.69992315679613,-33.608047527362743,0],[150.69985812326112,-33.608152262412752,0],[150.69963002573917,-33.608991380905721,0],[150.69955657498994,-33.609317652058536,0],[150.69950357079486,-33.609553135621383,0],[150.69977102979769,-33.609593007144326,0],[150.70091248489328,-33.609763152567723,0],[150.70073675466074,-33.609438728024067,0],[150.70060707296804,-33.609374375647718,0],[150.70054739968029,-33.609315751770161,0],[150.70049131246725,-33.609272823196825,0],[150.70047650373976,-33.609102184525049,0],[150.70078130570892,-33.608859180085027,0],[150.70120466553266,-33.608221392668234,0],[150.70169950430352,-33.607127249360637,0],[150.70201369187083,-33.606288113471628,0],[150.70215821822364,-33.606019382634145,0],[150.70222952649084,-33.605906041733348,0],[150.70224809107452,-33.605849057741693,0],[150.70233575856139,-33.605764653071446,0],[150.7024074342396,-33.605636987988895,0],[150.70265406939583,-33.605354838021498,0],[150.70281377188704,-33.605128443121743,0],[150.70272539562939,-33.604962842740221,0],[150.70269437141275,-33.60495143145512,0],[150.7026710834873,-33.604928304369864,0],[150.70265415922734,-33.604897961798152,0],[150.70264177954442,-33.604863315663351,0],[150.70263211636689,-33.604827298841506,0],[150.70261177761054,-33.604748746968141,0],[150.70260197070263,-33.604702636334174,0],[150.70259665537108,-33.604656507719127,0],[150.70259855530784,-33.604612405166726,0],[150.70261039689996,-33.604572371976666,0],[150.7026576644536,-33.604521375589705,0],[150.7027381157738,-33.604469653431103,0],[150.70282736070229,-33.604426725437492,0],[150.7029009731483,-33.604402119044416,0],[150.70293453420729,-33.60440536393434,0],[150.70350987819734,-33.604150500166313,0],[150.7035452053442,-33.604070657795759,0],[150.70364242910907,-33.603915751534799,0],[150.70375465833246,-33.603766698111095,0],[150.70399571764568,-33.603474741408029,0],[150.70411032201474,-33.603326145866745,0],[150.70422099086443,-33.60317149938944,0],[150.7043456258219,-33.602992837665504,0],[150.70438389315473,-33.602937987112455,0],[150.70445767628053,-33.602459293160479,0],[150.70494563036308,-33.601686427325532,0],[150.7050235268747,-33.601557158023006,0],[150.70517525142782,-33.601296261212298,0],[150.70525722718909,-33.601169358679513,0],[150.70534871341422,-33.601047968073203,0],[150.70543638090118,-33.600961124751535,0],[150.7054560926334,-33.600941601509,0],[150.70570623301583,-33.600745845835249,0],[150.70581518069349,-33.600643961486256,0],[150.7058908457899,-33.600531078164892,0],[150.7059078508982,-33.600481355105842,0],[150.70592818067146,-33.600377587916334,0],[150.70593998633092,-33.600326331659758,0],[150.70595855091452,-33.600277361943711,0],[150.70600150655477,-33.600208195389776,0],[150.706056858946,-33.600143054228994,0],[150.7061200194936,-33.600080718863502,0],[150.70625149422366,-33.599959821302278,0],[150.706322381181,-33.599899350385428,0],[150.70647579995682,-33.599785848801481,0],[150.70654639945332,-33.59972625618262,0],[150.70660493457552,-33.599660406833351,0],[150.70664650052208,-33.599577731997663,0],[150.70667025557145,-33.599485761817675,0],[150.70668860455945,-33.599391209393907,0],[150.70671398106791,-33.59930081703618,0],[150.70675882856014,-33.599221306131639,0],[150.70682930319083,-33.599135422450317,0],[150.70685060134787,-33.599113514174064,0],[150.70686872665539,-33.599094868939702,0],[150.70690832978295,-33.599065583814593,0],[150.70694615783961,-33.599054791286889,0],[150.70693774960856,-33.599209178027955,0],[150.70693595657121,-33.599289889856131,0],[150.70693805413742,-33.599360615712676,0],[150.70694685672885,-33.599455588675589,0],[150.70696041050988,-33.599562816040404,0],[150.70697863373374,-33.599663526199272,0],[150.70700146531505,-33.599738940147105,0],[150.70702884147332,-33.599770260223366,0],[150.70707776641862,-33.59975181266315,0],[150.7071324738194,-33.59969740150332,0],[150.70718992377675,-33.599622121452207,0],[150.70724711412103,-33.59954106051164,0],[150.70730100585158,-33.599469330677799,0],[150.70737754860198,-33.59937144411721,0],[150.70744962852203,-33.599270984275044,0],[150.70758869581289,-33.599067090009619,0],[150.70765984238332,-33.598966029728523,0],[150.70779037567897,-33.59879154642217,0],[150.7079537621612,-33.598580910893844,0],[150.70805840780693,-33.598446002693834,0],[150.70818907584987,-33.598271697913162,0],[150.70831295801912,-33.59809422023244,0],[150.70842741057285,-33.597916258072622,0],[150.70853683345928,-33.597735867488908,0],[150.70864223189321,-33.59755363883302,0],[150.70884506878943,-33.597186187365011,0],[150.70901480186913,-33.596863859990648,0],[150.70916227739102,-33.596567905182816,0],[150.70916780831823,-33.596556807802457,0],[150.70925453437064,-33.596375018875435,0],[150.70933879634435,-33.596192422193852,0],[150.70936511428721,-33.59616179220972,0],[150.70938914691598,-33.596129199530147,0],[150.70941056185407,-33.596095154466084,0],[150.70942906355566,-33.596060132160943,0],[150.70955727470627,-33.595858567874402,0],[150.70996642677545,-33.595231053033352,0],[150.71001540651801,-33.595185068256882,0],[150.71071484737465,-33.594476716276546,0],[150.7112519240319,-33.593779704647034,0],[150.71133547813307,-33.593647145273863,0],[150.71140677741715,-33.593508553046071,0],[150.71154006225248,-33.593226367136339,0],[150.711613647749,-33.593093116993309,0],[150.71161573633205,-33.593089316449642,0],[150.71170070617816,-33.592943131953277,0],[150.71174479998388,-33.592870738887072,0],[150.71179328655128,-33.592801267826118,0],[150.71184866589195,-33.592736566302747,0],[150.71197027981515,-33.592640024260334,0],[150.71211736995974,-33.592561248771027,0],[150.7124397411792,-33.592421275697099,0],[150.71259088272578,-33.592342231371099,0],[150.71276153927357,-33.592228451952799,0],[150.71292466614261,-33.592106031081578,0],[150.71308535408571,-33.591980821887788,0],[150.71324869565211,-33.591858670051849,0],[150.71341974656036,-33.59174545496036,0],[150.7136033828657,-33.591643587665956,0],[150.71361284841385,-33.59163897141314,0],[150.71379439613611,-33.591550362358937,0],[150.71398836755878,-33.591460508042587,0],[150.71418083340501,-33.591368779139273,0],[150.71436737396368,-33.591269879912566,0],[150.71445444047765,-33.591217296741831,0],[150.71462484639545,-33.59110730898793,0],[150.71471146465009,-33.591054394219668,0],[150.71480122161836,-33.591005854751984,0],[150.71494286976903,-33.590945786879757,0],[150.71509210239557,-33.590896565645266,0],[150.71524435515806,-33.590851530402325,0],[150.71539511222571,-33.590804048176416,0],[150.71553981734328,-33.590747450059354,0],[150.71579542487251,-33.590606599270956,0],[150.71593089800388,-33.590509877495727,0],[150.71603227108704,-33.590437502591854,0],[150.71626139987504,-33.590256044242473,0],[150.71649384434465,-33.59007808237326,0],[150.71674063221445,-33.589919473766784,0],[150.71692169574484,-33.58982582754065,0],[150.7171083971019,-33.589739298436136,0],[150.71729719692348,-33.58965540406416,0],[150.71748457920356,-33.589569627594983,0],[150.71766700547818,-33.589477487351601,0],[150.71777555969376,-33.589416424649265,0],[150.71809533118883,-33.589225589956136,0],[150.71812126465278,-33.589210943100262,0],[150.71820375964023,-33.589164339247226,0],[150.71840820092751,-33.58905724712244,0],[150.71898236183634,-33.588770444463449,0],[150.71937216060107,-33.588569480510913,0],[150.71975693059676,-33.588360700564976,0],[150.72013606186746,-33.588144445058461,0],[150.72038961764468,-33.587992567867701,0],[150.72050895433858,-33.587921080617186,0],[150.72087499895224,-33.587690929717297,0],[150.72109151449524,-33.587542692372963,0],[150.7215119341331,-33.587231803957629,0],[150.72172665753709,-33.587082338550232,0],[150.7219515813112,-33.586945629073568,0],[150.72202081087693,-33.586908455319488,0],[150.72230188474617,-33.586765049415064,0],[150.72253811291981,-33.586635681417555,0],[150.72256217249807,-33.586622504613878,0],[150.72281836303389,-33.586474544565846,0],[150.72332616359608,-33.586172494756475,0],[150.72358162739485,-33.586023459310283,0],[150.72471609988571,-33.585387258637056,0],[150.72476181604881,-33.585359766401638,0],[150.72481009600381,-33.585330740781949,0],[150.72520745139664,-33.585165803593867,0],[150.72535121597812,-33.585114798725179,0],[150.72557761927746,-33.585018373128875,0],[150.72580156658287,-33.584917241757879,0],[150.72602268060183,-33.584811574472816,0],[150.72624056787234,-33.584701568075396,0],[150.72645486098332,-33.584587393923293,0],[150.72658535834634,-33.584514633135775,0],[150.72671451182973,-33.58444009792332,0],[150.7268424274346,-33.584363985100424,0],[150.72707973089157,-33.584217468513117,0],[150.72709492499629,-33.58420809227524,0],[150.72719054347181,-33.584145711717355,0],[150.72737851863997,-33.584017258035836,0],[150.7274734202598,-33.583954160406272,0],[150.72757067007583,-33.583893770317339,0],[150.72769462411034,-33.583823591556758,0],[150.72782154528019,-33.583756872438784,0],[150.72795034842059,-33.583692412590246,0],[150.72820937224287,-33.583565446738774,0],[150.72844667569987,-33.583452178107152,0],[150.72892841793222,-33.583235616936307,0],[150.72916780997232,-33.58312539599202,0],[150.72936426433844,-33.583028325320072,0],[150.72940284518324,-33.583009258268099,0],[150.7295857547515,-33.582908825768961,0],[150.72994335520147,-33.582696558912687,0],[150.73012422110247,-33.582593652664087,0],[150.73031054696378,-33.582498831765733,0],[150.73045312756568,-33.58243807395295,0],[150.73074745068703,-33.582329707970324,0],[150.73089187912348,-33.582272221954419,0],[150.73102961960265,-33.582205960394049,0],[150.73113322499927,-33.582145328103024,0],[150.73123310148924,-33.582079882180885,0],[150.73142796943051,-33.581942679078132,0],[150.73162026459687,-33.581810003478566,0],[150.73162859197956,-33.581804266369168,0],[150.73183175226927,-33.581660538408364,0],[150.73193567117795,-33.581591632332163,0],[150.73204332887491,-33.581527423072352,0],[150.73220103171627,-33.581450735912831,0],[150.73236726046798,-33.58138490479282,0],[150.73253681388462,-33.581323223433493,0],[150.73270454821275,-33.581258969819068,0],[150.7328652900548,-33.581185429397173,0],[150.73313918458828,-33.58103254833987,0],[150.73340372945631,-33.580862474955076,0],[150.7336556889272,-33.580677592774485,0],[150.73382405027942,-33.580536894684208,0],[150.73389175540404,-33.580480313780612,0],[150.73410866530753,-33.580273039494507,0],[150.73476209445531,-33.579803192336698,0],[150.73525318635313,-33.579310344127812,0],[150.73532261264987,-33.579268580854325,0],[150.73563994611729,-33.578887306970543,0],[150.73564112111367,-33.578885549706172,0],[150.73569383784783,-33.578806765400337,0],[150.73582472058806,-33.578744922786996,0],[150.73595298653589,-33.578677979709703,0],[150.73607790895423,-33.578606322336881,0],[150.73619878805553,-33.578530361535087,0],[150.73631492495039,-33.578450501435817,0],[150.73650912095189,-33.578288190005672,0],[150.73668260988771,-33.578105719693305,0],[150.73684432909681,-33.577911792969743,0],[150.73700331383409,-33.577715122854158,0],[150.73716854725248,-33.577524432173135,0],[150.73743648954894,-33.577239602194183,0],[150.73770779334112,-33.5769512125107,0],[150.73788643591178,-33.576759446148472,0],[150.73806247067319,-33.576566048533131,0],[150.73825010537985,-33.57635488423189,0],[150.73843566857147,-33.57614237522872,0],[150.73861911623055,-33.575928575400994,0],[150.73880043039091,-33.575713510934399,0],[150.73897955805177,-33.575497237203912,0],[150.7390465633888,-33.575430348489071,0],[150.73914419948039,-33.575332891948101,0],[150.73929829917924,-33.57516223552247,0],[150.73944055728592,-33.574986550720595,0],[150.73953146140281,-33.574857065522217,0],[150.73961384859246,-33.574723063263392,0],[150.73977114000544,-33.574450898999132,0],[150.73985506061928,-33.574317398318819,0],[150.74000044755812,-33.574106206811422,0],[150.7401516789362,-33.573897605929162,0],[150.7403079121338,-33.573691416810277,0],[150.74045066341557,-33.573509905281767,0],[150.74046829554797,-33.573487512983057,0],[150.74063195960957,-33.573285724563824,0],[150.74075542945218,-33.573141315540035,0],[150.74078375602798,-33.573103944233864,0],[150.74083070917126,-33.57302684542146,0],[150.74086916425193,-33.572945577615158,0],[150.74094133400354,-33.572780452094626,0],[150.74098542780928,-33.572701587369941,0],[150.74105445884732,-33.572600321062794,0],[150.74113001614583,-33.572501017858983,0],[150.74121198292391,-33.572405130536239,0],[150.74130027833323,-33.572314047510424,0],[150.74139478559269,-33.572229194625912,0],[150.74149691236235,-33.572155367331717,0],[150.74160864841065,-33.572089786594724,0],[150.7418393806914,-33.571964263937083,0],[150.7419476034286,-33.571894775294965,0],[150.74209676418997,-33.571779382156123,0],[150.74215508371654,-33.571734265830898,0],[150.74235144825113,-33.57155944153206,0],[150.74253407125678,-33.57137297286733,0],[150.74270037995862,-33.571177513108324,0],[150.74284236048587,-33.57097156598708,0],[150.74287703365923,-33.570937394981826,0],[150.74295241129477,-33.570893238514294,0],[150.74299066964434,-33.570882992593894,0],[150.74307338022749,-33.570872594731114,0],[150.74311252611267,-33.570865207996455,0],[150.74314667017831,-33.570851529549508,0],[150.74316840761153,-33.570835770329289,0],[150.74318751837092,-33.570816928121317,0],[150.74322297128188,-33.570775756527837,0],[150.74324187632706,-33.570756287080947,0],[150.74329311443424,-33.570711530239898,0],[150.74334702413105,-33.570668673018595,0],[150.74340290562989,-33.570627376358146,0],[150.74351774266259,-33.570547973005461,0],[150.74358095710912,-33.570510073645544,0],[150.74371469020383,-33.570440799395811,0],[150.74377727672794,-33.570403285457367,0],[150.74383171553251,-33.570359738730254,0],[150.74385203632252,-33.570337659977319,0],[150.74390681558859,-33.570266934279239,0],[150.74397958541479,-33.570236053330945,0],[150.74442596456768,-33.570046563913692,0],[150.74447910261168,-33.57000310682497,0],[150.7445361851581,-33.569962105498313,0],[150.74459648636821,-33.569924035226222,0],[150.74465924267389,-33.569889344356355,0],[150.7447237659658,-33.5698585089307,0],[150.74483031154841,-33.569823746179694,0],[150.74494540010934,-33.56980309315896,0],[150.74506454905537,-33.569788634619329,0],[150.74518327758989,-33.569772382700002,0],[150.7452970842549,-33.569746422885288,0],[150.7454200788886,-33.569699299548027,0],[150.74553827741713,-33.569640647955374,0],[150.74565502426802,-33.569578922275682,0],[150.745773662971,-33.569522565472283,0],[150.74589753615709,-33.56948003175718,0],[150.74595562302002,-33.569469256486151,0],[150.74607631347504,-33.569456563580431,0],[150.74613325318933,-33.56944610267265,0],[150.74618410591921,-33.569427207018506,0],[150.74622150368288,-33.569401452935104,0],[150.74625389872861,-33.569369272295937,0],[150.74631529318842,-33.569299568244823,0],[150.74635009122758,-33.569268992335381,0],[150.74635113147664,-33.569268284261568,0],[150.74639574540694,-33.569238218813062,0],[150.74644431192442,-33.569209865905911,0],[150.74649504787334,-33.569183807869486,0],[150.7465472543644,-33.569159927940852,0],[150.74660015076162,-33.569138109356885,0],[150.74665600531102,-33.569119563181886,0],[150.74683113457061,-33.569077458903848,0],[150.74688739246358,-33.56905949504435,0],[150.74694156177353,-33.569034530512901,0],[150.74704493450653,-33.568974122499505,0],[150.74709749044226,-33.568947418440551,0],[150.74715286079973,-33.568928890188488,0],[150.74721104557904,-33.568922687407266,0],[150.74727215347625,-33.568925510731916,0],[150.74733422885899,-33.568931328037827,0],[150.74739532777303,-33.568934134146822,0],[150.74745350356915,-33.568927913402057,0],[150.74750529773348,-33.568910451003454,0],[150.74755451912282,-33.568885432537208,0],[150.74765183182095,-33.568830680805519,0],[150.74770322264169,-33.568809920512216,0],[150.74773516044502,-33.568801359210106,0],[150.74786601713416,-33.568774180550811,0],[150.74795069951932,-33.568749171027065,0],[150.74803376853023,-33.568719652549213,0],[150.74827853968225,-33.568620457156328,0],[150.74833768386227,-33.56859536749873,0],[150.74845459151169,-33.568542444165438,0],[150.74851386145576,-33.568517900889375,0],[150.74857465584094,-33.568496853097237,0],[150.74865322519065,-33.568478351694473,0],[150.74881786661928,-33.568455959587666,0],[150.74889853263684,-33.568444978351422,0],[150.74897729063275,-33.568426781576918,0],[150.74905061561785,-33.568399110286776,0],[150.74919099175401,-33.568328258749553,0],[150.74926190566086,-33.568295683250419,0],[150.74933587653462,-33.56827207253653,0],[150.74940152900882,-33.568264497705563,0],[150.74954094574426,-33.568267205034068,0],[150.74960543220533,-33.568263072559418,0],[150.74966029231965,-33.56824570957702,0],[150.74968672704358,-33.56822489525095,0],[150.74973242524038,-33.568169694747731,0],[150.74975474568026,-33.568147867679968,0],[150.74977870644378,-33.568138231463074,0],[150.74980082027113,-33.568141548076312,0],[150.75115901548861,-33.567713553468153,0],[150.75224993226453,-33.567369784985935,0],[150.75231669595482,-33.567355120198833,0],[150.75290106621679,-33.567193436864137,0],[150.75331585701102,-33.567075649690132,0],[150.75369837672702,-33.566957827175358,0],[150.75384411311043,-33.56691293587842,0],[150.75433576016715,-33.566718229506918,0],[150.75482497009446,-33.566617456189789,0],[150.75542763634385,-33.566471747066231,0],[150.75595547113343,-33.566324674645664,0],[150.75625479607433,-33.566260044589157,0],[150.75655773403926,-33.566194625545222,0],[150.75702903335645,-33.566062191463587,0],[150.75749954305451,-33.565961068569941,0],[150.75806235554629,-33.565908611447952,0],[150.75856986954585,-33.565823821131993,0],[150.75888576031889,-33.565814005758874,0],[150.75920669782718,-33.565804019721519,0],[150.75973170022866,-33.565766541194556,0],[150.76025588606157,-33.565760374115214,0],[150.76092972672924,-33.565756914442687,0],[150.76157909549195,-33.56576864828611,0],[150.76175281709149,-33.56577179432719,0],[150.7620899440378,-33.565762229703282,0],[150.76246407348901,-33.565768997846241,0],[150.76285611265209,-33.565807408282573,0],[150.76328512916717,-33.565862160434349,0],[150.76377070810409,-33.565902264733573,0],[150.76426084060122,-33.565952247997053,0],[150.76433069629263,-33.565959374666718,0],[150.76487117037826,-33.566047463578734,0],[150.76535593364491,-33.566118870892097,0],[150.76583988124131,-33.566221597676773,0],[150.76613759280795,-33.566289634268635,0],[150.76660484970634,-33.566313729815775,0],[150.766894663285,-33.566397157349165,0],[150.76706929128463,-33.566447427756607,0],[150.76759247369938,-33.566514872094103,0],[150.76799271537931,-33.566522097521521,0],[150.76828717324793,-33.566624716788766,0],[150.76842696637752,-33.566713729437524,0],[150.76869643221664,-33.566783460277179,0],[150.76905544930983,-33.566887227452867,0],[150.76936448234397,-33.566925243674049,0],[150.76946989874429,-33.566958275534333,0],[150.76962076271141,-33.56700554258488,0],[150.7699039790626,-33.567043084197564,0],[150.77017372337949,-33.56710200402474,0],[150.77045527335585,-33.567204381582528,0],[150.77085329170541,-33.567298046368826,0],[150.77119939102479,-33.567401589122007,0],[150.77158451944834,-33.567495020908474,0],[150.77186579094698,-33.567608199702605,0],[150.77202050958502,-33.567663256851617,0],[150.77218579600401,-33.567722078201342,0],[150.7725074683342,-33.567771120288619,0],[150.77286621593279,-33.567885697675592,0],[150.77322523212771,-33.567989465023615,0],[150.77357134043024,-33.568092998714157,0],[150.77386608486151,-33.568184789784972,0],[150.77410973491598,-33.568254045635378,0],[150.77439157145494,-33.568345612733367,0],[150.77456670071447,-33.568392171691968,0],[150.77460967432108,-33.568403592304335,0],[150.77489124226372,-33.568505960833804,0],[150.77510851059498,-33.568596362252904,0],[150.77535161357548,-33.568687229891225,0],[150.77565843316077,-33.568811677233221,0],[150.77588807219178,-33.568923923921659,0],[150.77622016947089,-33.569070440274679,0],[150.77652727561872,-33.569184076578495,0],[150.77678162820155,-33.569340013756751,0],[150.77694845702791,-33.569434682946664,0],[150.77699807277767,-33.569462829196517,0],[150.7773178182216,-33.569587509697826,0],[150.77758702444763,-33.569668032924852,0],[150.77784070509057,-33.569815436469995,0],[150.77822044631739,-33.570082052605784,0],[150.7785271122907,-33.57019862912167,0],[150.77883094677432,-33.570426242163315,0],[150.77913761364607,-33.570542809981127,0],[150.77923878101504,-33.57058203638357,0],[150.77948802487884,-33.570678686187094,0],[150.7798177550971,-33.570758653773133,0],[150.77996730123573,-33.57096496815636,0],[150.78026633063087,-33.57120890492871,0],[150.7805681843293,-33.571334472844597,0],[150.78085056704387,-33.571519776220171,0],[150.78122302023877,-33.571691669585377,0],[150.78143738521501,-33.571800733775504,0],[150.78155960011111,-33.571862917427211,0],[150.78193013540289,-33.572109874723722,0],[150.78216024065952,-33.572234151721034,0],[150.78248081075685,-33.572330012288901,0],[150.78276243170012,-33.572545335920857,0],[150.78309746916517,-33.57277663344162,0],[150.78348557370722,-33.573038919574564,0],[150.78361460142648,-33.573103729426101,0],[150.78385765949119,-33.573225827728038,0],[150.78426446336422,-33.57345839804622,0],[150.7846533296777,-33.573690654884054,0],[150.7851124199918,-33.573984242979087,0],[150.78557381358638,-33.574187751948408,0],[150.78585335582801,-33.574353935328269,0],[150.78606878710454,-33.574481985759626,0],[150.78658016385984,-33.574836582853933,0],[150.7871339761308,-33.57516345473335,0],[150.78728850612256,-33.575298443501026,0],[150.78752604314161,-33.575524837362678,0],[150.78789577174624,-33.575772109004376,0],[150.78792005500497,-33.575791390211101,0],[150.78813425828446,-33.575961499784199,0],[150.78852609173333,-33.576209165347187,0],[150.7889395727839,-33.576475727308818,0],[150.78935446149447,-33.576686775308033,0],[150.78976890284409,-33.576916333616055,0],[150.78994104700195,-33.577104532638735,0],[150.79005325825904,-33.577145059065906,0],[150.79020318977493,-33.577199210527674,0],[150.79029526709155,-33.577251442998389,0],[150.79050990964723,-33.577263840627765,0],[150.79077330736663,-33.577371345550254,0],[150.79106674295249,-33.577505079505116,0],[150.7912576493234,-33.577645553521599,0],[150.79148839148559,-33.577829566548274,0],[150.79165927171391,-33.577952551775596,0],[150.79184104311668,-33.578050026314379,0],[150.79202742197859,-33.578143709270442,0],[150.79226978115406,-33.578246077476358,0],[150.79233539769561,-33.578278527229287,0],[150.79243806165792,-33.578329298891433,0],[150.79260522196259,-33.578457062770568,0],[150.79280567473006,-33.578531948168731,0],[150.79302491576166,-33.57870521287856,0],[150.79318142653864,-33.578832788350489,0],[150.79339207159126,-33.578925672653213,0],[150.7935821074947,-33.578991459247874,0],[150.79377123879459,-33.579092878216358,0],[150.79399253247664,-33.579185950837591,0],[150.79420250469116,-33.579305566307987,0],[150.79445550441116,-33.579408123230536,0],[150.79459441898837,-33.579474339789705,0],[150.79470805497354,-33.579528500267706,0],[150.79491710461821,-33.579683747443319,0],[150.79519096321914,-33.579804501290162,0],[150.79551826439285,-33.579917294985172,0],[150.7958025299763,-33.580047147540213,0],[150.79606527372221,-33.580185524150693,0],[150.79631919601198,-33.580252440613158,0],[150.79658262068091,-33.580364086431331,0],[150.79682475617579,-33.580475356410687,0],[150.79693157035464,-33.58056397459405,0],[150.79703337462919,-33.580648424133393,0],[150.79726508427692,-33.580750604515394,0],[150.79742364860269,-33.580797988247518,0],[150.79758040102649,-33.580916644291001,0],[150.7977391800496,-33.580955135549651,0],[150.79797158050181,-33.581030576331088,0],[150.79823461979339,-33.581130749079847,0],[150.79852052570058,-33.581237536719726,0],[150.79875894935674,-33.581419747455804,0],[150.79895472279983,-33.58148678943855,0],[150.79919735955474,-33.581503821216124,0],[150.79928830858739,-33.581564991298897,0],[150.79939151064048,-33.581634399562802,0],[150.79960247818838,-33.58170171004889,0],[150.799753996129,-33.581717127518758,0],[150.79984283771392,-33.581807681992387,0],[150.80012877146891,-33.581914478523572,0],[150.80030968228564,-33.581968531199877,0],[150.80046152272149,-33.58197123884699,0],[150.80067087689505,-33.582102076923,0],[150.80086633592785,-33.58218182961842,0],[150.80106115086858,-33.582286977006483,0],[150.80127115003259,-33.582392419876008,0],[150.80167143662823,-33.582530330977093,0],[150.8017379937059,-33.582553261258184,0],[150.80202551298737,-33.582596512212078,0],[150.80232695435905,-33.582690848803786,0],[150.80256796875651,-33.582771408452089,0],[150.80286777788933,-33.582929272844723,0],[150.80312366389632,-33.583022803074805,0],[150.80347226412542,-33.583054418841051,0],[150.80408966723706,-33.583268783997738,0],[150.8041864508275,-33.583283000800712,0],[150.80448317694226,-33.583326610606726,0],[150.80495066650428,-33.583462028893351,0],[150.80531381494944,-33.583519327024419,0],[150.80566047930921,-33.583627172894225,0],[150.8059480165569,-33.583670406097397,0],[150.80667398196897,-33.583797694340355,0],[150.80679652025856,-33.58382565330561,0],[150.80697605934785,-33.583866609132166,0],[150.80758344085413,-33.583877375122341,0],[150.80794754870007,-33.583896540018344,0],[150.80820472558611,-33.583939235760369,0],[150.80840091135593,-33.583949562451139,0],[150.80863089084852,-33.583998837041108,0],[150.80883195267367,-33.584002395515121,0],[150.80914273382936,-33.584041568653987,0],[150.80946336680876,-33.584089328502913,0],[150.80946393184914,-33.584089382385095,0],[150.80976431410713,-33.584119904401305,0],[150.81009563164847,-33.584142601518984,0],[150.81029732139606,-33.58412092666601,0],[150.81055848680199,-33.58413396016595,0],[150.81078905828426,-33.584163290023731,0],[150.81095910487602,-33.584199971040988,0],[150.81121000702979,-33.584221242506601,0],[150.81143116686289,-33.58422515045681,0],[150.81162344406286,-33.584178053732806,0],[150.81178365679722,-33.58420613829977,0],[150.81195370338889,-33.584242809570121,0],[150.8121266811834,-33.584224218745199,0],[150.81215539313649,-33.584221134742336,0],[150.81237741265727,-33.5841913925562,0],[150.81254915436995,-33.584160780013306,0],[150.81290100829699,-33.584166992176684,0],[150.81312301883466,-33.584137249971874,0],[150.81332492327962,-33.584107157522574,0],[150.81358608958385,-33.584120191772946,0],[150.81377794547402,-33.584089920458744,0],[150.81399994702849,-33.584060177479017,0],[150.81420186045662,-33.58403007677083,0],[150.81454302083856,-33.584061351662356,0],[150.81475475914095,-33.584039847416065,0],[150.8147956711139,-33.584032999133811,0],[150.81493656647632,-33.584009396466165,0],[150.81516820515719,-33.583996658551499,0],[150.81539000009914,-33.583975324916267,0],[150.8155933930525,-33.583886339046664,0],[150.81581518889277,-33.583865013616169,0],[150.8159756082396,-33.583884671687947,0],[150.8160966670039,-33.583869979771784,0],[150.81632830478645,-33.583857241836533,0],[150.81674217211255,-33.583797219127696,0],[150.81696438926272,-33.583759059914833,0],[150.81716565770043,-33.583754201517664,0],[150.81731815300816,-33.583689553078592,0],[150.81742298640177,-33.583665753496312,0],[150.81749010851982,-33.583650505505688,0],[150.81787308547825,-33.583622098959673,0],[150.81816853868028,-33.583555021217364,0],[150.81851508625903,-33.583517749462885,0],[150.81874071790551,-33.583478343343408,0],[150.81901744482713,-33.583468761223649,0],[150.81925853108982,-33.583501937175882,0],[150.81958707014206,-33.583493268817421,0],[150.81982816538792,-33.583526435031402,0],[150.8200703457986,-33.583516242996396,0],[150.82008969820475,-33.583515732608817,0],[150.82039888395252,-33.583507575387706,0],[150.82081306479068,-33.583529330470171,0],[150.82145069077598,-33.583598407123795,0],[150.82175941029809,-33.583690601541292,0],[150.8220854214911,-33.583783101193795,0],[150.82237578214381,-33.583918358613843,0],[150.82264887897333,-33.584053311237646,0],[150.82265549416707,-33.584056215639066,0],[150.82302488231022,-33.584218992179743,0],[150.82327852702053,-33.584440357604514,0],[150.82351308702269,-33.584733695103623,0],[150.82366127940014,-33.585025499721262,0],[150.82380620909652,-33.585447398479516,0],[150.82381512846899,-33.58578014138314,0],[150.82383291331496,-33.585938140212427,0],[150.82385751008576,-33.586156852830484,0],[150.82376315553992,-33.586473325514753,0],[150.82358279988199,-33.586773816225836,0],[150.82340425522767,-33.587002039606809,0],[150.82324480426476,-33.587158290327729,0],[150.82318716566118,-33.587388646943978,0],[150.82312771695234,-33.587691261977021,0],[150.82296681341359,-33.587905330500199,0],[150.82288610158199,-33.587980852011718,0],[150.82275444808712,-33.588104044277628,0],[150.82252480815782,-33.588302444048153,0],[150.8222242462368,-33.588571892362474,0],[150.82214584756699,-33.588662518216523,0],[150.82201750077081,-33.588882745267753,0],[150.82193106128094,-33.589228189617515,0],[150.82171891065181,-33.589419642415294,0],[150.82142794902626,-33.589653064829527,0],[150.8213753571579,-33.589784135956329,0],[150.82128969740572,-33.589997613357816,0],[150.82123134194651,-33.590256815750514,0],[150.82070230610941,-33.590681224191314,0],[150.82059215648593,-33.590939512346871,0],[150.82042962160665,-33.591218569603662,0],[150.82032053918161,-33.59143351685865,0],[150.82012406684925,-33.591726719834,0],[150.82010510790516,-33.59175500997052,0],[150.8199695718917,-33.591991175303022,0],[150.81988398400472,-33.592281446816543,0],[150.81926653597733,-33.593149832548768,0],[150.81913099187904,-33.593385997803971,0],[150.81891609869345,-33.593685806699412,0],[150.8185007168077,-33.59421667128408,0],[150.8183804826968,-33.594370322900723,0],[150.81803112967947,-33.594862947409339,0],[150.81776222798231,-33.595248551261356,0],[150.81728442126922,-33.595695531198963,0],[150.81696479260629,-33.596036870248994,0],[150.816948881646,-33.596052172170026,0],[150.81656633498056,-33.596420188165645,0],[150.81624669733446,-33.596761527340789,0],[150.81584769263472,-33.597166520352062,0],[150.81545971295844,-33.597606364797478,0],[150.81524241767775,-33.597797243802738,0],[150.81494704532412,-33.598056706342511,0],[150.81443944239138,-33.59849153080237,0],[150.81400773721865,-33.598923979667823,0],[150.81366147620253,-33.599305119369753,0],[150.81348053843627,-33.599501726058783,0],[150.81335861010277,-33.59963421433104,0],[150.81311705761448,-33.600034805509523,0],[150.81291711598843,-33.600453736741862,0],[150.81284691085233,-33.600734139193563,0],[150.81273242236597,-33.601101779059618,0],[150.81269982969084,-33.601558869932873,0],[150.81270525282025,-33.601624020499109,0],[150.8127321178371,-33.601946705683311,0],[150.81280912771149,-33.602229707787387,0],[150.81288301773685,-33.602635883467592,0],[150.8131981817728,-33.603486385577384,0],[150.81332958463761,-33.603809832934544,0],[150.81335664728385,-33.603876444515926,0],[150.81355940333171,-33.604179283773881,0],[150.81370262083911,-33.604340240907995,0],[150.81394588551635,-33.604525104551882,0],[150.81405869684806,-33.604570309975436,0],[150.81416839821227,-33.60461563209229,0],[150.81443339133958,-33.604564385088509,0],[150.81474574993692,-33.604693125404971,0],[150.81503486552464,-33.604909471102353,0],[150.81530516500032,-33.60503746795861,0],[150.81570254734268,-33.605132495272017,0],[150.8160797786766,-33.605191971179458,0],[150.81654114622,-33.605252926198339,0],[150.81665425309743,-33.605264911297738,0],[150.81693986345886,-33.605295164706895,0],[150.81740477126274,-33.605215357812661,0],[150.81793322499161,-33.605119066912138,0],[150.81818738084334,-33.605053146114635,0],[150.81861155633737,-33.604919806505571,0],[150.81924809715778,-33.60473354460234,0],[150.81926652699417,-33.604728156923365,0],[150.81957029859572,-33.604637836000364,0],[150.81991672939344,-33.604504783800955,0],[150.82018976334089,-33.604396534571372,0],[150.82051452857061,-33.604297876984106,0],[150.8207871232419,-33.604207000453819,0],[150.8211320125306,-33.604134803889607,0],[150.82139443288304,-33.60403505289603,0],[150.8215624627569,-33.603968432458885,0],[150.82174967525535,-33.603902727009135,0],[150.8218456521586,-33.603869049383455,0],[150.82209789909041,-33.603760423762708,0],[150.82237069947587,-33.603660851902582,0],[150.82263224217419,-33.603595871967272,0],[150.82291522586178,-33.60350519222073,0],[150.82319235612695,-33.603466306248933,0],[150.82345647968509,-33.603375886738526,0],[150.82356109838136,-33.603299110511365,0],[150.82379511220785,-33.603242341774099,0],[150.82402547707758,-33.603176814590441,0],[150.82423735911044,-33.603092795619553,0],[150.82442450872682,-33.603018582472451,0],[150.824607338345,-33.602846429034031,0],[150.82481453207035,-33.602764032591182,0],[150.82514419132178,-33.602569110812304,0],[150.82549057720371,-33.60238880927097,0],[150.82595553890656,-33.602253506737576,0],[150.82637063333135,-33.602060046551308,0],[150.82655271914453,-33.601979316365991,0],[150.82699292237982,-33.601784170594804,0],[150.82708014160738,-33.601714027337636,0],[150.82804915699933,-33.601243517301981,0],[150.82845445439764,-33.601082282036522,0],[150.82870792842812,-33.600930082696571,0],[150.8288832643002,-33.600855762189362,0],[150.82902337094183,-33.600796367091419,0],[150.8293071622148,-33.600679503439324,0],[150.82964383102032,-33.600528756434244,0],[150.83000213934278,-33.600388676574589,0],[150.83010644362872,-33.600318829226921,0],[150.8302271259989,-33.600277908146857,0],[150.8303830456845,-33.600194624100425,0],[150.83124349787769,-33.599772734612905,0],[150.83145597998509,-33.599668546066155,0],[150.83181837564209,-33.599531477931265,0],[150.83209751454021,-33.599395010408095,0],[150.8324850360757,-33.599217585918886,0],[150.83276836022472,-33.599126745187348,0],[150.83318368012667,-33.598868771114695,0],[150.83374901059619,-33.598642842546866,0],[150.83379438629785,-33.598591514924856,0],[150.83412011092827,-33.598396001583858,0],[150.83440045895878,-33.598277811789131,0],[150.8347537474954,-33.598131627107406,0],[150.83500291949397,-33.598016269798805,0],[150.83527693889326,-33.597881719872767,0],[150.83560275335523,-33.597756780200548,0],[150.83568852000698,-33.597712946480719,0],[150.83586634780568,-33.59762205178702,0],[150.83606708713572,-33.597503628226718,0],[150.836309007035,-33.597403357012105,0],[150.83649890010631,-33.597302163089573,0],[150.83667838619496,-33.597200789468246,0],[150.83682665942081,-33.597098877735306,0],[150.83697581030077,-33.596962141481526,0],[150.83733286367669,-33.596835327599067,0],[150.837523187041,-33.596716725622244,0],[150.83775520211594,-33.596352958001695,0],[150.83775778387405,-33.596348906187131,0],[150.83783022132369,-33.596295947493957,0],[150.83811030974101,-33.59602852490184,0],[150.83819856023453,-33.595915417046825,0],[150.8382683180096,-33.595859293688356,0],[150.83844623474155,-33.595600655859279,0],[150.83863938151077,-33.595368883751725,0],[150.83875709674558,-33.595240303860933,0],[150.83896735642102,-33.59515688549935,0],[150.83906555665456,-33.594975705706155,0],[150.83926932600204,-33.594735408358353,0],[150.83933496859481,-33.594576028614611,0],[150.83936904079525,-33.594493291287897,0],[150.83954808760782,-33.594409325215281,0],[150.83963502027279,-33.594262782287096,0],[150.83966038779809,-33.594080338272114,0],[150.8396866257909,-33.593863069716107,0],[150.8397646570497,-33.593655410037051,0],[150.83988410243975,-33.593457180464725,0],[150.83999249495861,-33.593284883724145,0],[150.83999748779493,-33.593084655377034,0],[150.83997343719986,-33.592796831224462,0],[150.83995957888999,-33.592517889820272,0],[150.83995294572995,-33.592489079871655,0],[150.83990323116544,-33.592273047977272,0],[150.83976823414122,-33.592126414617645,0],[150.83971604561646,-33.591876857396642,0],[150.83924582158267,-33.591231513731799,0],[150.83884152850084,-33.590277549184442,0],[150.8387824741524,-33.590095840562427,0],[150.83864839071475,-33.589806797161543,0],[150.83846728226865,-33.589234787548797,0],[150.83838809487798,-33.588708278979659,0],[150.83825605510771,-33.588575988693549,0],[150.8382054359397,-33.588484233525037,0],[150.83811999986804,-33.588284901008123,0],[150.83789365046752,-33.587429315963718,0],[150.83782120403481,-33.586898030201986,0],[150.83782190292413,-33.586869390494719,0],[150.83777451050469,-33.586087820880749,0],[150.8377488555185,-33.585664775039625,0],[150.83764022943768,-33.58451685651395,0],[150.83756461824021,-33.584114445836803,0],[150.83756841002901,-33.583959969215748,0],[150.83756616064755,-33.583840273386173,0],[150.8375575278377,-33.583379883345323,0],[150.83751506537251,-33.582766926432086,0],[150.83753315474738,-33.582042260295047,0],[150.83760134406398,-33.581624565780864,0],[150.83760223159945,-33.58158873682838,0],[150.83761259366631,-33.581173659481252,0],[150.83764349301714,-33.580706985923676,0],[150.83773011127175,-33.580321839455188,0],[150.83775859954434,-33.579951788737951,0],[150.83784803311912,-33.579453920334714,0],[150.83786534185799,-33.579346980058418,0],[150.83793907108497,-33.578891627535668,0],[150.83802889902014,-33.578377650903128,0],[150.83816083099265,-33.577719407553872,0],[150.8381902867508,-33.577171637099127,0],[150.83820066678385,-33.577110305236481,0],[150.83857868683859,-33.574875917326587,0],[150.83895667994383,-33.572641537442379,0],[150.83899655166775,-33.572405883492259,0],[150.83934076811826,-33.571609478404454,0],[150.83948340351739,-33.571368356278576,0],[150.83969472050995,-33.571114084246638,0],[150.83981640629833,-33.571030190478865,0],[150.84007602121207,-33.570791488813747,0],[150.8402023234427,-33.570702556713911,0],[150.84030843873222,-33.570627823949572,0],[150.84066144968941,-33.570550035071449,0],[150.84094135844373,-33.570387006708323,0],[150.84119253817701,-33.570370405360102,0],[150.841482102024,-33.570322994945869,0],[150.84168471434137,-33.570242570381069,0],[150.84202389393818,-33.570217014140738,0],[150.84240196789176,-33.570139645540962,0],[150.84272285150115,-33.570022414768765,0],[150.84273095430504,-33.570019447770726,0],[150.84303435849557,-33.569919795048811,0],[150.84334898533905,-33.569872823749087,0],[150.84366335167104,-33.569836314034035,0],[150.84406753785333,-33.569717424199432,0],[150.84440774781774,-33.569649898532759,0],[150.84466023639635,-33.56958083167293,0],[150.84497564297743,-33.569502378688988,0],[150.84531621136961,-33.569430093199905,0],[150.8453411845345,-33.569424786398464,0],[150.84559502687426,-33.569368689969501,0],[150.84594051623756,-33.569281604431545,0],[150.84637024960824,-33.569183099794941,0],[150.84687993303919,-33.569050325241136,0],[150.84694846191897,-33.569017490286811,0],[150.84723542604149,-33.568960380879368,0],[150.84743648786673,-33.568863085445706,0],[150.84778948984081,-33.568785287492581,0],[150.84789037963034,-33.568765351283332,0],[150.84818008630947,-33.568708124943541,0],[150.84908608488425,-33.568576955188369,0],[150.84955240843303,-33.568480126386177,0],[150.84982915332091,-33.568442961893595,0],[150.85018190466499,-33.568375624600669,0],[150.85045892713231,-33.568327972073838,0],[150.85053036116369,-33.568314274512424,0],[150.85078780664608,-33.568264919111684,0],[150.85128427675747,-33.568230327125896,0],[150.85140385599655,-33.568232344337162,0],[150.85217610261202,-33.568102124457397,0],[150.85233159200453,-33.568033119982211,0],[150.85298251125943,-33.567972478483533,0],[150.85365085693249,-33.567897799493842,0],[150.85393250482517,-33.567873103339615,0],[150.85406189995535,-33.567861764244071,0],[150.85426829597674,-33.567807935518488,0],[150.85449141862864,-33.567768727316853,0],[150.85521101947691,-33.567694899950837,0],[150.85543275243512,-33.567712971130575,0],[150.85587831591772,-33.567663176012935,0],[150.85599789605507,-33.567665193237474,0],[150.85649366637892,-33.567659214168863,0],[150.85659881418292,-33.567635943851393,0],[150.85661394540557,-33.567632591290455,0],[150.85738443491633,-33.567573939790854,0],[150.85883826747383,-33.567526789070079,0],[150.85894077063762,-33.567528510637338,0],[150.85897435864609,-33.567524405073641,0],[150.85930912751482,-33.567535726249304,0],[150.85962321626747,-33.567539293635662,0],[150.85993254484731,-33.567555948672265,0],[150.860215403669,-33.567499681866352,0],[150.86054908737285,-33.567461934612467,0],[150.86082234589912,-33.567344802750199,0],[150.861073094441,-33.567296916867981,0],[150.86154571158673,-33.567068407093323,0],[150.86159130288402,-33.567046355942182,0],[150.86236221370464,-33.566683502917307,0],[150.8623970746259,-33.566655436601003,0],[150.86267317452345,-33.566545466194711,0],[150.86302038505886,-33.566322084025046,0],[150.86357259293877,-33.566102143720414,0],[150.86365939085641,-33.566046289150322,0],[150.86372842279269,-33.566018796742206,0],[150.86388713893376,-33.565969773121203,0],[150.86397930698021,-33.565941303119942,0],[150.86426343781642,-33.565824152727387,0],[150.86455904283369,-33.565663599042203,0],[150.8648548634466,-33.565494341208726,0],[150.86497346621698,-33.565330730676465,0],[150.86503851771826,-33.565227232597223,0],[150.86532306088114,-33.565092647257742,0],[150.86557572912281,-33.56498366366867,0],[150.86587219472608,-33.56478825756129,0],[150.86604588937621,-33.56468456196788,0],[150.86633828561125,-33.564510015322305,0],[150.86655379773617,-33.564375726033276,0],[150.86674516045119,-33.564235672808152,0],[150.86672842483748,-33.564221070365825,0],[150.86679778825214,-33.56417925338274,0],[150.86718019118712,-33.563913471605375,0],[150.86805009186051,-33.563212990615611,0],[150.86857444927162,-33.56279074213937,0],[150.86867971295831,-33.562677894626724,0],[150.86871386600711,-33.562678468015669,0],[150.86956956701079,-33.561919192167643,0],[150.86979751271747,-33.561679468983392,0],[150.86988534100283,-33.561580649513552,0],[150.86988720590534,-33.56157889264545,0],[150.86999026512626,-33.561482126360389,0],[150.87020145635461,-33.561227791528836,0],[150.87129253392902,-33.559656755712474,0],[150.87195096489631,-33.558708644164916,0],[150.87217944779562,-33.558401977972508,0],[150.87238259820387,-33.558187505398386,0],[150.87253262853437,-33.558015728878772,0],[150.87265227963863,-33.557808526417503,0],[150.87269045713992,-33.557733157418902,0],[150.87273985819232,-33.557635665181166,0],[150.87284737215882,-33.557498014494094,0],[150.87296531107413,-33.557360551485118,0],[150.87306413923014,-33.557152999354415,0],[150.87323391632722,-33.557025146304923,0],[150.87351949973922,-33.556846960205839,0],[150.87383609029987,-33.556678033940784,0],[150.87407959662389,-33.556516565676802,0],[150.8743322280346,-33.556407563779111,0],[150.87461503295745,-33.556342682255682,0],[150.87466960561099,-33.556334507494682,0],[150.87487636904325,-33.556303563921212,0],[150.87529471806431,-33.556232282492275,0],[150.87558708645162,-33.556202431846472,0],[150.87584776856394,-33.556189470486977,0],[150.87613926828041,-33.556194471922062,0],[150.87642014541862,-33.556208007461294,0],[150.87676156541372,-33.55630105384931,0],[150.87709321443347,-33.556367772478829,0],[150.87728695319248,-33.556471100762224,0],[150.87732967527069,-33.556493886747624,0],[150.87742994701938,-33.556652531328162,0],[150.87751681680228,-33.556933023719871,0],[150.87753038765129,-33.557229686389562,0],[150.87748277155137,-33.557472986732613,0],[150.87743345134731,-33.557786008774819,0],[150.87735502572804,-33.558011345135903,0],[150.87713084575901,-33.558234180625035,0],[150.8768645976852,-33.558473734460215,0],[150.8768468936876,-33.558502768362651,0],[150.87669098298517,-33.55875845717209,0],[150.87650951611124,-33.558938435924631,0],[150.87643354648597,-33.559031473382753,0],[150.87604365788974,-33.559476561369365,0],[150.87570427257879,-33.55988433291428,0],[150.87539175318307,-33.560315527538805,0],[150.87535820919197,-33.560377522588432,0],[150.87513299885529,-33.560793630401029,0],[150.87478852189335,-33.561408101987936,0],[150.87453256402111,-33.561771349213302,0],[150.8744121062297,-33.562205860240439,0],[150.87436065342516,-33.562455444878317,0],[150.87425633027459,-33.562961443231032,0],[150.87404904761607,-33.56357827301975,0],[150.87406184771049,-33.564175910418555,0],[150.87396813815502,-33.564674486724591,0],[150.87396713473686,-33.564679793069431,0],[150.8738998688884,-33.565184142855571,0],[150.87386116227941,-33.565643026615412,0],[150.87395965805877,-33.566104277001976,0],[150.87405590445664,-33.566657390973816,0],[150.87410977822083,-33.566909673110928,0],[150.87412977651567,-33.567003319504153,0],[150.87421667324804,-33.567210082985312,0],[150.87440583149746,-33.567508968601459,0],[150.87454216431655,-33.567749391922838,0],[150.87457261540803,-33.567975982977551,0],[150.87472938669649,-33.568300362877565,0],[150.87508274620001,-33.568444297216836,0],[150.87559365762792,-33.568498197401624,0],[150.87560299831028,-33.5684991839234,0],[150.87607006656248,-33.568484222922464,0],[150.8765348755517,-33.568561134176107,0],[150.87705457070652,-33.568638977241108,0],[150.87752107481671,-33.568646990658905,0],[150.87827147620109,-33.56863315916695,0],[150.87829282825712,-33.568632764708532,0],[150.87836263094792,-33.56865605346978,0],[150.87851604074055,-33.568672932840236,0],[150.87865271402114,-33.568675209769843,0],[150.87983013316912,-33.568752138068795,0],[150.88020494354333,-33.568801359210106,0],[150.88037578873733,-33.568804201251126,0],[150.88095732661125,-33.568785233600828,0],[150.88097321062207,-33.56878416699319,0],[150.88129968804071,-33.568762276458536,0],[150.88263704144524,-33.568583964875678,0],[150.8830477449049,-33.568562146894614,0],[150.88363328926499,-33.568443347370895,0],[150.88370036736555,-33.568429739647733,0],[150.88390640406081,-33.568390182178931,0],[150.88394091553744,-33.568376430735334,0],[150.88454125155695,-33.568286127888108,0],[150.88476402386596,-33.568261181097085,0],[150.88588029918409,-33.568036185102422,0],[150.88625182980917,-33.567925767352286,0],[150.8863593168262,-33.56789381969643,0],[150.88693029500394,-33.567724113388664,0],[150.8872408884117,-33.5676003388838,0],[150.88736286974583,-33.567502075594071,0],[150.887604780662,-33.567391487249438,0],[150.88767312179382,-33.567392624982595,0],[150.88774213576383,-33.567365115038946,0],[150.88782755386924,-33.567366531217786,0],[150.88811968959291,-33.567299749227878,0],[150.88832743039222,-33.567188587265122,0],[150.88855089350574,-33.567134982673117,0],[150.88870692009081,-33.567069025363814,0],[150.88884439197369,-33.567010921392168,0],[150.88915395411553,-33.566930093287851,0],[150.88920485984605,-33.566945268632679,0],[150.88925679774084,-33.56691747186607,0],[150.88960189274371,-33.566779937021927,0],[150.89005010984968,-33.566645101104378,0],[150.890382592506,-33.5664245875099,0],[150.89063034786133,-33.566178822060898,0],[150.89082153181172,-33.565920184338687,0],[150.89095592876137,-33.565427299529482,0],[150.89100892397326,-33.565232942364361,0],[150.89111770186932,-33.564853855821035,0],[150.89118440267745,-33.564450252374023,0],[150.89121048795673,-33.563962621399718,0],[150.89113387244274,-33.563604196513346,0],[150.89099338042388,-33.563213743651779,0],[150.89098733835527,-33.563196953788086,0],[150.89074129518886,-33.562788017422548,0],[150.8906054995623,-33.562523804068704,0],[150.89061331670192,-33.562202526182496,0],[150.89067510552204,-33.562001203937136,0],[150.8906287614366,-33.561762627770577,0],[150.89061367512969,-33.561684927469585,0],[150.89055019208686,-33.561582836803119,0],[150.89047242942434,-33.561272002344438,0],[150.890308783329,-33.560983505423664,0],[150.89011903398819,-33.560599336166689,0],[150.88997308200905,-33.560168294170545,0],[150.88982511421034,-33.559820554406684,0],[150.88970585746654,-33.559461385460615,0],[150.88955235784232,-33.559155650928702,0],[150.88948883886692,-33.559029142301021,0],[150.88938959928254,-33.558432231346224,0],[150.88930823257905,-33.557692998421643,0],[150.88929167662832,-33.557204641332582,0],[150.88931000765001,-33.556919173882456,0],[150.88931457917653,-33.55684790119615,0],[150.88945119945649,-33.556493107451757,0],[150.88959100156924,-33.556007420598753,0],[150.88968440659585,-33.555675691080943,0],[150.88978544820071,-33.555524593705478,0],[150.88992052607333,-33.555322590376846,0],[150.89009804934312,-33.55503992027289,0],[150.89028702792945,-33.554848835144945,0],[150.89049168391412,-33.554641884109223,0],[150.89069734511361,-33.554371593230293,0],[150.89087255522156,-33.55418411124456,0],[150.89110403130729,-33.554021397099348,0],[150.89143501737038,-33.5538603775368,0],[150.89171088460424,-33.553626990831596,0],[150.89197339388983,-33.55335766849938,0],[150.89207667768963,-33.553199866816058,0],[150.89215061263073,-33.553086893728782,0],[150.89238556699334,-33.552781382935223,0],[150.89259237534142,-33.552463493828945,0],[150.89305472833666,-33.552089408308611,0],[150.89316970909982,-33.551896942894409,0],[150.89324008491576,-33.551812153046399,0],[150.89343547298162,-33.551500215107581,0],[150.89349013546666,-33.551357858377074,0],[150.89351277840171,-33.551318201753368,0],[150.893579291462,-33.551201741244469,0],[150.89379073332029,-33.550933046207959,0],[150.8939031152573,-33.550519448298687,0],[150.89402813559201,-33.550292300858573,0],[150.89416065955436,-33.54975008815348,0],[150.89416270322164,-33.549664176948397,0],[150.8941848978973,-33.549449651236138,0],[150.89417225860126,-33.549263199963292,0],[150.89415152458622,-33.549174779492468,0],[150.8940947025512,-33.548932420811965,0],[150.89397957805767,-33.548744275679432,0],[150.8937810970923,-33.548468794518229,0],[150.89336569724028,-33.547974834592388,0],[150.89333289795258,-33.547916989544838,0],[150.89329941774199,-33.547887785129376,0],[150.89311734181027,-33.547641239964719,0],[150.8929397385904,-33.547186891919814,0],[150.89289187994538,-33.547064461818998,0],[150.89286351743689,-33.546820435134222,0],[150.89295573938222,-33.546535452211941,0],[150.89301005152436,-33.546407392532778,0],[150.89299097669758,-33.546403072588248,0],[150.89285742236763,-33.546231465798499,0],[150.89250642812826,-33.546046924237096,0],[150.89228249070436,-33.545900255772011,0],[150.89206201179431,-33.545610800091374,0],[150.89178613647562,-33.545260882155297,0],[150.89152707761897,-33.544804104776723,0],[150.89141780654785,-33.544627953161374,0],[150.89128078382265,-33.544407071892721,0],[150.89111832889336,-33.544070976274398,0],[150.89080487704635,-33.543635219508673,0],[150.89060661167665,-33.543301822261171,0],[150.89052359566628,-33.543200161346057,0],[150.89034290942834,-33.542896318185264,0],[150.89020843163033,-33.542633879858549,0],[150.89019784498467,-33.542620649169251,0],[150.8900097988496,-33.542385703206001,0],[150.88986665320738,-33.542260871127112,0],[150.88975540135104,-33.542026418346623,0],[150.88963072956267,-33.541742789043653,0],[150.88956391287184,-33.541484617239675,0],[150.88967393673119,-33.541168269399535,0],[150.88984032538306,-33.540938558407511,0],[150.89000641938753,-33.540721083460454,0],[150.89005684182439,-33.540602552626552,0],[150.89009945610482,-33.540502362060018,0],[150.89022289899799,-33.540235200125551,0],[150.89035797776893,-33.540090628766293,0],[150.89046651311983,-33.539835450760918,0],[150.89064691369356,-33.539630453940504,0],[150.89073507435549,-33.539563762069911,0],[150.89090008319513,-33.539438938643968,0],[150.89125731533582,-33.539175756040819,0],[150.89153970793191,-33.53898473391498,0],[150.89168998889241,-33.538875462809592,0],[150.89185221025971,-33.538757514223754,0],[150.89202354773042,-33.538638625037144,0],[150.89226269812372,-33.538387768331766,0],[150.89271640034275,-33.538173600986823,0],[150.89314725481094,-33.538061452858003,0],[150.89356020675382,-33.537846586107079,0],[150.8939035904661,-33.537649934064447,0],[150.8939943688188,-33.537597943453065,0],[150.89432539889933,-33.537398745780393,0],[150.89498785521738,-33.536983301014516,0],[150.89540121140215,-33.536751367021431,0],[150.89567274785799,-33.536482877892816,0],[150.8957961548185,-33.536251167939405,0],[150.89584716924514,-33.536152026610452,0],[150.89607740924907,-33.535704643247854,0],[150.89627543207371,-33.535192190189683,0],[150.8965200684784,-33.534842783428132,0],[150.89672974514718,-33.53448172327397,0],[150.89697437167035,-33.534260429696936,0],[150.89706941702073,-33.534166863122046,0],[150.89749724057307,-33.533745646048288,0],[150.89774176917996,-33.533520462057446,0],[150.89788348919578,-33.533307907558424,0],[150.89812767734117,-33.533097047833259,0],[150.89826701322826,-33.532984738864215,0],[150.8983711746821,-33.532914828733723,0],[150.89852623378161,-33.532860076666317,0],[150.89857190502897,-33.5328356138576,0],[150.89857814472694,-33.53283227941504,0],[150.89857916611138,-33.53278932402543,0],[150.89859759594776,-33.532732321707499,0],[150.89873931686193,-33.532519768266049,0],[150.8991292943914,-33.531924496788136,0],[150.89932598231948,-33.531555261568577,0],[150.89937891464925,-33.53148450860872,0],[150.89941510238219,-33.531399144605608,0],[150.89946905609645,-33.531285427893017,0],[150.89948749491603,-33.531228426081221,0],[150.89954007780111,-33.531171988844015,0],[150.89957593405572,-33.531100949520074,0],[150.89967246701613,-33.530793843128436,0],[150.89972376800537,-33.530630618420737,0],[150.89972513074966,-33.530573338362167,0],[150.8997456042533,-33.530430416239668,0],[150.89974764792055,-33.530344488075926,0],[150.89965062178507,-33.530113674496121,0],[150.89962457243843,-33.529812681825426,0],[150.89964530645352,-33.52955717244815,0],[150.89968088423035,-33.529289732565445,0],[150.89977227164081,-33.529120707497064,0],[150.89999838837761,-33.528795574662382,0],[150.90010766843199,-33.528655566350025,0],[150.90022363554519,-33.528506979785078,0],[150.90047914425983,-33.528170167099766,0],[150.90069306995989,-33.527747354212394,0],[150.9008592439144,-33.527494309951734,0],[150.9010396714375,-33.527253689977726,0],[150.90120554086315,-33.527012827452921,0],[150.90134026929118,-33.526856720261094,0],[150.90144443972812,-33.526702297725272,0],[150.90144590937197,-33.526700119287931,0],[150.90157915018986,-33.526604903774619,0],[150.90175869916058,-33.526400820646813,0],[150.90187681684068,-33.526329718242742,0],[150.90206500670621,-33.526369464963352,0],[150.90233928661692,-33.526459400500705,0],[150.90255598182301,-33.526523995180895,0],[150.90271450123302,-33.52658759457497,0],[150.9029181178669,-33.526591045332019,0],[150.90303623644527,-33.526519943084359,0],[150.90328614326575,-33.526414518114208,0],[150.90344098676962,-33.526027255854061,0],[150.9034646070717,-33.525983574426697,0],[150.90353237418006,-33.525858231148447,0],[150.90374010599626,-33.525691178636016,0],[150.90401879573679,-33.525598419056934,0],[150.90438591563378,-33.525458428783125,0],[150.90475247049054,-33.525342793133859,0],[150.90511989581481,-33.525190620508624,0],[150.90550185947362,-33.525038690251328,0],[150.90579398621412,-33.524941170862469,0],[150.90581062391146,-33.524935613449962,0],[150.90595909386835,-33.524859545534518,0],[150.90611412601845,-33.524804783873059,0],[150.9064647968643,-33.524623908760717,0],[150.90678946327935,-33.524434455589066,0],[150.90711294661315,-33.524293711553547,0],[150.90739192381454,-33.524188770643406,0],[150.90764445730889,-33.523973733866768,0],[150.90786613636817,-33.523831268890156,0],[150.90801217728057,-33.523697069147843,0],[150.90807444130951,-33.523639843658529,0],[150.90828158113595,-33.523497136989654,0],[150.90851750388242,-33.523367105051314,0],[150.90865258175501,-33.523252392984077,0],[150.90882028913373,-33.522997386201496,0],[150.90889157045154,-33.522542463773291,0],[150.90877739637554,-33.521968966843787,0],[150.9087298871751,-33.521746884100551,0],[150.90868152637182,-33.521520812113295,0],[150.9086457599488,-33.521234422459635,0],[150.90854429703404,-33.52101837255092,0],[150.90827224045361,-33.520799435794416,0],[150.90797845452479,-33.520597997612064,0],[150.90723635357367,-33.519985085651697,0],[150.90718364582261,-33.519941547211936,0],[150.90661738200356,-33.519539019874074,0],[150.9063449130964,-33.519337939738236,0],[150.90624302797346,-33.519139737260396,0],[150.90599188417289,-33.518939015682072,0],[150.9056571692031,-33.518665426444841,0],[150.90542563023524,-33.518536479185357,0],[150.90526174159476,-33.51853370963503,0],[150.90521240342446,-33.518532876073785,0],[150.90482392248828,-33.518315749939788,0],[150.90429914466554,-33.517891987154108,0],[150.90401657330477,-33.517569113598249,0],[150.90349859842371,-33.517054482228275,0],[150.90339784338147,-33.516964797544219,0],[150.90338312448552,-33.516953027864268,0],[150.90322655980958,-33.516827872965365,0],[150.90302444875218,-33.516763529430349,0],[150.90270802887142,-33.516611966333919,0],[150.90246433390115,-33.516461631998709,0],[150.90220696926718,-33.516274508911572,0],[150.90202174653706,-33.516112977893592,0],[150.90182198457404,-33.51595120466169,0],[150.90154920125656,-33.51580037711441,0],[150.90134884730381,-33.515662950389427,0],[150.90125149867308,-33.515600596716645,0],[150.90113395411819,-33.515525290520202,0],[150.90094965485613,-33.515325052621733,0],[150.90069229920539,-33.515137930072108,0],[150.90052014606434,-33.515037533242023,0],[150.90030526096353,-33.514899864139032,0],[150.90013516047287,-33.514714220624661,0],[150.89989236202123,-33.514527348406624,0],[150.89964985103055,-33.514328294564336,0],[150.89949518629143,-33.514106354731055,0],[150.89941177681899,-33.513984390825776,0],[150.89936873134721,-33.513921445753347,0],[150.89919834429401,-33.513747984439469,0],[150.89900035650373,-33.513513127786368,0],[150.89887538108476,-33.513267326436456,0],[150.89880855451247,-33.513022520531223,0],[150.89882720802933,-33.51285225856055,0],[150.89891770880266,-33.512719770435901,0],[150.89919636350882,-33.512627029152185,0],[150.89947234572702,-33.512343901845419,0],[150.89964351341624,-33.512185777371087,0],[150.89977345472204,-33.51206572292471,0],[150.89983844423961,-33.511943436324572,0],[150.89997285915555,-33.511799510476777,0],[150.90028176642559,-33.511658542905998,0],[150.90067704221858,-33.511555582731553,0],[150.90114472851172,-33.511466041396773,0],[150.90161212914055,-33.511388673366596,0],[150.90199792950392,-33.511297859317267,0],[150.90209494665626,-33.51127501947299,0],[150.90253443303598,-33.511148439259983,0],[150.90294424806191,-33.51104573838041,0],[150.90329559983078,-33.510954207180497,0],[150.90358701869886,-33.51093477368731,0],[150.90424492145667,-33.510799704572307,0],[150.90456541968885,-33.510780763136829,0],[150.90460698563535,-33.510777123750266,0],[150.9049153018139,-33.510750124575267,0],[150.90520525013983,-33.510791583176761,0],[150.90541508850535,-33.510847482450593,0],[150.90558726859589,-33.51093668288253,0],[150.90574164587409,-33.511170786298479,0],[150.90582273409981,-33.511428025492478,0],[150.90597564173422,-33.511723021311134,0],[150.90613413419479,-33.511786620353519,0],[150.90632318374801,-33.511789820789311,0],[150.90658317505583,-33.511867323278935,0],[150.90658709260876,-33.511870738671753,0],[150.90679689504174,-33.512053693428399,0],[150.90698271784646,-33.512190859996117,0],[150.90720834140811,-33.512487083795214,0],[150.90742060791985,-33.51273435536676,0],[150.90760466553508,-33.512944596651437,0],[150.90784571586516,-33.513204533633896,0],[150.90811527153585,-33.513489319352374,0],[150.90826194037055,-33.513629417377018,0],[150.90841391555372,-33.513774589468092,0],[150.90854786424404,-33.513914875771718,0],[150.90884087043526,-33.514169838178191,0],[150.90906767707813,-33.514417342363288,0],[150.90928112756947,-33.514615894193568,0],[150.90984991834947,-33.515161595000791,0],[150.91003724762891,-33.515324936532984,0],[150.91012065799967,-33.515397661241842,0],[150.91034923881529,-33.5155720913952,0],[150.91063569179647,-33.515759689341792,0],[150.91083577715295,-33.515909271448393,0],[150.91113648280441,-33.516109293794102,0],[150.91135081184811,-33.516271299654271,0],[150.91156572300002,-33.516408950098011,0],[150.91178035657254,-33.516558774490463,0],[150.9119656062521,-33.516720287450298,0],[150.91206776895442,-33.516803804810053,0],[150.91219389152204,-33.516906899540921,0],[150.91240822954882,-33.517068905405331,0],[150.91262314968392,-33.517206556077824,0],[150.91288228938888,-33.517320578148855,0],[150.91297217122292,-33.517367827417885,0],[150.91337812349306,-33.517608080204766,0],[150.91415344504179,-33.517700354802543,0],[150.91443241236169,-33.517682920245782,0],[150.91474417088438,-33.517663441829676,0],[150.91540872476864,-33.517700346564197,0],[150.91590714871577,-33.517718794431964,0],[150.91651632236116,-33.517737259521311,0],[150.91712311277595,-33.517720846524824,0],[150.91719935099749,-33.517718785444679,0],[150.91749470538483,-33.517755699142839,0],[150.91796875624175,-33.517874166933112,0],[150.91820900886785,-33.517848888036305,0],[150.9189826900928,-33.517740056807881,0],[150.91923110032002,-33.517695496434001,0],[150.91951004069048,-33.517590528794763,0],[150.91973110170881,-33.517472401384303,0],[150.91993849216524,-33.517317485765382,0],[150.9200240270516,-33.517166469619475,0],[150.9203744553524,-33.516759029754986,0],[150.92068827550867,-33.516371435915659,0],[150.9209651731102,-33.516113049793063,0],[150.92128458617742,-33.515929879682865,0],[150.92140693582081,-33.515837612933019,0],[150.92160182172844,-33.515597190458557,0],[150.92176353195427,-33.515526813900756,0],[150.92180235444599,-33.515518226348028,0],[150.92207067403481,-33.515458857919896,0],[150.92226468139009,-33.515254990405936,0],[150.92244501818334,-33.515014334134015,0],[150.92256689261797,-33.514784883198907,0],[150.92278882320554,-33.514630209926089,0],[150.92299677780395,-33.514450939545078,0],[150.92320247493598,-33.514295611825659,0],[150.92342033525699,-33.514064358458988,0],[150.92375261219908,-33.513824420135911,0],[150.92399259533065,-33.513639851338958,0],[150.92418066033031,-33.513511316763747,0],[150.92469304140207,-33.512404740421722,0],[150.92540807970701,-33.511106245315162,0],[150.92546631838522,-33.511038603436802,0],[150.92562136850157,-33.510845169543217,0],[150.9258883522956,-33.510630329538081,0],[150.92608379336201,-33.510365551508102,0],[150.9262347381775,-33.510136584834626,0],[150.92634205451461,-33.509906882779781,0],[150.92649328589272,-33.509665733764599,0],[150.92659972457582,-33.509472569441805,0],[150.92675037294723,-33.50925578458898,0],[150.92679980903398,-33.509103199419116,0],[150.92681319303341,-33.509061893556563,0],[150.9268914210233,-33.508831698043494,0],[150.92702636504694,-33.50866338201282,0],[150.92717671787267,-33.508458760703093,0],[150.92728519123986,-33.508180357319063,0],[150.92737795936091,-33.507950413379987,0],[150.92751405951637,-33.507733377535523,0],[150.92762108030777,-33.507515858024114,0],[150.92775950170986,-33.507201383569885,0],[150.92779048190908,-33.507022865554582,0],[150.9278101038098,-33.506909811894154,0],[150.92788861027748,-33.506667453075409,0],[150.92802412742628,-33.50647477192971,0],[150.92814771404983,-33.506172237868476,0],[150.92829120913663,-33.505736526050242,0],[150.92832629463669,-33.505598130556933,0],[150.92832897431123,-33.505483561964603,0],[150.9283668023678,-33.505326585226712,0],[150.92837751477757,-33.504868319745299,0],[150.92838127961696,-33.504847128362158,0],[150.92845619192511,-33.504425471866142,0],[150.92847559823019,-33.504325515035674,0],[150.92851242286861,-33.504211502056293,0],[150.92851443060326,-33.504125573313281,0],[150.9285377005624,-33.504070623996192,0],[150.928589199181,-33.503823146395263,0],[150.92860289579417,-33.503398639220428,0],[150.92863027195244,-33.503015205023075,0],[150.92863027195244,-33.502823492530894,0],[150.92835634148631,-33.5027961073516,0],[150.92786326880329,-33.502686567296671,0],[150.92750801744776,-33.502508982299574,0],[150.92747976273711,-33.502494854825663,0],[150.92717843904478,-33.502275757335148,0],[150.92683602371636,-33.50197449550744,0],[150.92665796325394,-33.501755398197908,0],[150.92650729691618,-33.501522603421641,0],[150.92649359940475,-33.501276111817241,0],[150.92658947839163,-33.501152866126361,0],[150.92652356630435,-33.500999994752831,0],[150.92599565964952,-33.500797668500255,0],[150.92497202668832,-33.500670272937725,0],[150.92389558716147,-33.500616838328305,0],[150.92363104229344,-33.500603706082373,0],[150.92265845969149,-33.500543298174954,0],[150.92192007866393,-33.500597054937288,0],[150.92121308028084,-33.500669582279869,0],[150.92099643897365,-33.500691812919612,0],[150.92028700256282,-33.500635796970158,0],[150.91952757490648,-33.500468690508292,0],[150.91858026101522,-33.500452770881786,0],[150.91855009738464,-33.500451856244766,0],[150.91694930134489,-33.500403298069315,0],[150.91585746110079,-33.500397292623468,0],[150.91500151755204,-33.500392586097526,0],[150.91337585524698,-33.500122645469297,0],[150.91320197195068,-33.500082244717824,0],[150.91225016738127,-33.499861111826078,0],[150.91149235309916,-33.499627833283292,0],[150.9106736546004,-33.499317446463287,0],[150.91057931802081,-33.499281680758251,0],[150.91013834403097,-33.499009641430483,0],[150.91006363743702,-33.498831975477835,0],[150.90996527640496,-33.498543658185376,0],[150.90985650749209,-33.498424957175928,0],[150.9096029786644,-33.498212824327389,0],[150.90928662166573,-33.498055856127408,0],[150.90893999413689,-33.497851674936811,0],[150.90870605217572,-33.497549400641859,0],[150.90861591881335,-33.497479337518129,0],[150.90833412719019,-33.497187685897046,0],[150.90815005250704,-33.497018849058094,0],[150.90799448226608,-33.496804968812668,0],[150.90776060318697,-33.496586167057096,0],[150.90751066941701,-33.496324114074405,0],[150.90737751843068,-33.49617861980164,0],[150.90731059304366,-33.49612019249188,0],[150.90719286074085,-33.49597417798212,0],[150.90711153895316,-33.495873315435119,0],[150.90689404604305,-33.495683449462206,0],[150.90667792486042,-33.495436276751278,0],[150.90661100845662,-33.495377849689703,0],[150.90641195436604,-33.495130963024813,0],[150.90617808427004,-33.494912161533463,0],[150.90611184968751,-33.494825094609361,0],[150.90602785720844,-33.494766380215587,0],[150.90596162172758,-33.4946793131449,0],[150.90586124307947,-33.494591681135745,0],[150.90576190468036,-33.494461076113097,0],[150.90571272820679,-33.494374286666719,0],[150.90555757927575,-33.494193958487422,0],[150.90449967738309,-33.492964307062117,0],[150.90434979976615,-33.492804200876556,0],[150.90411628809792,-33.492571074875237,0],[150.90405005351539,-33.492483998854595,0],[150.90396641048099,-33.492410978450742,0],[150.90390017589846,-33.492323902269092,0],[150.90381653286397,-33.492250872740328,0],[150.90356764742802,-33.49194583695796,0],[150.9033040889102,-33.491540271128784,0],[150.9029599524097,-33.491121168910311,0],[150.90292240283082,-33.491075417134965,0],[150.90248666332414,-33.490502564953282,0],[150.90245878590594,-33.490465910831205,0],[150.90237515185464,-33.490392890223951,0],[150.902308908289,-33.490305823250566,0],[150.90224200985145,-33.490247396472846,0],[150.90219285134421,-33.490160606548848,0],[150.90210920830972,-33.490087577443177,0],[150.90191018116866,-33.489840682436537,0],[150.90184327374797,-33.489782255345013,0],[150.90179410625751,-33.489695474694216,0],[150.90174427581039,-33.489637325451241,0],[150.90152905024814,-33.489225923892249,0],[150.90133596636093,-33.488856805353855,0],[150.90130523769002,-33.488713005188252,0],[150.90127575498244,-33.488642799310568,0],[150.90120828341969,-33.488482137475309,0],[150.90101062800611,-33.4881779537371,0],[150.90080887537641,-33.488045645858023,0],[150.90072456040221,-33.488001264985179,0],[150.90063886471737,-33.488014163895116,0],[150.90048116996076,-33.488183493282321,0],[150.90042621192998,-33.488340193188499,0],[150.90030434647855,-33.488438464813036,0],[150.90013366387964,-33.488435641106769,0],[150.8997772734603,-33.488343751856448,0],[150.89937514082678,-33.488140027247255,0],[150.8993386216155,-33.488121516884512,0],[150.89910273390342,-33.487988643275997,0],[150.89898428384666,-33.487943698228833,0],[150.89869821714103,-33.487766991018241,0],[150.89848145006971,-33.487548449621329,0],[150.89838246021702,-33.487403519735189,0],[150.89835208188904,-33.487245404388645,0],[150.89828893032455,-33.487029426202938,0],[150.89813907067389,-33.48686931129189,0],[150.89795405365797,-33.4867516057069,0],[150.89766731411427,-33.486603556282482,0],[150.89761863081577,-33.486556773456854,0],[150.89750039635464,-33.486443164125717,0],[150.89733552136406,-33.486196833374564,0],[150.89720273778869,-33.48603700612054,0],[150.8971191037374,-33.48596397653435,0],[150.89695252643929,-33.485789259695643,0],[150.89685182529598,-33.485715942950883,0],[150.89676854068935,-33.48562857983012,0],[150.89666784852918,-33.485555263698522,0],[150.89639988826644,-33.485335879093512,0],[150.89596500934579,-33.48495609302838,0],[150.89586397672409,-33.484897101473436,0],[150.89584240907246,-33.484879514209823,0],[150.89561274309199,-33.484692310102027,0],[150.89551171047032,-33.484633318367393,0],[150.89542807641899,-33.484560271114695,0],[150.89487306220218,-33.484207152707285,0],[150.89478840676642,-33.484177087640113,0],[150.89460339873369,-33.484059372402548,0],[150.89451977456386,-33.483986343396587,0],[150.89441874104386,-33.483927342190341,0],[150.89416853867769,-33.483679586734091,0],[150.89400094807993,-33.483547833909078,0],[150.89377993197732,-33.483456006904071,0],[150.89371354468125,-33.483428416301933,0],[150.89364527541454,-33.483427277463591,0],[150.89342168653698,-33.483495197906407,0],[150.89311173901785,-33.483604656600711,0],[150.89292125485511,-33.483716114860279,0],[150.89283420540914,-33.483786303003896,0],[150.89234536379109,-33.48423667157622,0],[150.89201833929846,-33.484345843877726,0],[150.89191559448784,-33.484358455628616,0],[150.8918295763078,-33.484385679562287,0],[150.8916418347016,-33.484382550788332,0],[150.89148644412376,-33.48434595101731,0],[150.89118340734413,-33.484274597527765,0],[150.89108100299504,-33.484272894531514,0],[150.89101239326683,-33.484286080951179,0],[150.89090861719029,-33.484341657192616,0],[150.89066384693666,-33.484581166274999,0],[150.89061093257317,-33.484651918633396,0],[150.89054095021925,-33.484722393720965,0],[150.8904163332281,-33.484935242911909,0],[150.89011521524992,-33.485388730501846,0],[150.88988785254983,-33.485614192620254,0],[150.88970591046709,-33.485748634983295,0],[150.88905351258526,-33.486230717220991,0],[150.88875787163536,-33.486455032355359,0],[150.888304849441,-33.486834333854127,0],[150.88785319088913,-33.487156338372699,0],[150.88778285909061,-33.487241136929782,0],[150.88773390719584,-33.48728060567192,0],[150.88767839310793,-33.487325363013461,0],[150.8873967272489,-33.487678857542207,0],[150.88714987649703,-33.488004294734573,0],[150.8870972945102,-33.488060731663545,0],[150.88706144723875,-33.488131771117992,0],[150.88692078453997,-33.48830136099464,0],[150.8867982112161,-33.488428263808537,0],[150.88609832120184,-33.489061479744414,0],[150.88594297553979,-33.489202034607722,0],[150.88547285032067,-33.489581031894396,0],[150.88521064556394,-33.489834560135051,0],[150.88510513933218,-33.48996174988546,0],[150.88473707800068,-33.490356792693063,0],[150.88438676558258,-33.490723464033501,0],[150.88434022476602,-33.490765505344591,0],[150.88337442803777,-33.491637861876946,0],[150.88321702972527,-33.491792839948374,0],[150.88293635830127,-33.492103370614537,0],[150.88269154313184,-33.492342852238814,0],[150.88255652724294,-33.492453906694372,0],[150.88183794777919,-33.493044964610029,0],[150.88162739255807,-33.493278458666659,0],[150.8813842805944,-33.493545881023415,0],[150.88118979803031,-33.493764682221801,0],[150.88089806565026,-33.494032096334564,0],[150.88065495368659,-33.494226587388013,0],[150.88043616091434,-33.494421069764023,0],[150.87994994507181,-33.494931604617477,0],[150.8796339024835,-33.495320578500703,0],[150.87939079051986,-33.49551506066674,0],[150.87917198876437,-33.495709552134606,0],[150.87895319599212,-33.496001285146157,0],[150.87871008402843,-33.496220077892133,0],[150.87846697116652,-33.496511810681682,0],[150.87824818737735,-33.496827853677338,0],[150.87778625569197,-33.497192517699716,0],[150.87751885148637,-33.497532870699935,0],[150.87708124797553,-33.497994775988786,0],[150.87686245520325,-33.498213577180763,0],[150.87684603310154,-33.49822999912125,0],[150.87652210150839,-33.498553930661345,0],[150.87633722822292,-33.498685979025616,0],[150.8761817487119,-33.498797042574552,0],[150.87574415418413,-33.499161706542303,0],[150.87554754710447,-33.49934043029382,0],[150.87547673111393,-33.499404810006759,0],[150.87508775700269,-33.499769473661594,0],[150.87465016247495,-33.500085516001086,0],[150.87426118836368,-33.500425869612762,0],[150.87410351247175,-33.500524419665247,0],[150.87393750829878,-33.500628169018157,0],[150.8738722151507,-33.500668981512455,0],[150.87374007656564,-33.500721833300673,0],[150.87362911127187,-33.500766223384431,0],[150.87352334542692,-33.500801478348897,0],[150.87341030053327,-33.500839154342181,0],[150.87299701621376,-33.500960714291523,0],[150.87277821445832,-33.50103364583449,0],[150.87241355145358,-33.501203817947321,0],[150.8721218181752,-33.501082256841222,0],[150.87197595692589,-33.501009335077285,0],[150.8718787151947,-33.500839154342181,0],[150.87184392613864,-33.500752185516383,0],[150.87178147436182,-33.500596051160407,0],[150.87165991343926,-33.500280007688509,0],[150.87153087673687,-33.500179637816167,0],[150.8715176553325,-33.500169356544006,0],[150.87144112066693,-33.500109827017724,0],[150.87137217856218,-33.500080281348545,0],[150.87110076697212,-33.499963964560926,0],[150.87097920694782,-33.499866723285898,0],[150.87088196521668,-33.499720852928498,0],[150.87084854788807,-33.499570463777779,0],[150.87083334480025,-33.499502060040726,0],[150.8708035575637,-33.499447442634875,0],[150.87068748355088,-33.499234637353666,0],[150.87056592262832,-33.498724112143606,0],[150.87061454304475,-33.498310818814602,0],[150.87066317244435,-33.498067715274352,0],[150.87069990725129,-33.497827391003128,0],[150.87074728170441,-33.497410646716013,0],[150.87085765500845,-33.497314060296389,0],[150.87100351715608,-33.497241138354646,0],[150.87102706559293,-33.497227682727463,0],[150.87110076697212,-33.497224958191175,0],[150.87121071986459,-33.497208921105965,0],[150.87142374814766,-33.49712187222304,0],[150.87173069349708,-33.497069191283131,0],[150.87194893919539,-33.496977023532907,0],[150.87207319775877,-33.496949405026257,0],[150.87224337909777,-33.496827853677338,0],[150.87239955839638,-33.496682072588641,0],[150.87261029238229,-33.496338483024253,0],[150.87263549012602,-33.49627892614253,0],[150.87286760401562,-33.496102874196382,0],[150.87307978069586,-33.49598784805449,0],[150.87365837928215,-33.495752794875372,0],[150.87427312877043,-33.495409250316619,0],[150.87502349422218,-33.494952705535283,0],[150.87550264661161,-33.494676964595946,0],[150.87574221741639,-33.494545884747453,0],[150.87623944929919,-33.494224937776558,0],[150.87679995851059,-33.493885920233645,0],[150.87763620829344,-33.493049670786284,0],[150.87815092857821,-33.492549131324729,0],[150.87825874707357,-33.492387385213235,0],[150.87834542910855,-33.492257398667896,0],[150.87844266994142,-33.492062915926937,0],[150.87851559248128,-33.491819803833032,0],[150.87856422188088,-33.491576691805683,0],[150.87871008402843,-33.491236338615415,0],[150.87888025548602,-33.4909203044271,0],[150.879050436825,-33.490604260844435,0],[150.87919630795582,-33.490409769895592,0],[150.87953665266744,-33.489947864596409,0],[150.87979874064322,-33.489813817576646,0],[150.8798539232528,-33.489630154280455,0],[150.87985778690683,-33.489587360238957,0],[150.87987719411018,-33.489372637533243,0],[150.87986184729192,-33.489300745775019,0],[150.87986391790864,-33.489214799234539,0],[150.87972718174598,-33.488510400740211,0],[150.87972890291806,-33.488438787714962,0],[150.87971355609972,-33.488366887689558,0],[150.87973818970147,-33.48734298574211,0],[150.87974147034888,-33.487206751512602,0],[150.87978111749396,-33.486978152123243,0],[150.88005228743719,-33.486352251230187,0],[150.88014279629536,-33.486138845859919,0],[150.88013079390481,-33.486094814641532,0],[150.88008003100643,-33.485908533944837,0],[150.88001555263028,-33.485749835976037,0],[150.87996574014943,-33.48569168633145,0],[150.87978521471001,-33.485387753520563,0],[150.8797245191395,-33.485071513680197,0],[150.87969211421222,-33.484999326904102,0],[150.87967711773689,-33.484913101879336,0],[150.8795474629936,-33.484624354635095,0],[150.87928644940297,-33.48411847241718,0],[150.87925645645228,-33.483977934777521,0],[150.8792097269895,-33.483758971741544,0],[150.87921178862305,-33.483673033936974,0],[150.87919645168623,-33.483601133701299,0],[150.87920506563151,-33.483243067915758,0],[150.87914333969337,-33.482969792150463,0],[150.87909662819689,-33.482923510851464,0],[150.87889319122607,-33.482722009979589,0],[150.87872596803933,-33.482575914436573,0],[150.87852391986397,-33.482457895077573,0],[150.87810621583318,-33.48207833315557,0],[150.87782366243869,-33.4817583642023,0],[150.87766058048544,-33.481440393823277,0],[150.87757869455569,-33.481295733188297,0],[150.87754663098823,-33.481209239240506,0],[150.87749507038586,-33.481150552328458,0],[150.87721426421459,-33.48083111192156,0],[150.87704704102785,-33.480685007944608,0],[150.87695209449214,-33.480502366762586,0],[150.87693418478037,-33.480468859801533,0],[150.87686517979353,-33.480438355118807,0],[150.87653488453486,-33.479974298695431,0],[150.87625131784071,-33.479697294000886,0],[150.8760990911293,-33.479637423718806,0],[150.87594791365015,-33.479534579807073,0],[150.87577931963426,-33.479445773351586,0],[150.87566123698844,-33.479386485828293,0],[150.87540938531541,-33.47921029913698,0],[150.87522476265988,-33.479078241303441,0],[150.87505789790097,-33.478917822474138,0],[150.87505011759222,-33.478912148216139,0],[150.87485654951314,-33.478771144321996,0],[150.87477329185597,-33.478683772698268,0],[150.87467262664526,-33.478610437950806,0],[150.87412429050428,-33.47798508426078,0],[150.87373128295732,-33.477290698599525,0],[150.87368147047653,-33.477232549270518,0],[150.87363268836336,-33.477131426620758,0],[150.87356514493541,-33.477057563058523,0],[150.87349961822531,-33.476985905347426,0],[150.8734160201067,-33.476912848648709,0],[150.87334982954164,-33.476825763628653,0],[150.87326622243978,-33.476752716535749,0],[150.87320003277304,-33.476665631354706,0],[150.87278272400107,-33.476271736216752,0],[150.87253400026179,-33.475966638161303,0],[150.87238593275015,-33.475734892010458,0],[150.87207240903791,-33.475285429357896,0],[150.87203970856496,-33.475212587775005,0],[150.87200759918346,-33.475141055170972,0],[150.87195813614727,-33.475068572385283,0],[150.87189366765259,-33.474909874039199,0],[150.87186300186372,-33.47479728647815,0],[150.87183748970963,-33.474725485277901,0],[150.87166411755473,-33.474237674187535,0],[150.87163110356974,-33.473846961607777,0],[150.87172876571253,-33.473487765991713,0],[150.87181051779325,-33.473403970801364,0],[150.87199192178511,-33.473271698053701,0],[150.87290530630807,-33.472605674204921,0],[150.87344122683359,-33.472328122917624,0],[150.87363032220088,-33.472273988926922,0],[150.87420534279741,-33.472015853333772,0],[150.87433792065863,-33.471956341920418,0],[150.87442393883862,-33.471929126819454,0],[150.87452770593205,-33.471873559100352,0],[150.87488951858242,-33.471736356377484,0],[150.87514722457615,-33.471669054660389,0],[150.87555919106717,-33.471575677422216,0],[150.87613973450604,-33.47157110570938,0],[150.87673700457546,-33.471581145343329,0],[150.8767923120509,-33.471576618591065,0],[150.87702778653801,-33.471557372585295,0],[150.87730221017924,-33.471504664854344,0],[150.8776441943163,-33.471481752316578,0],[150.87793601742626,-33.471415007161106,0],[150.87824352601933,-33.471405845734104,0],[150.87901040430268,-33.471461700000702,0],[150.87919742815492,-33.47149348621631,0],[150.87936807571953,-33.471496372669961,0],[150.87945667565774,-33.471510284895714,0],[150.87947012164088,-33.471512400279174,0],[150.8795544096657,-33.471556790349339,0],[150.87992777734556,-33.471649038356077,0],[150.88003016372841,-33.471650759584584,0],[150.88040283251897,-33.471771647888843,0],[150.88058951680802,-33.47181774931002,0],[150.88067415427747,-33.47184783290384,0],[150.88106527087069,-33.471911701027558,0],[150.88123488716937,-33.471957534112335,0],[150.88195023090148,-33.472026834080133,0],[150.88205094102801,-33.472051709729222,0],[150.88213691429226,-33.472072954098927,0],[150.88240788660613,-33.472163463103193,0],[150.8824559518637,-33.472206221542351,0],[150.88247580642815,-33.47217892634125,0],[150.88250993252748,-33.472179499581038,0],[150.88264611353128,-33.472196110044884,0],[150.88327442578372,-33.472335599000196,0],[150.88357918283708,-33.472440996933983,0],[150.88401840870537,-33.472634628286251,0],[150.88476309141473,-33.472905008284343,0],[150.88494507841315,-33.472964771569124,0],[150.88540675048543,-33.473116378869463,0],[150.88577908689933,-33.473251565225084,0],[150.88617022145885,-33.473315424071636,0],[150.88650947202257,-33.473407072246928,0],[150.88674515312218,-33.473499096484773,0],[150.88765961382688,-33.473856158744013,0],[150.88813469505146,-33.473978732183923,0],[150.88832104786218,-33.474039157873669,0],[150.88848998323789,-33.474113621963532,0],[150.88859237860382,-33.474115334151278,0],[150.88886301854109,-33.474220158942039,0],[150.88903196289996,-33.474294622876357,0],[150.88910022408174,-33.47429576108545,0],[150.88922109419985,-33.474349034349657,0],[150.88926916754224,-33.474370215963027,0],[150.88942206619356,-33.474401437627733,0],[150.88959135101385,-33.474461576785004,0],[150.88977804428609,-33.474507678273731,0],[150.89013368101885,-33.474628244134884,0],[150.8902360674017,-33.474629956312455,0],[150.89032037339283,-33.47467435452667,0],[150.89042276067394,-33.474676057711591,0],[150.89050706666501,-33.474720456651511,0],[150.89060945304786,-33.474722159835544,0],[150.89069375903898,-33.474766558002514,0],[150.89089785986476,-33.474798622498589,0],[150.89120332568893,-33.474875363088067,0],[150.89127158687077,-33.474876501289557,0],[150.89139187398223,-33.474917654867944,0],[150.89149173250587,-33.474951816624198,0],[150.89271600598238,-33.475158499046145,0],[150.89281840224666,-33.475160211213229,0],[150.89351587130125,-33.475284398312574,0],[150.89361740608118,-33.475302479068986,0],[150.89436796017915,-33.47532931695897,0],[150.89453862571008,-33.47533215832653,0],[150.89479426018886,-33.475350741107754,0],[150.89487992892418,-33.475337841810628,0],[150.8952383091119,-33.47534381152915,0],[150.8960922799603,-33.475329370908995,0],[150.89620323627091,-33.475331217198466,0],[150.89651892132977,-33.475336469831824,0],[150.89721929463764,-33.475319465835071,0],[150.89764594409198,-33.475326555767069,0],[150.89791933646723,-33.475316767584538,0],[150.89800500520263,-33.47530387727403,0],[150.8988928155878,-33.475263494166036,0],[150.8989279280373,-33.475261898892761,0],[150.89906513042558,-33.475235527050621,0],[150.89915011823797,-33.475251267733142,0],[150.89923579595654,-33.475238359429554,0],[150.89940645160601,-33.475241191808401,0],[150.89974810516307,-33.475232541813014,0],[150.90009078908778,-33.475180918316951,0],[150.90019317547055,-33.475182621491925,0],[150.90098092970277,-33.475081077586466,0],[150.90103213277567,-33.4750819288003,0],[150.90111814197255,-33.475054696697619,0],[150.9014949519966,-33.47500363732496,0],[150.90161577719891,-33.474948330089084,0],[150.90168403748243,-33.474949459297875,0],[150.90213251509982,-33.474756312677158,0],[150.90233900903755,-33.474688087906095,0],[150.90239156497319,-33.474631641514769,0],[150.90265027438514,-33.474521303778559,0],[150.90292775409497,-33.47433963944674,0],[150.90310045431005,-33.47425652545828,0],[150.90317007733782,-33.474200366523043,0],[150.90338457616303,-33.474072091846274,0],[150.90377622186395,-33.473837872372449,0],[150.90393151362713,-33.473768804643356,0],[150.90441309416272,-33.473619177440185,0],[150.90460353430802,-33.473507701693904,0],[150.90476121109825,-33.473338372092044,0],[150.90480723179027,-33.473250624074424,0],[150.90485061772355,-33.473167903935405,0],[150.90490351412072,-33.473097142197574,0],[150.90493969287047,-33.473011769298601,0],[150.90499258926769,-33.472940999190669,0],[150.90502875903428,-33.472855626137857,0],[150.90508131407168,-33.472799180051531,0],[150.90511748383827,-33.472713806859005,0],[150.90517003977394,-33.472657360680245,0],[150.90527991990291,-33.472343953298783,0],[150.90528197345159,-33.472258015410475,0],[150.90530072578321,-33.472186688681887,0],[150.90530276945049,-33.472100742395007,0],[150.9053781749337,-33.4718010945628,0],[150.90541400334052,-33.471730046211448,0],[150.90543311499817,-33.471644386467972,0],[150.90546927578163,-33.471559021879145,0],[150.90555766012409,-33.471431518858708,0],[150.90571425174949,-33.471157014381525,0],[150.90573580143482,-33.471119240049184,0],[150.90573783611899,-33.471033302445015,0],[150.90577366542411,-33.470962254213511,0],[150.90577570909136,-33.470876316453698,0],[150.90583234337845,-33.470647994689465,0],[150.90583438704567,-33.470562057367346,0],[150.90585314925875,-33.470490721749385,0],[150.9058548524645,-33.470419108813807,0],[150.90587361377922,-33.470347773078167,0],[150.90588551825337,-33.469846462475147,0],[150.90587015346873,-33.469774571746306,0],[150.90587557659808,-33.46954539880862,0],[150.90589435677748,-33.469474063103128,0],[150.90589639146157,-33.469388125366244,0],[150.90591516175942,-33.469316790280686,0],[150.90591719644354,-33.469230852387881,0],[150.90598986745505,-33.468929617976478,0],[150.90599294238834,-33.468916880334909,0],[150.90602877079507,-33.468845831867043,0],[150.90614407495167,-33.468303259957025,0],[150.90624912394102,-33.467892378303638,0],[150.90623730031524,-33.467585137513794,0],[150.90604824088058,-33.467266091472432,0],[150.90569374231328,-33.466887955009618,0],[150.90555194144903,-33.466521642145203,0],[150.90537468767377,-33.466025342288759,0],[150.90513836158377,-33.465434517411325,0],[150.90493747852329,-33.464701882345551,0],[150.90478386301643,-33.463981071178516,0],[150.9045120750323,-33.463342970123975,0],[150.90416939110759,-33.46272850691205,0],[150.90403941297083,-33.462326741734628,0],[150.90394487876188,-33.461889523294438,0],[150.9037676249867,-33.461487757975782,0],[150.90353129889667,-33.461145073505321,0],[150.90298773191154,-33.459987044447445,0],[150.90236144536004,-33.458994454001356,0],[150.90197150376321,-33.458108202875245,0],[150.90174698243436,-33.457470102060995,0],[150.90130977328391,-33.456631127512374,0],[150.90110889112171,-33.455863048871954,0],[150.90089618443554,-33.455260400650189,0],[150.90067167298815,-33.454610484983967,0],[150.90060105462697,-33.453739320551982,0],[150.90017537265828,-33.452956155860143,0],[150.89973815542297,-33.452022637559956,0],[150.89936002757042,-33.451443627752653,0],[150.8987112687638,-33.450670233295476,0],[150.89861265530516,-33.450510979103925,0],[150.89844511860636,-33.450379235810757,0],[150.8981728293623,-33.45034605074018,0],[150.89800221773027,-33.450343209303078,0],[150.89762484266598,-33.450422908168711,0],[150.89754726864953,-33.45044065682697,0],[150.89733309231957,-33.450489698719323,0],[150.89678577846132,-33.45053791611182,0],[150.89661482636782,-33.450549398759385,0],[150.89640907623516,-33.450588956918232,0],[150.89615111062827,-33.450670654525162,0],[150.89597845532896,-33.450753741662027,0],[150.8958061413895,-33.450822512933065,0],[150.89518443534763,-33.451127395946017,0],[150.89507542478793,-33.451215341746426,0],[150.89481899170696,-33.451422221678811,0],[150.89471559202445,-33.451463482331079,0],[150.89384613062722,-33.452136776202849,0],[150.89374239946645,-33.452192361821197,0],[150.89339741226135,-33.452344229556594,0],[150.89327662209328,-33.452399536975975,0],[150.89303400330476,-33.452553107968228,0],[150.89295505756098,-33.452576468465466,0],[150.89262145380715,-33.452675188382315,0],[150.89220788292511,-33.452840242729664,0],[150.89151619542767,-33.45321559088103,0],[150.8911129506798,-33.453392549186361,0],[150.89026257399081,-33.453661083247766,0],[150.88932982718012,-33.45415601112375,0],[150.88784504227121,-33.454755638357533,0],[150.88657265053652,-33.455266164145897,0],[150.88642036094296,-33.45533279357587,0],[150.88608129004243,-33.455397038115258,0],[150.88573626600635,-33.455467225964,0],[150.88555305101093,-33.455498160643117,0],[150.88529844779811,-33.455548135022497,0],[150.88502004462021,-33.455575493170592,0],[150.88470477188815,-33.455568358153194,0],[150.884191996456,-33.455587388112669,0],[150.88399211771201,-33.455594532871672,0],[150.88373394639092,-33.45560523539428,0],[150.88362449565668,-33.455600476219452,0],[150.883531691603,-33.455595725288646,0],[150.88331992724952,-33.455571925661964,0],[150.88314859786357,-33.455537423499116,0],[150.88294396882833,-33.455487458107299,0],[150.88254778753358,-33.455430348664208,0],[150.88188510753497,-33.455360151791901,0],[150.88168523777418,-33.455331601155258,0],[150.88158474234501,-33.455315170332319,0],[150.88145680877383,-33.455289963856487,0],[150.88113557482146,-33.455218574448352,0],[150.8808179188589,-33.455143626448979,0],[150.88055498736512,-33.455090085057527,0],[150.88044315250212,-33.455065101861599,0],[150.88029563206453,-33.455025840290695,0],[150.88011597619422,-33.454966354686192,0],[150.87988754719387,-33.454912813185253,0],[150.87955086042203,-33.454820018231501,0],[150.87931528712025,-33.454752205722265,0],[150.8791118492511,-33.454691528250116,0],[150.87858479419913,-33.454470234505877,0],[150.87839562696664,-33.454383382509747,0],[150.87814221581823,-33.454297722861455,0],[150.87805060382897,-33.454265605062133,0],[150.87765264746312,-33.454101250452844,0],[150.8775857858565,-33.454042814249306,0],[150.87729987905104,-33.453866071625427,0],[150.87721628991559,-33.453793023918244,0],[150.87689901933024,-33.453501121029625,0],[150.87673323075299,-33.453297737210299,0],[150.87663801472277,-33.453096647876912,0],[150.87673681592929,-33.45263056604044,0],[150.87686530555763,-33.452380722174155,0],[150.87701521012403,-33.452109462689741,0],[150.87719765436498,-33.451729381093401,0],[150.87754266851954,-33.451577558001482,0],[150.87781839202293,-33.451467561176003,0],[150.87800882228674,-33.45135613039254,0],[150.87902296275035,-33.450949478883921,0],[150.87931783294573,-33.450862259845671,0],[150.87956046970064,-33.450708715839966,0],[150.87983894474371,-33.450484123035878,0],[150.88020237975149,-33.450275298103669,0],[150.88072819782326,-33.45002893199154,0],[150.88244618088839,-33.449224011622931,0],[150.88248153498472,-33.449181504183279,0],[150.88327593136015,-33.448793615338772,0],[150.88393315229672,-33.448432071035562,0],[150.88438290282687,-33.448181679902049,0],[150.88468081112455,-33.447977229751181,0],[150.88566698344007,-33.447300457914878,0],[150.8859809113942,-33.447019141562414,0],[150.8860682743522,-33.446934619954526,0],[150.88615528696724,-33.446864431945833,0],[150.88656261994805,-33.446383147102843,0],[150.88670651837845,-33.44621314538027,0],[150.88671731972138,-33.446200380415121,0],[150.8868784029232,-33.445887842063179,0],[150.88691594351897,-33.445745180380989,0],[150.88691800515249,-33.44565924310767,0],[150.88695760828014,-33.44543064354972,0],[150.88696823085834,-33.444986639523442,0],[150.88698700115623,-33.444915304597551,0],[150.88699214670621,-33.444700464446235,0],[150.88701091700403,-33.444629138279872,0],[150.88701262919298,-33.444557515973969,0],[150.88703140847403,-33.444486189690046,0],[150.88703312066295,-33.444414576260989,0],[150.88710890254029,-33.444100613277463,0],[150.88711978473165,-33.444005092538028,0],[150.88712958265646,-33.443919128055221,0],[150.88727349007002,-33.44331719738878,0],[150.88734683302138,-33.443010404713547,0],[150.88718503386232,-33.442353668170668,0],[150.88699690687889,-33.441648543185622,0],[150.88698156006055,-33.441576643316573,0],[150.88699012998839,-33.441218559073285,0],[150.88700890028622,-33.44114724203768,0],[150.88701104276814,-33.441057915756282,0],[150.88701438629766,-33.44091806838729,0],[150.88703316557866,-33.44084674210945,0],[150.88703520924594,-33.440760804481137,0],[150.88705398942525,-33.440689478074013,0],[150.88706254947161,-33.440331393917056,0],[150.88708132965095,-33.440260076901808,0],[150.88725159992313,-33.439736741841742,0],[150.88750208076709,-33.439002950371012,0],[150.88760085502415,-33.438766588180421,0],[150.88769180315848,-33.438461579261478,0],[150.88772160836132,-33.438407921125012,0],[150.88775777812791,-33.438324161742116,0],[150.88778251862908,-33.438238501975505,0],[150.88785295732717,-33.438143322608667,0],[150.88802808658679,-33.438015783187943,0],[150.88822224665563,-33.437914902646966,0],[150.88831361609979,-33.437871113046334,0],[150.8883878564682,-33.43781591330535,0],[150.8884754251404,-33.437726443413183,0],[150.88855156544557,-33.437636974178375,0],[150.88901793391014,-33.43736857491605,0],[150.88931680250687,-33.437204865208955,0],[150.88976414106048,-33.437048775999813,0],[150.89002302025395,-33.43701831600724,0],[150.89033568427851,-33.436904177710446,0],[150.89062669980299,-33.436866045119864,0],[150.8909183962505,-33.436799272565544,0],[150.89100368859175,-33.436800688633319,0],[150.89108966275438,-33.436773464745542,0],[150.89127730554583,-33.436776593738905,0],[150.89146391796973,-33.436822695027793,0],[150.89161573145608,-33.436896871738867,0],[150.8916286213821,-33.436904177710446,0],[150.89190196075677,-33.437059254420689,0],[150.89207083235206,-33.437133727035736,0],[150.89217344331371,-33.437181604021511,0],[150.89239235286698,-33.437295813918269,0],[150.89261602169464,-33.437352923308097,0],[150.89289204074379,-33.437319613312582,0],[150.89304791551353,-33.437313383101362,0],[150.89321088966904,-33.43728153412863,0],[150.89329654942122,-33.437300574097513,0],[150.89338220917355,-33.43740527323672,0],[150.89358684809019,-33.437571832667274,0],[150.89386761743054,-33.43770984208733,0],[150.89418646635585,-33.437819292637577,0],[150.89449579583402,-33.437943030978794,0],[150.89508114346302,-33.438095311220565,0],[150.89545961177703,-33.438150180198235,0],[150.89573152462705,-33.438197689306072,0],[150.89583387597557,-33.438199392458039,0],[150.89591950877835,-33.438186492880163,0],[150.89602185922857,-33.438188196032357,0],[150.89610783249285,-33.438160963584366,0],[150.89639918937709,-33.438108497169736,0],[150.89657011452115,-33.43809701437457,0],[150.89668017431316,-33.438098843465944,0],[150.89691128298801,-33.438102689055498,0],[150.89709994806228,-33.438062835096289,0],[150.897306011707,-33.438008952574364,0],[150.897536744886,-33.437871642284833,0],[150.89784608334739,-33.437647972772488,0],[150.89801264267913,-33.437381473865941,0],[150.89810782187848,-33.4372291938706,0],[150.8982172726127,-33.437086424244988,0],[150.89836480113516,-33.436900825329573,0],[150.89852184191813,-33.436786605917213,0],[150.89861345300915,-33.436720254599166,0],[150.89879786006904,-33.436615286262139,0],[150.89894062931714,-33.436601016105847,0],[150.89943519949173,-33.436740423648097,0],[150.89958802627771,-33.436771618384519,0],[150.89975861994344,-33.43677445127053,0],[150.90009291360337,-33.436787672653423,0],[150.90025531373539,-33.436734731636371,0],[150.9005170531648,-33.43660980938904,0],[150.9006538701758,-33.436480127487499,0],[150.90097152703669,-33.436157119817523,0],[150.90119846752862,-33.435899808499315,0],[150.90127607837593,-33.435788565369542,0],[150.90137271015104,-33.435670474057588,0],[150.90142907494351,-33.435506746903393,0],[150.90149349043756,-33.435181982172217,0],[150.90145859358373,-33.434567330662802,0],[150.90143247237194,-33.434512623594827,0],[150.90126318755156,-33.433917595042395,0],[150.90102064961135,-33.433695260987854,0],[150.90047493116111,-33.433351663051354,0],[150.89984837601338,-33.433048492034374,0],[150.89925718394511,-33.432770581714564,0],[150.89874179082219,-33.432563415154739,0],[150.89820617482562,-33.432472457737092,0],[150.89771604232854,-33.432416881222871,0],[150.89705917083657,-33.432285504780928,0],[150.89640665617378,-33.432061907832832,0],[150.8960429516714,-33.431761273733521,0],[150.89578747799115,-33.431550099951608,0],[150.89553810027837,-33.431273704448309,0],[150.89543747010191,-33.431200388069676,0],[150.89493907310421,-33.430633273338159,0],[150.89466665809596,-33.430220096796504,0],[150.89447050825873,-33.429485883735623,0],[150.89429847998352,-33.429018950074322,0],[150.89429847998352,-33.428768281747956,0],[150.89439186704382,-33.42857659539164,0],[150.89492760790625,-33.427672210422202,0],[150.89555183282414,-33.427013591441039,0],[150.89585656382636,-33.426566315825454,0],[150.89611215338934,-33.426315647163861,0],[150.89630383949793,-33.42606005729003,0],[150.89689740671176,-33.425635836371839,0],[150.89726836331346,-33.425380802301106,0],[150.89738513711382,-33.425300521125791,0],[150.89796430882532,-33.424919489111645,0],[150.89859428835086,-33.424487649707494,0],[150.89901219809579,-33.424234344929786,0],[150.89931081516423,-33.423977365640113,0],[150.89948927897009,-33.42386195436017,0],[150.89974192026236,-33.4236618516967,0],[150.89993304941547,-33.423513363124265,0],[150.90034350134681,-33.42315644444119,0],[150.90070161293821,-33.422669853243562,0],[150.90095740821539,-33.422572289054841,0],[150.90155108412543,-33.422158260647798,0],[150.90167242945233,-33.42205951350298,0],[150.90187587630459,-33.421942927787448,0],[150.9022574635693,-33.421670898341048,0],[150.90268422082141,-33.421413228421457,0],[150.9029289192099,-33.421274923168468,0],[150.90319599193708,-33.42116445080562,0],[150.90376896976468,-33.420899861198635,0],[150.9041858482436,-33.420781832854161,0],[150.90520996539672,-33.420382083729926,0],[150.90545552437126,-33.420288813967886,0],[150.90572583372844,-33.420218383969463,0],[150.9061084522591,-33.420067994805159,0],[150.90653399049739,-33.419972510593091,0],[150.90702378163471,-33.41985936733802,0],[150.90878257785812,-33.419833318298444,0],[150.90899626999618,-33.419813991828505,0],[150.90937867293121,-33.419836106000425,0],[150.91012827661163,-33.419879446582001,0],[150.91081611931963,-33.419890544148714,0],[150.91163708516621,-33.419890544148714,0],[150.91221398863155,-33.41986280960159,0],[150.91334562873431,-33.419866063668913,0],[150.91403783635624,-33.41980972479886,0],[150.91434188553725,-33.419785289283453,0],[150.91493932538827,-33.419737278236767,0],[150.91581666590881,-33.419560203297848,0],[150.91708035476509,-33.419391178484759,0],[150.91760353717984,-33.419318731573433,0],[150.91804223394038,-33.419094032020716,0],[150.91814523926243,-33.419067068005333,0],[150.91826496223192,-33.419054706933679,0],[150.91836796755396,-33.419027742906074,0],[150.91847063151627,-33.419015103655838,0],[150.91881375471712,-33.418934768607315,0],[150.91903581106882,-33.41892409230222,0],[150.91912273475063,-33.418916598868392,0],[150.92060579758916,-33.418956533599648,0],[150.92149118791298,-33.418996772728335,0],[150.92235242074221,-33.419141657280548,0],[150.92308487648214,-33.419318731573433,0],[150.92357838844137,-33.419471558848137,0],[150.92390143160065,-33.419519847463334,0],[150.92398602505264,-33.419549895215489,0],[150.92408634980191,-33.419637517625475,0],[150.92413583080443,-33.419709965020623,0],[150.92414851501624,-33.419896451703572,0],[150.92396148128248,-33.420595498028597,0],[150.92388989543579,-33.420737613233989,0],[150.92369724184169,-33.420949387649024,0],[150.92350525120423,-33.421132512681808,0],[150.9227376470821,-33.421850688383756,0],[150.92260123341464,-33.421970402250793,0],[150.92193625013567,-33.422553975373098,0],[150.92163956893668,-33.422835686695947,0],[150.92114920377591,-33.423372126676512,0],[150.92113046851239,-33.42344346206901,0],[150.9210083793804,-33.423556085573104,0],[150.92095519552231,-33.42364119002,0],[150.92090835916005,-33.4237069762776,0],[150.92081403156362,-33.423839473085977,0],[150.92069654000932,-33.423999883616275,0],[150.92032204314714,-33.424463339216608,0],[150.92006691891149,-33.424814592721894,0],[150.91984724848518,-33.42511704650888,0],[150.91942750078724,-33.425997837791947,0],[150.91928987708906,-33.426802928666355,0],[150.91922105985006,-33.427181388364588,0],[150.91929675189593,-33.427504808799725,0],[150.91980923178238,-33.428316084317437,0],[150.91998475540237,-33.428626014002731,0],[150.92005129541209,-33.428698747783109,0],[150.92010011255957,-33.428799852704614,0],[150.92024956976499,-33.428974255587256,0],[150.92026759625773,-33.429003747533812,0],[150.92047960315639,-33.429350590156126,0],[150.92061201033769,-33.429524716041975,0],[150.9207099770093,-33.429712600824651,0],[150.92077651701902,-33.429785334444198,0],[150.92087481606734,-33.429958894935332,0],[150.92090657510587,-33.430059721750766,0],[150.92095572463001,-33.430146502140218,0],[150.92103426703028,-33.430434362553051,0],[150.92104525701944,-33.430692471255277,0],[150.92093167403493,-33.430994467493285,0],[150.92090502461369,-33.431070608121786,0],[150.92086124432001,-33.431249546544947,0],[150.92084030459074,-33.43140944634068,0],[150.9208688548471,-33.431540795620727,0],[150.9209167943406,-33.43162158755662,0],[150.92106112306396,-33.43174066571278,0],[150.92136378344952,-33.431978613873433,0],[150.92163600082836,-33.432182293574215,0],[150.92188536147319,-33.432319352728314,0],[150.92203003964124,-33.432395492944181,0],[150.92213092943081,-33.432441182739169,0],[150.92235363975607,-33.432484962335423,0],[150.92271341772226,-33.432606792113845,0],[150.9228238269589,-33.43262582261297,0],[150.92318550576027,-33.432734331238208,0],[150.92342154528768,-33.43278382169968,0],[150.9237394437954,-33.43284664131955,0],[150.92399452311525,-33.432964660757406,0],[150.92422104229729,-33.433071260296529,0],[150.92460388540675,-33.43320112196546,0],[150.92485840866948,-33.433262614368466,0],[150.92530613260033,-33.433269955880448,0],[150.92555777855924,-33.433274079811291,0],[150.92598354946119,-33.433309720581313,0],[150.92605607674227,-33.433310912554994,0],[150.92638685709113,-33.433524004198993,0],[150.92654425540363,-33.433526765222986,0],[150.9267174218443,-33.433529804373393,0],[150.92738435087421,-33.433274635316259,0],[150.9278830883334,-33.433164441358215,0],[150.92812086699922,-33.433089054486523,0],[150.9282658505945,-33.432845475578048,0],[150.92901807196569,-33.432214061953829,0],[150.92938698400167,-33.432080113054205,0],[150.93012636934571,-33.43182635213514,0],[150.93042387429983,-33.431673229493512,0],[150.93068201058665,-33.43165573188778,0],[150.93088763495518,-33.43165573188778,0],[150.93100576251672,-33.43159009709283,0],[150.93107137007522,-33.43149486395329,0],[150.93114138746338,-33.431393221647809,0],[150.93116764342244,-33.431121971502655,0],[150.93135139561048,-33.430509454102506,0],[150.93171890088485,-33.429958196216887,0],[150.93191303400422,-33.429574869570189,0],[150.93199415816255,-33.429496309091135,0],[150.93205721001405,-33.429423736415444,0],[150.93248515933058,-33.428931166199504,0],[150.93252196600272,-33.428817134970259,0],[150.93266545210645,-33.42851857157725,0],[150.93266712836274,-33.428446949467322,0],[150.93268586362626,-33.428375614437819,0],[150.93268753988258,-33.428304001206463,0],[150.93263170329953,-33.427772912442059,0],[150.93264343709376,-33.427271592609422,0],[150.93261770125918,-33.426912953016583,0],[150.93258760051063,-33.426740512522869,0],[150.93255516863394,-33.426668334898018,0],[150.93255684489029,-33.426596721757583,0],[150.93246893485826,-33.426208384063074,0],[150.93243312351944,-33.426050205816225,0],[150.93243981956155,-33.42576374336285,0],[150.93247728919042,-33.425621055339867,0],[150.93247895646354,-33.425549442085156,0],[150.93255455867785,-33.425235433332759,0],[150.9325562349342,-33.425163820509717,0],[150.93257496121461,-33.425092485031371,0],[150.93257663747093,-33.425020863093472,0],[150.93259537183613,-33.424949527497645,0],[150.93259704809245,-33.424877905441861,0],[150.93261577347454,-33.424806569728538,0],[150.93265725947103,-33.42449200572689,0],[150.93265926720568,-33.424406068396607,0],[150.93275641012221,-33.423978997095176,0],[150.93292552426266,-33.42323544401701,0],[150.93296298490833,-33.423092764584247,0],[150.93298205075186,-33.423007104778812,0],[150.93316533761256,-33.422465599395821,0],[150.93318540777264,-33.422336966272695,0],[150.93343050141982,-33.421801001247289,0],[150.93349109727728,-33.421668495329726,0],[150.93350774395782,-33.421639694428137,0],[150.93359777760719,-33.421483963357282,0],[150.93377738047687,-33.421100027210869,0],[150.93413823462484,-33.420260505215204,0],[150.93415730046846,-33.420174836617129,0],[150.93441046997003,-33.419562820806796,0],[150.934434825094,-33.419523818340949,0],[150.93485357745863,-33.418853608711224,0],[150.93502947747274,-33.418627214916008,0],[150.93526156441291,-33.418186805496703,0],[150.9354749160895,-33.417817731608999,0],[150.9355451400902,-33.417732904879557,0],[150.93558093256442,-33.41766183847367,0],[150.93568374115543,-33.417529521188726,0],[150.93575683347677,-33.417435444570444,0],[150.93586250949019,-33.417293876568316,0],[150.93621563633008,-33.416783799157884,0],[150.93630291843974,-33.416699251098514,0],[150.93640859535139,-33.416557682646022,0],[150.93644437075761,-33.416486616028131,0],[150.93651459385998,-33.416401790247839,0],[150.93662027077173,-33.416260222060252,0],[150.93665638663938,-33.416174839694598,0],[150.93670922015454,-33.416104051695584,0],[150.93684966815593,-33.415934399304781,0],[150.9370937745546,-33.415709116631611,0],[150.93716847126711,-33.415665327074976,0],[150.93728405300314,-33.415597577689034,0],[150.9376462070133,-33.415431546705626,0],[150.93811001258436,-33.415295787326976,0],[150.93831667720201,-33.415213193363179,0],[150.93848988766015,-33.415101385345849,0],[150.93878315346444,-33.414962865336349,0],[150.93893731604527,-33.414936717350301,0],[150.9391078558121,-33.414939496211559,0],[150.9392951222095,-33.414956877214294,0],[150.93948072133367,-33.415045871193094,0],[150.93957213569365,-33.415125704456671,0],[150.93963120890669,-33.415177274475937,0],[150.93974691550858,-33.415336788473766,0],[150.93990879641439,-33.415711966701146,0],[150.94013686698688,-33.416174203849835,0],[150.94016763967525,-33.416317994631505,0],[150.94016564092377,-33.416403941467067,0],[150.94011280740867,-33.416474720973689,0],[150.94007335699459,-33.416703338326009,0],[150.94007002244831,-33.416846573371295,0],[150.9401004636583,-33.417004689656657,0],[150.94015700002902,-33.41724955844662,0],[150.94019344737504,-33.41740741381544,0],[150.94022588823489,-33.417479583393742,0],[150.94024093860921,-33.417565807257269,0],[150.94030049511588,-33.417939327790307,0],[150.94029881885959,-33.418010940574113,0],[150.94034464282052,-33.418240947758576,0],[150.94034297554737,-33.418312579038577,0],[150.94035835740002,-33.418384460692003,0],[150.94035669012678,-33.418456082856054,0],[150.94038713223517,-33.418614190212381,0],[150.94041790582187,-33.418757981452565,0],[150.94047544561073,-33.419217447656372,0],[150.94048883769503,-33.419375285201795,0],[150.94050421954756,-33.419447176472524,0],[150.9405034218436,-33.419481463553623,0],[150.94050255227444,-33.419518798509813,0],[150.94052765120347,-33.419906087937669,0],[150.94054304293752,-33.419977978768905,0],[150.94053970839124,-33.420121214410891,0],[150.94055509024381,-33.420193114061362,0],[150.94055142421919,-33.420350673913859,0],[150.94057919383954,-33.420623376299162,0],[150.94056013697912,-33.420709036207143,0],[150.94057551883174,-33.420780936120664,0],[150.94056685098755,-33.421153344404445,0],[150.94058223284009,-33.421225235702501,0],[150.94058056556696,-33.421296857772639,0],[150.94065675977103,-33.421725784450594,0],[150.94073572348117,-33.422170343864487,0],[150.94074647990834,-33.422230940615989,0],[150.94077858928986,-33.422317434174936,0],[150.94094453058077,-33.423251516534812,0],[150.94103952113383,-33.42356830355078,0],[150.94120141102275,-33.423943482200386,0],[150.94126830047716,-33.42400189144513,0],[150.94131713559091,-33.424102986842321,0],[150.94145025154299,-33.424248445427381,0],[150.94149946305092,-33.424294108021677,0],[150.94171748506866,-33.424496380489678,0],[150.94174992592852,-33.424568549423981,0],[150.94181648300625,-33.424641282855418,0],[150.94193054119953,-33.424872401587024,0],[150.94199143350104,-33.425188623383058,0],[150.94214193904043,-33.425320035308431,0],[150.94242923464134,-33.425439337284374,0],[150.94246267891933,-33.425468532786468,0],[150.94253024031354,-33.425498293579999,0],[150.94264730067655,-33.425600500591941,0],[150.94272990436016,-33.425716467363081,0],[150.94277942129526,-33.425788932177774,0],[150.94291220487065,-33.425948697334825,0],[150.9431132127969,-33.426109583045942,0],[150.94319784128322,-33.426139612023405,0],[150.94328178076171,-33.426198299439946,0],[150.94373897922387,-33.426349010865131,0],[150.94390855060678,-33.426394754074934,0],[150.94407711857153,-33.426483470177523,0],[150.94422895900735,-33.426557584501737,0],[150.944498201166,-33.426719572680916,0],[150.94458810994951,-33.426753671707772,0],[150.94461660630699,-33.426764482000678,0],[150.94478450233188,-33.426881838705569,0],[150.94496913307225,-33.427013797614975,0],[150.94520259982471,-33.427246851808377,0],[150.94538789442007,-33.42735016184951,0],[150.94553974383902,-33.427424267186794,0],[150.94584477038705,-33.427515188660351,0],[150.94619963636532,-33.427664241672673,0],[150.94626653480282,-33.4277226424162,0],[150.94638493994378,-33.427767551966745,0],[150.94655284405351,-33.427884908065245,0],[150.94672041668497,-33.428016588805072,0],[150.94674288983839,-33.428046788807421,0],[150.94696862029966,-33.428350183466883,0],[150.94715092979334,-33.428582395146968,0],[150.94732361204203,-33.428733151913583,0],[150.94722158408703,-33.429728019154574,0],[150.94714813333783,-33.430444303492528,0],[150.94717138533062,-33.430941849056872,0],[150.94698936329789,-33.431130335020235,0],[150.94700863575395,-33.431192948173589,0],[150.94729228329655,-33.43127199291385,0],[150.94744573710656,-33.431471943091502,0],[150.94763173059121,-33.431369646283571,0],[150.94777123715826,-33.431234791958268,0],[150.94794793487631,-33.43097439756724,0],[150.94804093655935,-33.43083955237379,0],[150.94815252887719,-33.430695402549325,0],[150.9482129819026,-33.430518695569745,0],[150.94812463349265,-33.430453598944645,0],[150.94801303129339,-33.430500095682206,0],[150.94792933525835,-33.430607044606354,0],[150.94780378581595,-33.430765151575315,0],[150.94767823637349,-33.430955797027686,0],[150.94750618114881,-33.431072051271812,0],[150.94737598831466,-33.431039493801741,0],[150.94743643235691,-33.430941849056872,0],[150.94746433762288,-33.429505004133581,0],[150.94748449761448,-33.428901979359082,0],[150.9474854210826,-33.428874405878965,0],[150.94749224199057,-33.428877650612044,0],[150.9478904669526,-33.429067248373364,0],[150.94865339175038,-33.429280213990708,0],[150.94899353883275,-33.429328718312824,0],[150.94909588928289,-33.42933037665663,0],[150.94928417796311,-33.429304766786295,0],[150.94937046473936,-33.429263191964559,0],[150.94947280710477,-33.429264841313199,0],[150.94955909388111,-33.42922323948298,0],[150.94966209920312,-33.429196257621783,0],[150.95000428995277,-33.429053820394849,0],[150.95009285395827,-33.429016960354453,0],[150.95121585226801,-33.428418991240768,0],[150.95159741348155,-33.428152922067355,0],[150.95175424765208,-33.428012169986481,0],[150.95210203131259,-33.427731211683842,0],[150.95214323883133,-33.427702696936429,0],[150.95295175402808,-33.42714313904348,0],[150.95333528704373,-33.426791123492812,0],[150.95350851636647,-33.426679288399292,0],[150.95364596040156,-33.426638520525273,0],[150.95426530926409,-33.426419270200277,0],[150.95429809956855,-33.426403466671829,0],[150.9544378657487,-33.42633608478468,0],[150.95468229554083,-33.426096432760176,0],[150.95480533509044,-33.425940809398178,0],[150.9551446575193,-33.425287155542605,0],[150.95518407200069,-33.425058529302092,0],[150.95519102855431,-33.424757733742425,0],[150.95516089097481,-33.424585303212574,0],[150.95516321311982,-33.424485031597293,0],[150.95513108577197,-33.424398538698348,0],[150.955133407917,-33.424298276614067,0],[150.95504764036693,-33.423580440553451,0],[150.95495756988669,-33.423048813804478,0],[150.95492543445397,-33.422962329971291,0],[150.95491003463508,-33.422890420617833,0],[150.95488914790641,-33.422824185385274,0],[150.95481465780645,-33.422587975568163,0],[150.95479958946586,-33.42250175144342,0],[150.95475074447054,-33.422400664678328,0],[150.95473566714685,-33.422314449364713,0],[150.95468682215164,-33.422213353384365,0],[150.95467175381106,-33.42212713788475,0],[150.9545911138446,-33.421925224283513,0],[150.95449508304242,-33.421651419327098,0],[150.9544800138035,-33.421565213016464,0],[150.95441643284434,-33.421363568026436,0],[150.95428859718953,-33.420988954055389,0],[150.95423975309254,-33.420887858780965,0],[150.95420763472791,-33.420801365297386,0],[150.95415878074951,-33.420700269054748,0],[150.95414442117962,-33.420661598501795,0],[150.95412666328315,-33.420613776134083,0],[150.95404535946173,-33.420440520113424,0],[150.9539791248792,-33.420353470596581,0],[150.95393027988396,-33.420252384329387,0],[150.95366800326201,-33.419789609549071,0],[150.9535358655753,-33.4196011956831,0],[150.95306893117206,-33.419135122848715,0],[150.95280400092679,-33.418786943766058,0],[150.95278359030524,-33.418734119234223,0],[150.95265913411248,-33.418412043502443,0],[150.952569404992,-33.417866091625335,0],[150.95257371600707,-33.417679883257861,0],[150.95254159854071,-33.41759339857559,0],[150.95253250040352,-33.417249352249506,0],[150.95250635224221,-33.416905027880162,0],[150.95252617177238,-33.416504185674398,0],[150.95259271088378,-33.415158198911151,0],[150.95260261660638,-33.414957845241581,0],[150.95264269404447,-33.414700579054653,0],[150.95275000229674,-33.414487379716135,0],[150.95296227779167,-33.414161243626921,0],[150.95313746095016,-33.413963470842624,0],[150.95336281591557,-33.413809496370597,0],[150.95346613474965,-33.413768172822358,0],[150.95377509591856,-33.413687200805953,0],[150.95406370934802,-33.41361002140038,0],[150.9542226581527,-33.413582421318026,0],[150.95442581844242,-33.413583084176025,0],[150.95475083430213,-33.413545346253407,0],[150.95495548130361,-33.413548653796106,0],[150.95529524300869,-33.413611455842606,0],[150.95541363108168,-33.413656356196128,0],[150.95551595458241,-33.413658005091449,0],[150.95560023362404,-33.413702350540575,0],[150.95604165587321,-33.413795459413592,0],[150.95664114028989,-33.413915997958973,0],[150.9569219186134,-33.413963587817044,0],[150.95732166711818,-33.414023072291094,0],[150.95753820152586,-33.414023072291094,0],[150.95772379166692,-33.413918382438908,0],[150.95785466542401,-33.4139968977778,0],[150.9582686944469,-33.414087317426848,0],[150.95838766372992,-33.414032592202638,0],[150.95854708864167,-33.41409446185434,0],[150.95873506291147,-33.414006417692214,0],[150.95905696880365,-33.413987386860406,0],[150.9592612843268,-33.414005010250641,0],[150.95946527825316,-33.413981721850341,0],[150.96003104799883,-33.413917109216612,0],[150.9601340353546,-33.413890118849082,0],[150.96025374035773,-33.413877712800137,0],[150.9603567277135,-33.413850713422349,0],[150.96047644169985,-33.413838315615997,0],[150.96061386866702,-33.413797538712998,0],[150.96151098380187,-33.413716441501009,0],[150.96167155496397,-33.413701929131427,0],[150.96212484575463,-33.413621262237754,0],[150.96271630731749,-33.413523644391034,0],[150.9627680116503,-33.413510619671762,0],[150.96280442306372,-33.413484211803762,0],[150.96282083618229,-33.413449225752828,0],[150.9628443936023,-33.413421392418947,0],[150.96293291269208,-33.413400685564454,0],[150.96296146294844,-33.413409972343757,0],[150.96298573722407,-33.413472074889491,0],[150.96304284671993,-33.413465647258214,0],[150.96304855731017,-33.413431387045556,0],[150.96307925004845,-33.413395692373676,0],[150.96312279678023,-33.413387123190759,0],[150.96317918942049,-33.413392833230048,0],[150.96321130688682,-33.41342567700881,0],[150.96393790920436,-33.413177572362542,0],[150.96405761420758,-33.413165174460097,0],[150.96452649346338,-33.413028599457384,0],[150.96471029056713,-33.412975057570648,0],[150.96481394087954,-33.412919409336162,0],[150.96493397736111,-33.412892678854888,0],[150.96505434621923,-33.412851615066842,0],[150.96513962059424,-33.41285299553271,0],[150.96515742250824,-33.412866602230721,0],[150.96515798754857,-33.412795975001551,0],[150.96534822108129,-33.412684400823942,0],[150.96552239094015,-33.41252958350416,0],[150.96576674976546,-33.412289913616391,0],[150.9659793037381,-33.411949435077901,0],[150.96610229837188,-33.411793784859114,0],[150.96662577633234,-33.411286351391148,0],[150.96676187648771,-33.411096736545083,0],[150.9668901424356,-33.410918039281633,0],[150.96697673463908,-33.410862113029744,0],[150.96752316994494,-33.410097118344403,0],[150.9676284605811,-33.409969847410665,0],[150.96768094465156,-33.409913374642159,0],[150.96775145521482,-33.409814197393708,0],[150.96780426178054,-33.409743399710976,0],[150.96789149987265,-33.409658824550945,0],[150.96794430643837,-33.409588035740079,0],[150.9680315526154,-33.409503460428752,0],[150.96817192875156,-33.409333763649364,0],[150.96823351095924,-33.40921920426311,0],[150.96827885072821,-33.409134870803172,0],[150.96854222149815,-33.408809522986196,0],[150.96880361148294,-33.408570122539601,0],[150.96897874972569,-33.408372340773262,0],[150.96917455910142,-33.408017242072482,0],[150.96947556928177,-33.407828469714282,0],[150.96962309870253,-33.407664285106989,0],[150.96979203317997,-33.407492965717964,0],[150.97012753776886,-33.407212186982342,0],[150.97053530014435,-33.406966269282982,0],[150.97058915504391,-33.406933792760803,0],[150.97078576212368,-33.406908155287063,0],[150.97122685289446,-33.406653013717637,0],[150.97183123133277,-33.406146190635489,0],[150.97209773003655,-33.405910626115158,0],[150.9722761947408,-33.405744065927273,0],[150.9725069988867,-33.405444248085438,0],[150.97259028349333,-33.405334797959831,0],[150.97268783783827,-33.405220579009026,0],[150.9727187731217,-33.405172988860073,0],[150.97274732337806,-33.405106368907035,0],[150.97276398712654,-33.405027844031672,0],[150.97296308613292,-33.404237749890925,0],[150.97303457406318,-33.404095599435443,0],[150.97322838378909,-33.403826456033165,0],[150.97341957672259,-33.403671889898867,0],[150.97359272519702,-33.403560028778536,0],[150.97369701241499,-33.403475722071541,0],[150.97380258961365,-33.403334118566484,0],[150.97387770763601,-33.403239055414467,0],[150.97392557526427,-33.403178467908681,0],[150.97399542287087,-33.403107939292177,0],[150.97408199710807,-33.403052012511608,0],[150.97475564014638,-33.402764403284429,0],[150.97514691753807,-33.402483310791901,0],[150.97536680445833,-33.402305537729958,0],[150.97585743013053,-33.402004258389169,0],[150.97611285799675,-33.401840047025935,0],[150.97648684461583,-33.401612012253729,0],[150.97678132045081,-33.401443139996431,0],[150.97709683482975,-33.401223271095326,0],[150.97738522368033,-33.401024826897768,0],[150.97763506761873,-33.400836376822916,0],[150.97791898375749,-33.400663336331199,0],[150.97831122054995,-33.40036231677967,0],[150.97864873197523,-33.40010689725203,0],[150.97884656705193,-33.399966969659957,0],[150.97902273656064,-33.399842370234545,0],[150.97948793991026,-33.39945924961841,0],[150.97952537360649,-33.399424998130826,0],[150.97991666896445,-33.399067003993565,0],[150.98011735529388,-33.398820718254051,0],[150.98037219206859,-33.398575499772235,0],[150.98060993480186,-33.398309888134413,0],[150.9808744706867,-33.398054477573282,0],[150.98102042176751,-33.397826433616459,0],[150.98106603103116,-33.39768048229012,0],[150.98120284804216,-33.397488922302259,0],[150.98139441736978,-33.397269995120524,0],[150.98160421890441,-33.397014584502983,0],[150.98178665416214,-33.396804781934172,0],[150.98196909840311,-33.396439903369,0],[150.98215153276257,-33.396129759059036,0],[150.98230660084528,-33.395846980870616,0],[150.98233395903722,-33.395600686755181,0],[150.98228835875676,-33.395436493290468,0],[150.98230848371406,-33.395132112889129,0],[150.98232429585971,-33.394977555288911,0],[150.98239782745731,-33.394487817448216,0],[150.98238870237066,-33.394068213854453,0],[150.98234309310703,-33.393502658142374,0],[150.98230660084528,-33.393019194882164,0],[150.98226099247998,-33.392672567158456,0],[150.98218720935409,-33.392221364557557,0],[150.98217179156885,-33.392149474003872,0],[150.98217374540459,-33.392063527171693,0],[150.98207624495865,-33.391563928775994,0],[150.98205119004706,-33.391185702378799,0],[150.98203294885687,-33.390829949159354,0],[150.9819782145066,-33.390337360297728,0],[150.98195084733149,-33.389999857402081,0],[150.98194173122801,-33.389416051305645,0],[150.98195997241814,-33.389023814355774,0],[150.9819873395933,-33.388622452720362,0],[150.98203294885687,-33.388357916248466,0],[150.98204542645615,-33.388066336327853,0],[150.98217677542209,-33.38799780635766,0],[150.98221865488063,-33.387919757311849,0],[150.98225101489209,-33.387866457222131,0],[150.98226053523746,-33.387809347535978,0],[150.98227004570137,-33.387750337904514,0],[150.98228908549385,-33.38762660828916,0],[150.98239782745731,-33.387372748221011,0],[150.98250728627636,-33.387117337771585,0],[150.98258969233066,-33.386907562316715,0],[150.98267947535001,-33.38668674380407,0],[150.98273848568101,-33.386559204556626,0],[150.98283541300191,-33.386478241684756,0],[150.98285346644414,-33.386348586921592,0],[150.98295675832875,-33.386167720544272,0],[150.98298161561095,-33.385831158560919,0],[150.9830910834132,-33.38546627968347,0],[150.98318231002523,-33.385064918125359,0],[150.98326990564695,-33.384649545302281,0],[150.98329723688943,-33.384485539676021,0],[150.98339289219581,-33.384157529745693,0],[150.98342024050632,-33.383952541756948,0],[150.98350224321703,-33.383733856515676,0],[150.98354324502154,-33.383651854377739,0],[150.9835705762641,-33.383474179313239,0],[150.98367990931897,-33.383146178319201,0],[150.9837209111235,-33.382831829495338,0],[150.98381658349788,-33.382613161688191,0],[150.98385758440409,-33.382394476828715,0],[150.9839122558723,-33.382203149441303,0],[150.98398058802098,-33.381970812260448,0],[150.9840625907317,-33.381670133030362,0],[150.98414459344238,-33.381437795925557,0],[150.98428125773989,-33.381041453578526,0],[150.98433592022485,-33.38083644699168,0],[150.98445893282494,-33.380604109909697,0],[150.98462293824636,-33.380399103792044,0],[150.9846912703951,-33.380180418615254,0],[150.98482794457402,-33.379920758555421,0],[150.98495094819094,-33.37972942272453,0],[150.9850192803396,-33.379538077471047,0],[150.98514228395655,-33.3794014128556,0],[150.98521061700359,-33.379251068553195,0],[150.98545662423734,-33.379087072998097,0],[150.98558039860885,-33.378963289046375,0],[150.98566163056503,-33.378882066304605,0],[150.98598964050953,-33.378745393156798,0],[150.98618097627519,-33.378649720250209,0],[150.98648165497718,-33.378649720250209,0],[150.98674132378983,-33.378649720250209,0],[150.98694633011743,-33.378759062956675,0],[150.98721966859378,-33.378882066304605,0],[150.98761601068702,-33.379305739920639,0],[150.98776635452961,-33.379497075933585,0],[150.98783468757668,-33.379674751623483,0],[150.98780735633412,-33.379825086191815,0],[150.98768435271722,-33.379948099283823,0],[150.98767068215525,-33.380016422562356,0],[150.98787568848286,-33.380043771512113,0],[150.98801236266172,-33.380057423854971,0],[150.98794402063152,-33.380125765050643,0],[150.98797136085727,-33.380207767513433,0],[150.98819002876365,-33.380317101509711,0],[150.98840870475496,-33.380481105997077,0],[150.98860004052059,-33.380850117212994,0],[150.98875037538005,-33.38112344692648,0],[150.98898271295016,-33.381478797298065,0],[150.98914671837164,-33.381752135536985,0],[150.989228720184,-33.381984473302126,0],[150.98933806312036,-33.382189479432704,0],[150.98944739707366,-33.382435486751447,0],[150.98958406137106,-33.382640493318881,0],[150.98973440521362,-33.382845499402976,0],[150.98992574187758,-33.383064175627062,0],[150.99003507493245,-33.383282843050097,0],[150.99025375182208,-33.383679184931879,0],[150.99047241883022,-33.384048196077671,0],[150.99060909300914,-33.384362536003366,0],[150.99084143057931,-33.384799879520749,0],[150.9909644341962,-33.385141559574734,0],[150.99117879827412,-33.385690800690995,0],[150.9912366434902,-33.385788041767114,0],[150.99126880587235,-33.385874526609662,0],[150.99131832280744,-33.385946955658248,0],[150.99138295299886,-33.386105599981441,0],[150.99138132165825,-33.386177222505992,0],[150.99147369541893,-33.386411191108451,0],[150.99147809716385,-33.386422351456645,0],[150.99158542248412,-33.386954228632774,0],[150.99158346864837,-33.387040175266229,0],[150.99161432218509,-33.387183958014738,0],[150.99161076395825,-33.387341517735685,0],[150.99163770084041,-33.387657193617798,0],[150.99161983514603,-33.388445001579761,0],[150.99163331706177,-33.388602848536422,0],[150.99163210703111,-33.388656184177229,0],[150.99163136322602,-33.388688795040082,0],[150.99167244498062,-33.389133650300778,0],[150.99170166717678,-33.389349045747956,0],[150.99169842246204,-33.389492289894058,0],[150.99172732216306,-33.38972201031882,0],[150.99173787287603,-33.390008767911205,0],[150.99175329964444,-33.390080658735307,0],[150.99174646975331,-33.390381454386954,0],[150.99176189652167,-33.390453354653395,0],[150.99175670605595,-33.390682536261885,0],[150.99173803457276,-33.390753889502761,0],[150.9917346101949,-33.390904753190689,0],[150.99173153526169,-33.391040369178683,0],[150.99171286377856,-33.391111713875425,0],[150.99170960918229,-33.391254958116988,0],[150.99169093769908,-33.391326311637961,0],[150.99168736060761,-33.391483871351319,0],[150.99166868912442,-33.39155522468441,0],[150.99166381217077,-33.391770073361258,0],[150.99164514068758,-33.391841435459725,0],[150.99164026373387,-33.392056293179458,0],[150.99162158326757,-33.392127646792659,0],[150.99161834753588,-33.392270881859751,0],[150.99159966617123,-33.39234223529678,0],[150.99159608997815,-33.392499795418651,0],[150.9915774175966,-33.392571148667798,0],[150.99156604223018,-33.393072485812318,0],[150.99154737074701,-33.393143839341327,0],[150.99154699435289,-33.393147702672422,0],[150.99152512217236,-33.393372752101193,0],[150.99150644979082,-33.393444105383672,0],[150.99150449595507,-33.393530043350573,0],[150.99148581459045,-33.393601396503925,0],[150.99148386973786,-33.393687352315595,0],[150.99146518837321,-33.393758687339556,0],[150.99146323453746,-33.393844633995478,0],[150.9914068957961,-33.394073009404117,0],[150.99140527343874,-33.394144631364284,0],[150.99138659207404,-33.394215975763039,0],[150.99138334735926,-33.394359220138753,0],[150.99136466689293,-33.394430564361357,0],[150.99135654522445,-33.39478866684874,0],[150.99137197199283,-33.394860557469499,0],[150.99136491752287,-33.395171401557242,0],[150.99138681665292,-33.395200148986071,0],[150.99142497618783,-33.395229810652651,0],[150.9914691238925,-33.395265030540465,0],[150.99153852323974,-33.395291339697351,0],[150.99163968162563,-33.396095372760897,0],[150.99168758518644,-33.396239424027144,0],[150.99170268945963,-33.396325639725653,0],[150.99175221537789,-33.396398068316216,0],[150.99196949359055,-33.397347237792467,0],[150.99198643491849,-33.397443985842791,0],[150.99199969315379,-33.397519668405849,0],[150.99206270098779,-33.397749935346667,0],[150.99209323202939,-33.397908033146628,0],[150.99212570882187,-33.397980201677306,0],[150.99215591736822,-33.398152624285025,0],[150.99225334684732,-33.398369104338805,0],[150.99225270095863,-33.398397753213722,0],[150.99230255925355,-33.398455866902502,0],[150.9923675119401,-33.39860018649469,0],[150.99264732277808,-33.399048815849028,0],[150.99269718017464,-33.399106929102395,0],[150.99277885949189,-33.399265842643132,0],[150.99282871778681,-33.399323947501749,0],[150.99305900180818,-33.39970015634097,0],[150.99322270270073,-33.400003659042703,0],[150.99340539757159,-33.400221492653131,0],[150.99354242928007,-33.400329105084012,0],[150.99357299715254,-33.400353111100365,0],[150.9943853301892,-33.400638227972429,0],[150.99448764560515,-33.400639841867168,0],[150.99465653606504,-33.40071417098612,0],[150.99474180145688,-33.400715515647207,0],[150.99484281611231,-33.400774427232555,0],[150.99504679117396,-33.400806321096553,0],[150.99513108009702,-33.400850638609029,0],[150.99523339461462,-33.400852252499803,0],[150.99540229405775,-33.40092657243769,0],[150.99548754148327,-33.400927926094916,0],[150.9955885660201,-33.400986837536216,0],[150.99579189519315,-33.401047371074142,0],[150.99600447611519,-33.401145705641937,0],[150.99611264495348,-33.401195733822412,0],[150.99629892500073,-33.401255998734229,0],[150.99675349768731,-33.401521117653211,0],[150.99700408543075,-33.401754342258975,0],[150.99710478657411,-33.401827577760763,0],[150.99727142765255,-33.402002169058271,0],[150.99778568171169,-33.402676950584365,0],[150.99818826350287,-33.402584603725252,0],[150.99885465444191,-33.402339806830483,0],[150.99922184620422,-33.402326208232665,0],[150.99956183158974,-33.402299011780613,0],[150.99988822816007,-33.402299011780613,0],[151.00029622409744,-33.402299011780613,0],[151.00060901298778,-33.402380601861225,0],[151.00112580388932,-33.402571005915675,0],[151.001588183834,-33.4027614005537,0],[151.00198258107466,-33.402938197022358,0],[151.00258097224167,-33.403046993228266,0],[151.00331612562238,-33.403074942376016,0],[151.00346064299205,-33.403083565821277,0],[151.00356200799038,-33.40312810790109,0],[151.00461864595343,-33.40317305341997,0],[151.00491320173847,-33.403137797740868,0],[151.00520603724976,-33.403111014004203,0],[151.00541429727531,-33.40306723384461,0],[151.00556801159684,-33.40303491859973,0],[151.00566368486952,-33.403000147319794,0],[151.00585122884635,-33.402931958344226,0],[151.00608432818782,-33.402884511678437,0],[151.00630439387294,-33.402872688254469,0],[151.00651766470116,-33.402891477043781,0],[151.00708997957202,-33.402962104076977,0],[151.00738869455682,-33.402982255471308,0],[151.00781581921987,-33.402994249114641,0],[151.00815173523722,-33.402989399312354,0],[151.00832171086202,-33.402985177201863,0],[151.00840220709802,-33.402983169637018,0],[151.00874505271943,-33.402942607367869,0],[151.00903908029514,-33.402913160564474,0],[151.00938893547072,-33.402860604602495,0],[151.00957091258772,-33.402822642291234,0],[151.00975932703201,-33.402808147599814,0],[151.01016708042431,-33.402797158090337,0],[151.01083602617203,-33.402810263158969,0],[151.01099355024866,-33.40282594124308,0],[151.01134665912224,-33.402861089058504,0],[151.01161824139223,-33.402922563954441,0],[151.01218098201875,-33.402931205413189,0],[151.01230066905561,-33.402918718306282,0],[151.01288046779115,-33.402927610992421,0],[151.01303362695381,-33.402944292463246,0],[151.01361342568936,-33.402953185146757,0],[151.01366956680138,-33.402955327699914,0],[151.01424406906997,-33.402977190438179,0],[151.01484091693121,-33.402986342594374,0],[151.01540492238573,-33.402937677320026,0],[151.01559345271278,-33.402897590486276,0],[151.01566229600286,-33.402869989999807,0],[151.01607282788433,-33.402818984871665,0],[151.01617514330025,-33.40282053573155,0],[151.01626072220409,-33.402807519906432,0],[151.0163373188534,-33.402805637576158,0],[151.01697758049579,-33.402789852248091,0],[151.01736947682667,-33.402810173917004,0],[151.01750589947733,-33.402812262478562,0],[151.01760758697083,-33.4028424794964,0],[151.01886635395763,-33.403005005370765,0],[151.01900356532909,-33.403026850848107,0],[151.01956332085399,-33.403115953041336,0],[151.01985347579247,-33.403183370945392,0],[151.02020026591629,-33.403232395297977,0],[151.02052587286741,-33.403260021916822,0],[151.02071782757227,-33.403285497732732,0],[151.02093599332048,-33.403333822345012,0],[151.02105814533454,-33.403371650195915,0],[151.02119633407304,-33.403409729255948,0],[151.02136165642466,-33.403430302005454,0],[151.02156461010182,-33.403442510815964,0],[151.02163922686427,-33.403446105215444,0],[151.02184240422199,-33.403455912008333,0],[151.02211371699732,-33.403498768812632,0],[151.02277564420771,-33.403652142124152,0],[151.02360810220168,-33.403808115900432,0],[151.02379505508708,-33.403839614941035,0],[151.02404928190575,-33.403915127700586,0],[151.02420245005155,-33.403931791733598,0],[151.02425794527485,-33.403941338248522,0],[151.02493322055204,-33.404057546923269,0],[151.02554525353489,-33.404152843155011,0],[151.02563083333703,-33.404139818530417,0],[151.02617433654189,-33.404248390505408,0],[151.02687069438042,-33.404441106964178,0],[151.02759865944228,-33.404642581270991,0],[151.02783552362314,-33.404732149754601,0],[151.02869865638914,-33.405046148660993,0],[151.02900217646234,-33.405208360699547,0],[151.02930662898692,-33.405327599568174,0],[151.02932974713076,-33.405340382543507,0],[151.03013254365237,-33.405784287930686,0],[151.03062051570126,-33.406092568016049,0],[151.03122505583633,-33.40653156071307,0],[151.03142625240881,-33.406692213188109,0],[151.03145339500512,-33.406717912967153,0],[151.03181066307846,-33.407056213318349,0],[151.03239253332904,-33.40775273313961,0],[151.03254164019148,-33.407955569811577,0],[151.03262221727579,-33.408171699991009,0],[151.03271546060571,-33.408588588397166,0],[151.03271403497931,-33.408654141597431,0],[151.03271140022056,-33.408774769764989,0],[151.03274331197272,-33.408875543194959,0],[151.03270576149558,-33.409032564922157,0],[151.03262472716872,-33.409618719822042,0],[151.03242980532849,-33.410310317212101,0],[151.03222211932635,-33.410854153235412,0],[151.03190943733551,-33.411672914181622,0],[151.03133517761208,-33.412984398384246,0],[151.03118378543559,-33.413330148000767,0],[151.0308872659333,-33.414105227233719,0],[151.03079103750179,-33.414441564997283,0],[151.0305883173865,-33.415150104541873,0],[151.03054113966442,-33.415315015075912,0],[151.02984100800333,-33.416768371780634,0],[151.0297327142992,-33.417038922966107,0],[151.02969703770773,-33.417110016125115,0],[151.02964829152711,-33.417261856791399,0],[151.02964211560953,-33.417281102850204,0],[151.02959564575985,-33.41737961699102,0],[151.02923151994767,-33.418204661222362,0],[151.02902625400696,-33.418752701398418,0],[151.02884000001089,-33.419234882537594,0],[151.02879916080147,-33.419401353123504,0],[151.02875296942952,-33.419589596471567,0],[151.0286925783879,-33.419934117886086,0],[151.02867857724596,-33.419981205839733,0],[151.0285881932536,-33.420285290744822,0],[151.0285011707571,-33.420644091928317,0],[151.02845021112762,-33.420959355167106,0],[151.0283927962046,-33.421171613395195,0],[151.02834589696019,-33.421308529484051,0],[151.02831030121709,-33.421719599605638,0],[151.02825649931813,-33.422159784170866,0],[151.02825549500164,-33.422204183010358,0],[151.02824486344025,-33.422674146374263,0],[151.02823914476514,-33.423295494203117,0],[151.02823884023624,-33.423328257011754,0],[151.02826937127779,-33.423916796348806,0],[151.02832620319424,-33.424388176458962,0],[151.02832468773641,-33.424457942549132,0],[151.02832322707573,-33.424524607638538,0],[151.02864941703351,-33.425990890773676,0],[151.02876003288262,-33.426393714201204,0],[151.02887860870351,-33.426661046807929,0],[151.02893594187984,-33.426790316788399,0],[151.02923437928524,-33.427268957339571,0],[151.02958088194822,-33.427892402224437,0],[151.02971980640689,-33.428058343405596,0],[151.02987092998714,-33.42823885119013,0],[151.03021979881257,-33.428603765622618,0],[151.03040698436158,-33.428799574562973,0],[151.03076240639703,-33.42902872099264,0],[151.03100900562063,-33.429216704310541,0],[151.03127128314085,-33.429404939121433,0],[151.03137071137144,-33.429513645196629,0],[151.03150466904489,-33.429630293465955,0],[151.03162094068708,-33.429775330454497,0],[151.03163705825992,-33.42981855511875,0],[151.03185349295461,-33.43006539620761,0],[151.03202282269069,-33.430125275236463,0],[151.03212012640563,-33.430126754387615,0],[151.03212517314091,-33.430126835354848,0],[151.03221015197013,-33.430142450781297,0],[151.03265335827342,-33.4301635157465,0],[151.03309593665435,-33.430213212340888,0],[151.03361973800835,-33.430450399252059,0],[151.03405918845547,-33.430643313214162,0],[151.03416153890561,-33.430644872573531,0],[151.03431563860445,-33.430670814161935,0],[151.03434855467307,-33.430676354383976,0],[151.03441647449509,-33.430691718564923,0],[151.03489473845062,-33.430670321614443,0],[151.03492916907885,-33.43065652578521,0],[151.0357308175536,-33.430516813090371,0],[151.03612441709021,-33.430444151304691,0],[151.0363600981899,-33.430421597515455,0],[151.03660996907774,-33.430464992788018,0],[151.03696412718355,-33.430498284423258,0],[151.03728272458054,-33.430528242161031,0],[151.03834728658271,-33.430597677200218,0],[151.03875507680598,-33.430590980947386,0],[151.03963541949616,-33.430486568965812,0],[151.03964164122786,-33.43048600369702,0],[151.04024813519862,-33.430430517373402,0],[151.04042201849489,-33.430367527323405,0],[151.04077095020239,-33.430188973924913,0],[151.04113320212892,-33.430115818564452,0],[151.04138336946082,-33.430146062818217,0],[151.04178997480625,-33.430191922478969,0],[151.0422375559049,-33.43019899510994,0],[151.04226016290738,-33.430199345217865,0],[151.04255617126825,-33.430282907026644,0],[151.04311714580695,-33.430436388225758,0],[151.04339689376286,-33.430545982144849,0],[151.04356546172761,-33.43071956960322,0],[151.04382658221775,-33.430960333397607,0],[151.0441651967742,-33.431241775291475,0],[151.04427077487128,-33.431500305164356,0],[151.04428408610713,-33.431532898446378,0],[151.04427937983337,-33.431743184646059,0],[151.04432196806263,-33.431941072865641,0],[151.04450532589027,-33.432154326055375,0],[151.04476645536354,-33.43239509861413,0],[151.04503766123943,-33.43288584096122,0],[151.04527664095272,-33.433415504057763,0],[151.04532689270977,-33.433523018386701,0],[151.04545616207574,-33.43379961963133,0],[151.04561590948273,-33.434367488071125,0],[151.04572135283249,-33.434558474201381,0],[151.04572233828438,-33.434582856830673,0],[151.04570435670726,-33.43463343099247,0],[151.04563871411457,-33.434763857063977,0],[151.04561861610671,-33.434960760096438,0],[151.04566033476678,-33.435198072718578,0],[151.04562397725232,-33.435421006391714,0],[151.04561759472222,-33.435705559103674,0],[151.04561720036182,-33.435723298778854,0],[151.04567193381376,-33.436079150769487,0],[151.04572872979759,-33.43634299694186,0],[151.04581864756426,-33.43652847935676,0],[151.04586094833272,-33.436739509088071,0],[151.04585741705532,-33.436897221819819,0],[151.04593352142788,-33.436999231747834,0],[151.04602868266088,-33.437086971479545,0],[151.04603970858264,-33.437134999917561,0],[151.04613764021997,-33.437662449654859,0],[151.04618600012495,-33.437877253261981,0],[151.04620893950406,-33.437979111362495,0],[151.04617581772126,-33.438057474506913,0],[151.04609686299429,-33.438082528569133,0],[151.04591024158722,-33.438013846897938,0],[151.04575173116046,-33.438090237740596,0],[151.0457940418103,-33.438301267421778,0],[151.04621257857929,-33.439215046787567,0],[151.0464659636765,-33.439647998057559,0],[151.04648440249608,-33.439679497591172,0],[151.04698693174407,-33.440344795413566,0],[151.04723093124321,-33.440644694397434,0],[151.04736581238487,-33.440922918320219,0],[151.04753175367571,-33.441214776588275,0],[151.04763882836599,-33.441334795071306,0],[151.0477491127368,-33.441367558566661,0],[151.04787247478151,-33.441404212468747,0],[151.04819929266168,-33.441514531640493,0],[151.04865953012441,-33.441968799641316,0],[151.04956963400002,-33.44264049713491,0],[151.04975780589925,-33.442740642832696,0],[151.05028244987292,-33.443019844239117,0],[151.05115319226769,-33.443349073379636,0],[151.0519926068153,-33.443677808797034,0],[151.05217063134501,-33.443730687860111,0],[151.05250665516016,-33.443830501735462,0],[151.05280507459926,-33.443808898142763,0],[151.05293512460128,-33.443792816689026,0],[151.05298082279808,-33.443774781080968,0],[151.05302147425965,-33.443717017787719,0],[151.05299866962781,-33.44365317611512,0],[151.05314169938734,-33.443622285933522,0],[151.05320580047109,-33.443627781103487,0],[151.05328069481297,-33.443628955695104,0],[151.05332394599895,-33.443609441131663,0],[151.05337253946593,-33.443590015763903,0],[151.05344481611706,-33.443588904136504,0],[151.05358420590309,-33.443577627451639,0],[151.05373445093096,-33.443559797933467,0],[151.05384462750391,-33.44353909152133,0],[151.05397301831761,-33.443541108642719,0],[151.05404484670939,-33.443560183967392,0],[151.05416288443939,-33.443546334718427,0],[151.05434937109916,-33.443495311505522,0],[151.05441204745486,-33.443486419225884,0],[151.05464731622774,-33.443429506515677,0],[151.05530418771963,-33.443270584587154,0],[151.05640445326284,-33.44290028233641,0],[151.0565759973461,-33.44285987288864,0],[151.05673047343899,-33.442819212310454,0],[151.05721130118638,-33.442784727561751,0],[151.05772187125456,-33.442748118468572,0],[151.05808474212031,-33.442753550728568,0],[151.05865490552605,-33.442832989715221,0],[151.05901566085939,-33.442920514413117,0],[151.05915277341609,-33.443027929263543,0],[151.0592909172388,-33.443088579665556,0],[151.05959770987465,-33.443093375507019,0],[151.05980883822093,-33.443114423086392,0],[151.06001527915805,-33.443135004419354,0],[151.06015525105238,-33.443113795684376,0],[151.06025156931543,-33.443173791639737,0],[151.06030578354111,-33.443244813172804,0],[151.06050075928033,-33.443259558971207,0],[151.06082227889695,-33.443229502186099,0],[151.0614064075121,-33.44330881555662,0],[151.0616424380564,-33.443359291684224,0],[151.06176586388145,-33.443454794395208,0],[151.06184511415412,-33.443654870165034,0],[151.06192540467592,-33.443808180796339,0],[151.06199891830718,-33.443915399657548,0],[151.06204700063282,-33.44398553383418,0],[151.06212648446746,-33.44405870673576,0],[151.06220808383461,-33.444098399030665,0],[151.06233582067475,-33.444123444602283,0],[151.06248154807506,-33.444164140548772,0],[151.06252632280373,-33.444210950758006,0],[151.06259738942418,-33.444311947658051,0],[151.06265913332862,-33.444420483645914,0],[151.06268541533888,-33.444474680004767,0],[151.06266607101762,-33.444520485619776,0],[151.06246958071881,-33.444701827165524,0],[151.06238105264592,-33.444850172298942,0],[151.06234641540519,-33.444949332012158,0],[151.06228413430819,-33.44524076822109,0],[151.06231698659644,-33.44540170811581,0],[151.0623344489473,-33.445487197405122,0],[151.06234058893227,-33.445838182179386,0],[151.06239273254124,-33.446002742836377,0],[151.06246012415383,-33.446109064761906,0],[151.06252802600957,-33.446192007856261,0],[151.06269380560363,-33.44626477788357,0],[151.06277879341604,-33.446207614395327,0],[151.06289086992584,-33.44618597541583,0],[151.06297376915518,-33.446222360439641,0],[151.06304193960722,-33.446293605843003,0],[151.06315245664163,-33.446342118644786,0],[151.06329191829289,-33.446344296855621,0],[151.0633327134849,-33.446391707781821,0],[151.06330326670982,-33.446461438194696,0],[151.06316328493403,-33.446482647610331,0],[151.06301914395851,-33.44669093450014,0],[151.06297860927796,-33.446887406457137,0],[151.06295660235014,-33.446994069093485,0],[151.0629119084698,-33.447122030054381,0],[151.06279800299012,-33.447225518812843,0],[151.0626825290519,-33.447399169595982,0],[151.06264959501695,-33.447572093721632,0],[151.06259307751085,-33.447652133178536,0],[151.06241733829521,-33.447788618481184,0],[151.0623274214268,-33.447948714910538,0],[151.06230403378837,-33.448104294309537,0],[151.06225960850432,-33.448309667593399,0],[151.06220413034904,-33.448414618033979,0],[151.06208863844455,-33.448529769553211,0],[151.06199171112365,-33.448706467587009,0],[151.06196192388717,-33.448850805605076,0],[151.06196341149732,-33.448908766354819,0],[151.06196861094617,-33.449113342479926,0],[151.06176835580808,-33.449405030031933,0],[151.06168205915031,-33.449572880348114,0],[151.06165180568811,-33.449695472387504,0],[151.06152553939012,-33.449919669985434,0],[151.06141337304879,-33.450106174956375,0],[151.06136255625151,-33.45032840999373,0],[151.06128183543666,-33.450657872227588,0],[151.06123915827416,-33.450926387774423,0],[151.06121619194562,-33.451133688873981,0],[151.06118089174822,-33.451263567729683,0],[151.06116623573439,-33.45131748624042,0],[151.06117334410322,-33.451409886951033,0],[151.06122614258402,-33.45151068659186,0],[151.06123103660568,-33.451703053807222,0],[151.06121810176393,-33.451872051670605,0],[151.06122401806843,-33.452018272429392,0],[151.0612526491731,-33.452122532583829,0],[151.06125795552148,-33.452141858604982,0],[151.0613199231064,-33.452242811043646,0],[151.06139209285803,-33.452297778252472,0],[151.06141772089481,-33.452382783310654,0],[151.06152700903394,-33.452830570428716,0],[151.0616622036876,-33.453560794263339,0],[151.06181958493207,-33.454307224865104,0],[151.06182815396159,-33.454347876310614,0],[151.06196410230172,-33.45483453047185,0],[151.06210276535069,-33.455401457787652,0],[151.06235400796598,-33.456066817899071,0],[151.06246741128743,-33.45633008090028,0],[151.06250240695596,-33.456486547624067,0],[151.06251748427971,-33.456553902350883,0],[151.06264090022333,-33.456778871405888,0],[151.06273631298455,-33.457026474443772,0],[151.0627844222596,-33.457124693149943,0],[151.06297068523884,-33.457412177011584,0],[151.06312060777154,-33.457683704702454,0],[151.06335083879236,-33.458056462756183,0],[151.06349956926067,-33.458381819358408,0],[151.06359056231074,-33.458544605497309,0],[151.06375543640308,-33.458839573888824,0],[151.0640323968866,-33.459174620880631,0],[151.06422309664501,-33.459472108254687,0],[151.06454556667916,-33.45982323653255,0],[151.06486924674405,-33.46012055380703,0],[151.06514893181787,-33.460332578352492,0],[151.06516919960734,-33.460349592034746,0],[151.0654101340547,-33.460551999289059,0],[151.06558876764223,-33.460770137392657,0],[151.06579596136754,-33.460942568710927,0],[151.06604847689565,-33.461138781303895,0],[151.06641123098041,-33.461329014525589,0],[151.0669419610401,-33.461601313847645,0],[151.06725812040943,-33.461725697990438,0],[151.0673694351479,-33.461769495782981,0],[151.06777094075738,-33.461868045606543,0],[151.06825429726229,-33.461998633074387,0],[151.06870998116491,-33.462136480725547,0],[151.06894758915078,-33.462178638580689,0],[151.06915682654338,-33.462258803198758,0],[151.06945745134649,-33.462355775690675,0],[151.06976825945165,-33.462406763076999,0],[151.06981316892768,-33.462418819705448,0],[151.07031550144467,-33.462553682512912,0],[151.07057263341497,-33.46265351444417,0],[151.07107771747167,-33.462865162584471,0],[151.07138000954794,-33.462936390568032,0],[151.07149666656733,-33.462948528059407,0],[151.07158257784786,-33.462960181428464,0],[151.0717116594659,-33.462967352558771,0],[151.07179151879643,-33.462973752542858,0],[151.07182681001066,-33.46299225403996,0],[151.07191025631406,-33.462979247236092,0],[151.0721121338095,-33.46294778389246,0],[151.07221752326029,-33.462913299652982,0],[151.07234114581647,-33.462889437585446,0],[151.07292721928428,-33.462826330962166,0],[151.07358210999095,-33.462712703252336,0],[151.07407622202479,-33.462576280407994,0],[151.07467361785842,-33.462317095972125,0],[151.075831262392,-33.461814835865241,0],[151.07648892260477,-33.461394810430974,0],[151.07685937704821,-33.461040392528048,0],[151.07706401506653,-33.460844600892614,0],[151.07762265039227,-33.460265501604141,0],[151.07764850300785,-33.46023131232505,0],[151.07778874439671,-33.45993858499417,0],[151.0781066069718,-33.459389353230961,0],[151.07824883812904,-33.459130025116202,0],[151.07846823187424,-33.458729962498637,0],[151.0786031489485,-33.45823330401069,0],[151.0786275759377,-33.45806821496145,0],[151.07859682031727,-33.457589771287729,0],[151.07849508790798,-33.456957828756508,0],[151.07849364521365,-33.456933894600027,0],[151.07845882830986,-33.45635461554874,0],[151.07837741758894,-33.456124527999378,0],[151.07834273633077,-33.455826467033454,0],[151.07833799412438,-33.455667257536149,0],[151.07834073757925,-33.455542756776666,0],[151.07815907307597,-33.45517322567013,0],[151.07792682533736,-33.454851347369519,0],[151.07788898829762,-33.454780414785198,0],[151.07768114059874,-33.454390867634999,0],[151.07736761688648,-33.454012372215445,0],[151.07706342397509,-33.453585588270748,0],[151.07689596812463,-33.453320066200376,0],[151.07679665577672,-33.452958728141425,0],[151.07673075267252,-33.452765501035906,0],[151.07670902422248,-33.452701820420437,0],[151.07643089862393,-33.452138945274065,0],[151.07636662686033,-33.4519517506303,0],[151.07643671611373,-33.451866826096513,0],[151.07646998162704,-33.451759634302789,0],[151.07644089327982,-33.451697926408812,0],[151.07639350984354,-33.45147821024311,0],[151.07636836599869,-33.45103987203381,0],[151.07641188578097,-33.450646388844888,0],[151.07641823237844,-33.45059782223656,0],[151.07647475078284,-33.450165615175806,0],[151.07655340008264,-33.449758076641359,0],[151.07657919879927,-33.44972861198584,0],[151.07658956984923,-33.449505408519073,0],[151.07677051659857,-33.449208485826475,0],[151.07693016519087,-33.449086683106181,0],[151.07730174881658,-33.448843903139711,0],[151.07748883644922,-33.448664040843632,0],[151.07748967008578,-33.448662938275696,0],[151.07766849231953,-33.448425580782988,0],[151.07785444987155,-33.448296884947851,0],[151.07809140388392,-33.44822744983022,0],[151.07850914384721,-33.448263171404548,0],[151.07896855665658,-33.448387259875354,0],[151.07939099301223,-33.448605801852146,0],[151.0797597083172,-33.448844852800256,0],[151.07976064975162,-33.448845462921561,0],[151.0798596117566,-33.449102863266297,0],[151.07998860354314,-33.449580033847489,0],[151.0800283315366,-33.450150860058052,0],[151.08003883733383,-33.450465370028724,0],[151.079996392835,-33.45080829608083,0],[151.07999700279109,-33.451073199996358,0],[151.07999721838672,-33.451166523619818,0],[151.07993468486316,-33.451309051216384,0],[151.07994504782829,-33.451431759224626,0],[151.07994443787226,-33.4514604078323,0],[151.08000504361115,-33.451819469129752,0],[151.07999739715146,-33.452177517107543,0],[151.07996205203835,-33.452234304157038,0],[151.07983465655798,-33.452604911331406,0],[151.07984713415723,-33.452819992730205,0],[151.07982426664341,-33.453091861582458,0],[151.07982120159164,-33.453235078549852,0],[151.07981960528539,-33.453239775646232,0],[151.07984036624993,-33.453283340884738,0],[151.07984050099722,-33.453289893731473,0],[151.07984815554175,-33.453662965225,0],[151.07991431915738,-33.454328119825917,0],[151.07995233496189,-33.454803094151636,0],[151.07992858081082,-33.455011614384283,0],[151.08003679366658,-33.455129391568143,0],[151.08011875146155,-33.455288197334362,0],[151.08018521960605,-33.455489654075912,0],[151.08037525550944,-33.456065643475895,0],[151.08053153362283,-33.456741303655868,0],[151.08070588314467,-33.457039248307964,0],[151.0806854186242,-33.457158523162455,0],[151.08069592442146,-33.457416658786528,0],[151.08082215478686,-33.457567962023042,0],[151.08084534479593,-33.457641098733539,0],[151.08085243519849,-33.457663473071584,0],[151.0808314595366,-33.457880392331894,0],[151.08084016331341,-33.458219956990312,0],[151.08088245599694,-33.458505746458371,0],[151.08097061665899,-33.45891444150039,0],[151.08113255056534,-33.459650132987406,0],[151.08117177729881,-33.459872681563155,0],[151.08131969209688,-33.460712077401951,0],[151.0813142869338,-33.460957403680297,0],[151.08148744349305,-33.461540555734111,0],[151.08150062986309,-33.461636694170927,0],[151.08157754092281,-33.461744225983736,0],[151.08163436295774,-33.46201921442259,0],[151.08164979960759,-33.462078582775298,0],[151.08179666517339,-33.462643734572637,0],[151.08212591209809,-33.463681996296522,0],[151.08225166815302,-33.464253244514047,0],[151.08225993265367,-33.464275376587814,0],[151.08241791397273,-33.464698592489583,0],[151.08248052744636,-33.465005662907416,0],[151.08260055494475,-33.465271328296808,0],[151.08267136105377,-33.465437404066776,0],[151.08268485195271,-33.465426476441678,0],[151.0828359934992,-33.46554332222366,0],[151.08288505409016,-33.465644336995503,0],[151.08296427741337,-33.465932036156573,0],[151.08309477477638,-33.466367515121938,0],[151.08333084125331,-33.46715523403239,0],[151.0833637483388,-33.467213025177934,0],[151.08339391196941,-33.467399717764422,0],[151.08342590456988,-33.467500472588227,0],[151.08342316111501,-33.467629374475521,0],[151.08352552144675,-33.468433183534152,0],[151.08354136952494,-33.468490723539716,0],[151.08360383028497,-33.468763847144224,0],[151.0836355183566,-33.468878935670382,0],[151.08364984289213,-33.469008088791341,0],[151.08368274907932,-33.469065879450795,0],[151.08369707361484,-33.469195032293143,0],[151.08373490167142,-33.469376364953973,0],[151.08376450116003,-33.469518282614885,0],[151.08371242043313,-33.46961682362867,0],[151.08370231797943,-33.469675707940041,0],[151.08367706633683,-33.469822905804428,0],[151.08370048002638,-33.470159036619123,0],[151.08381147226962,-33.470716058534784,0],[151.08397152420548,-33.471144707189616,0],[151.08396640560503,-33.471377080075861,0],[151.08408252453353,-33.471701728764479,0],[151.0841713221011,-33.471872357915224,0],[151.0842451312781,-33.472014186064591,0],[151.08433434117237,-33.472102884740053,0],[151.08449695690001,-33.472516312137579,0],[151.08454205412389,-33.472803509666733,0],[151.08452162553604,-33.472960800139909,0],[151.08452010109502,-33.473032413972383,0],[151.08453381657279,-33.473190206826658,0],[151.08458043823768,-33.473405781164388,0],[151.08464321250972,-33.473664598245072,0],[151.08470872125349,-33.473794513035216,0],[151.08504214534426,-33.474171932990025,0],[151.08525639353954,-33.474533262060497,0],[151.08549593829321,-33.475310438946607,0],[151.08561114363508,-33.47551271984954,0],[151.08576047417804,-33.475715494070577,0],[151.08585253442666,-33.475805572917544,0],[151.08598102405503,-33.475931292910225,0],[151.08619539801444,-33.476137393038442,0],[151.08631335489611,-33.476210771839966,0],[151.08681898602677,-33.476519105992345,0],[151.08703690922991,-33.47670856890138,0],[151.08715363811453,-33.476839227670972,0],[151.08720423931618,-33.476868629163874,0],[151.08725422247687,-33.47692667083907,0],[151.08743892598079,-33.477072667262235,0],[151.08758978904962,-33.477203837247551,0],[151.08789275396398,-33.477408879351444,0],[151.08794798148935,-33.477455043710712,0],[151.0883289057974,-33.477773480536449,0],[151.08872789253084,-33.478280806208346,0],[151.08906134357102,-33.478658216361801,0],[151.08937742209193,-33.479049699977246,0],[151.08950903156929,-33.479280746433162,0],[151.08952556057048,-33.479309763470567,0],[151.0896072587523,-33.479482893687816,0],[151.08970387256113,-33.479756519122226,0],[151.0897974563525,-33.480173379842427,0],[151.08979411282303,-33.48033092217571,0],[151.08982580987779,-33.480446001333249,0],[151.09004446790277,-33.48063722990215,0],[151.09031624690383,-33.48066813761649,0],[151.09069358513722,-33.480587739773519,0],[151.0907786268485,-33.48060331914197,0],[151.09094749035901,-33.480691767014108,0],[151.09120139468249,-33.48079579412979,0],[151.09224963339767,-33.48128402609067,0],[151.09228316840552,-33.481313167582464,0],[151.09246178402674,-33.481410552571788,0],[151.09268825919131,-33.481534031659734,0],[151.09331100458394,-33.481958673013779,0],[151.0935825868539,-33.482034302120717,0],[151.09370207626139,-33.482036059106832,0],[151.09383924271708,-33.482009427089849,0],[151.09389574315517,-33.48200080399392,0],[151.09392489438446,-33.48199635720632,0],[151.09404424006149,-33.482011507002369,0],[151.09418032225068,-33.482028771173226,0],[151.0943842443117,-33.482074756248281,0],[151.09468875073514,-33.482208176139224,0],[151.09507679239525,-33.482428780194425,0],[151.09511032650474,-33.482457931041274,0],[151.09555018029539,-33.482650638668943,0],[151.09616103918017,-33.482831540828847,0],[151.0964432790627,-33.482989297855092,0],[151.09681915663541,-33.483199377626882,0],[151.09685269074498,-33.483228528214433,0],[151.09690401868369,-33.483256997735531,0],[151.09703833478497,-33.483331542312833,0],[151.09739375682042,-33.483480021397398,0],[151.09761445042781,-33.483540573075125,0],[151.09819284240163,-33.483667664928568,0],[151.09865340235959,-33.483745624156555,0],[151.09912009421765,-33.483787073964301,0],[151.09940066682697,-33.483786482070499,0],[151.09948567170736,-33.483784402949873,0],[151.09976910365424,-33.48377744632424,0],[151.10037019246198,-33.483820949013442,0],[151.10074892038912,-33.483875736612148,0],[151.10108728431564,-33.483905416678844,0],[151.10133767532801,-33.483948443541927,0],[151.10152846401962,-33.484044429752288,0],[151.10179012260065,-33.484107222731275,0],[151.10211799869623,-33.484148026530143,0],[151.10223896762898,-33.484163077051562,0],[151.10250656856559,-33.484221056149003,0],[151.10281753836747,-33.484167038976516,0],[151.10305254662902,-33.484111856717924,0],[151.10355653743599,-33.484001331010703,0],[151.10373576391163,-33.483945494567656,0],[151.10396022146003,-33.483847580473444,0],[151.10475253913393,-33.483501911802541,0],[151.10510469758992,-33.483307939858562,0],[151.10513259387272,-33.483292567016683,0],[151.10532337447955,-33.483152092471443,0],[151.10551445961519,-33.48299729373921,0],[151.10570675478155,-33.482785205510595,0],[151.1057819716186,-33.482456783199247,0],[151.10578347719499,-33.48238517940419,0],[151.10583522644356,-33.482262202025744,0],[151.10591268367895,-33.482070893128295,0],[151.10597420390286,-33.481934452055306,0],[151.1060734982845,-33.481675921916199,0],[151.1061775968563,-33.481466523266633,0],[151.10624141137743,-33.481332628704926,0],[151.10626348927215,-33.481286294083397,0],[151.10640355189625,-33.481038197654001,0],[151.10657340085865,-33.480766033576181,0],[151.10666833841111,-33.480571846462084,0],[151.10688597505165,-33.480256243145874,0],[151.10709878863739,-33.479925866151738,0],[151.10720662599738,-33.479669559091278,0],[151.10741899132381,-33.479314495868465,0],[151.10742293582621,-33.479308821636444,0],[151.10782393029427,-33.478733002417123,0],[151.10803507660688,-33.478435219248176,0],[151.10849422980311,-33.477711270405784,0],[151.10858168259264,-33.477612254557911,0],[151.10874041670002,-33.477371015582008,0],[151.10875983198821,-33.477351806079788,0],[151.10889734878688,-33.477215714985292,0],[151.10938671052944,-33.476678431547327,0],[151.10964815351483,-33.476424365765581,0],[151.11018177974302,-33.476217244277343,0],[151.11038930494669,-33.476091335876184,0],[151.11044172613512,-33.476034790742169,0],[151.11061480274429,-33.475922696184092,0],[151.11069762921011,-33.475844431694,0],[151.11071931364273,-33.475823931556071,0],[151.1109624795053,-33.475626903246166,0],[151.11136166296984,-33.475317529628647,0],[151.1114772177564,-33.475255301249796,0],[151.11167249802443,-33.475150136027196,0],[151.11193031990086,-33.475067936222722,0],[151.11235852074563,-33.475002535091974,0],[151.11258070196322,-33.47499144682223,0],[151.11273491844298,-33.474965038930947,0],[151.11276905262716,-33.474965540967943,0],[151.11292326910686,-33.474939124077039,0],[151.11323409517834,-33.474771730493863,0],[151.11340867736394,-33.474588022563417,0],[151.11356649788462,-33.474389739339507,0],[151.11374648523324,-33.473948245447623,0],[151.11398904203804,-33.473779839118578,0],[151.1143513658298,-33.473598865604629,0],[151.11438700648873,-33.473527745293786,0],[151.11438970502786,-33.473398843187695,0],[151.11428820528221,-33.473354391118008,0],[151.11415197127781,-33.473338085101332,0],[151.11406571953577,-33.473379803650374,0],[151.11401391638827,-33.473407708421654,0],[151.1138579437021,-33.473475279293595,0],[151.11378993404858,-33.473504734380498,0],[151.11372256938543,-33.473460775418999,0],[151.1136731692313,-33.473374093811543,0],[151.1139510522847,-33.473148909306829,0],[151.11403939260975,-33.473006928653525,0],[151.11409540795762,-33.472778518087623,0],[151.11416487917009,-33.47272221507275,0],[151.11414870769835,-33.472678999797679,0],[151.11420111181877,-33.472622454684839,0],[151.11427208860769,-33.472494547841379,0],[151.11439336206939,-33.472410358291789,0],[151.11465207148126,-33.472285176456239,0],[151.11491018890345,-33.472188642942264,0],[151.11508146349212,-33.472162476980742,0],[151.11522123955376,-33.472080250363348,0],[151.11527159910858,-33.472050624693374,0],[151.11530693523861,-33.471993837884739,0],[151.11538060966828,-33.471737020289929,0],[151.11551955119495,-33.471624432352989,0],[151.11558961439724,-33.471539489622103,0],[151.11578095914598,-33.471370348005252,0],[151.11600522894659,-33.471258988511167,0],[151.11607409918614,-33.47123133482657,0],[151.11619477257324,-33.471175785393598,0],[151.11624627029352,-33.471162205072595,0],[151.11633220762516,-33.471134801637369,0],[151.11645257648331,-33.471093567581384,0],[151.11655588633431,-33.47105209146806,0],[151.11686518796472,-33.470956293185282,0],[151.11703706352631,-33.470901487674631,0],[151.1172676170423,-33.470789921508157,0],[151.1172957639551,-33.470776296165994,0],[151.11746703854382,-33.470750130527364,0],[151.11804912349172,-33.470672618954097,0],[151.11849345897735,-33.470650415077934,0],[151.11857879623435,-33.470651652248598,0],[151.11888630572582,-33.470641791600741,0],[151.11895487143647,-33.470628453234966,0],[151.11910967900775,-33.470573396485761,0],[151.11923063895736,-33.470503513862027,0],[151.11956060363596,-33.470236090798956,0],[151.11997470362579,-33.470027194291646,0],[151.12012980674268,-33.469957813293441,0],[151.12036995246928,-33.469903993299518,0],[151.12086847523116,-33.46973928916325,0],[151.12103944439269,-33.469727438876106,0],[151.12114244073155,-33.469700278527419,0],[151.12126760479674,-33.469702088967793,0],[151.12131311524564,-33.469702752146496,0],[151.12141521506587,-33.469718556030479,0],[151.12156672402341,-33.46982104066376,0],[151.12176733758926,-33.470024514610103,0],[151.12212634569931,-33.470001064395703,0],[151.122318972344,-33.470044459351918,0],[151.12233024889576,-33.470046995906714,0],[151.12232462813705,-33.470059662193783,0],[151.12253113195621,-33.47004130383268,0],[151.12257616719637,-33.470041751944919,0],[151.12271634570317,-33.469993902090195,0],[151.1228032514187,-33.469962358114685,0],[151.12282653036101,-33.469953913664249,0],[151.12286824902111,-33.469862920518189,0],[151.12274304902331,-33.469677769414751,0],[151.12254668448878,-33.469566499916425,0],[151.12248850779429,-33.469498982947677,0],[151.12256870848455,-33.469466882769524,0],[151.12287758970345,-33.469429906514812,0],[151.12299843287204,-33.46935676925898,0],[151.12309742182649,-33.469374930684111,0],[151.12317456644814,-33.469484389983506,0],[151.12334291881726,-33.46951192732601,0],[151.12352337239153,-33.469439686370038,0],[151.12365558194347,-33.469300081099043,0],[151.12365693570456,-33.46923736955879,0],[151.123658988355,-33.469141857773273,0],[151.1237113565428,-33.469017706832332,0],[151.12383327499487,-33.468894604819553,0],[151.12385691326321,-33.468720040146543,0],[151.12379094727697,-33.468552440464308,0],[151.12361500234712,-33.468416501908678,0],[151.1232795525554,-33.468303134063419,0],[151.12281458186945,-33.468204458917938,0],[151.12240707012393,-33.468206619344159,0],[151.12208579215411,-33.468229092119905,0],[151.12181983064289,-33.468247692161079,0],[151.12125264425396,-33.468280751230907,0],[151.12105393960803,-33.468277739525867,0],[151.12094679305258,-33.468213565979568,0],[151.12096875506461,-33.468207775618019,0],[151.12110649554376,-33.468152458799082,0],[151.12126158159273,-33.468083077798767,0],[151.12134900653453,-33.467984052447243,0],[151.12186350313874,-33.467237854998132,0],[151.12205319947901,-33.466962723496955,0],[151.12222804127765,-33.466764682110721,0],[151.12238433735735,-33.466638003100144,0],[151.12257206099719,-33.466640719606069,0],[151.12263973018926,-33.466670354619218,0],[151.12282536524606,-33.466773332951369,0],[151.12294214802964,-33.466903955744108,0],[151.1230774774306,-33.466963225580287,0],[151.12341791107551,-33.467011128815329,0],[151.12369008443684,-33.467058046592733,0],[151.1239269216683,-33.467161759602533,0],[151.12398672970323,-33.467203370966629,0],[151.12401105787777,-33.467220285881517,0],[151.12412962471555,-33.467264980148506,0],[151.12433114378319,-33.467425479752578,0],[151.12439881297522,-33.467455124239279,0],[151.12460211609707,-33.467529695152159,0],[151.12473805455576,-33.467560307043755,0],[151.12528208776655,-33.467668466975724,0],[151.12546982038955,-33.467671182699974,0],[151.12557282481333,-33.467644021706853,0],[151.12564108599511,-33.467645007880733,0],[151.12577821651817,-33.467618330974041,0],[151.12583001068256,-33.467590426586618,0],[151.12588121285711,-33.467591169964336,0],[151.12591593903102,-33.467563014528253,0],[151.12598480927056,-33.467535360413692,0],[151.12596923068691,-33.46746349624393,0],[151.12597012630729,-33.467420531634964,0],[151.12568297443684,-33.46727311012328,0],[151.12564745055889,-33.467262989807082,0],[151.12478352907212,-33.467016552061786,0],[151.12459788503207,-33.466913583011127,0],[151.12454967694237,-33.466769621273244,0],[151.12452061554461,-33.466525640097856,0],[151.12457420184793,-33.466411806660687,0],[151.12469695483492,-33.466255985833691,0],[151.12485114436515,-33.466229559543258,0],[151.12491941363186,-33.46623055472584,0],[151.12537548291169,-33.466385389410355,0],[151.12558052517193,-33.46645500407827,0],[151.12600330198902,-33.466647362118366,0],[151.12604223317683,-33.466669968688166,0],[151.12615510739059,-33.466735513244245,0],[151.12633895839329,-33.466924420523327,0],[151.12670577376142,-33.467345198513954,0],[151.12688814613713,-33.467605710041859,0],[151.12730407419855,-33.468127485362238,0],[151.12755232272897,-33.46850356915246,0],[151.12756427211892,-33.46851786628271,0],[151.12768558151322,-33.468663083297997,0],[151.12780265984244,-33.468779390421318,0],[151.12785691000082,-33.468849264693652,0],[151.12818507265891,-33.469272024384018,0],[151.12821801477872,-33.469329805875205,0],[151.12868575586907,-33.469823667147494,0],[151.12892052248372,-33.470027625168846,0],[151.12929034002156,-33.470305167338616,0],[151.12962216870437,-33.470531301912004,0],[151.12991319321205,-33.470729629933544,0],[151.12999704196065,-33.470802471538221,0],[151.13086906714963,-33.471560034984641,0],[151.13095172383393,-33.471690164992488,0],[151.13089873760518,-33.471775367595455,0],[151.13079484564594,-33.471845501719827,0],[151.13077688203518,-33.471888224347765,0],[151.13077509798109,-33.471974161853439,0],[151.13082510809122,-33.472032185825938,0],[151.13085865118396,-33.472061327432414,0],[151.13113053708446,-33.472122551750104,0],[151.13135123967504,-33.47218304092889,0],[151.13153371895029,-33.472268135892726,0],[151.13160486641905,-33.472301293839408,0],[151.1318740816283,-33.472491437371183,0],[151.13194175082029,-33.472521063639796,0],[151.13219449901203,-33.472682289350679,0],[151.13254756296988,-33.472945265855387,0],[151.13320761719282,-33.473451766320615,0],[151.13327017676755,-33.473500091583894,0],[151.13335433992648,-33.473558608337243,0],[151.13360708811823,-33.473719843357507,0],[151.13389669598268,-33.473835389130258,0],[151.13419971479601,-33.47395759468457,0],[151.13455397980132,-33.4741632731468,0],[151.13458811488377,-33.474163766196668,0],[151.13462136243081,-33.474207223509481,0],[151.13480644143047,-33.474338824192685,0],[151.13519365843706,-33.474602275229792,0],[151.13549761778648,-33.47476424562975,0],[151.13602227972652,-33.474986686463772,0],[151.13615271510571,-33.475029893094884,0],[151.13642924439796,-33.475121478013605,0],[151.13675235133763,-33.47518342849564,0],[151.13683710558806,-33.475213295869963,0],[151.1373150111159,-33.475220162517189,0],[151.13750187416971,-33.475265825258099,0],[151.13808041885704,-33.475360099185067,0],[151.13818282320617,-33.475361569322502,0],[151.13840411688821,-33.475393400564457,0],[151.13877961806685,-33.475398788069008,0],[151.13878729147609,-33.475398304017851,0],[151.13951474539653,-33.475352031411994,0],[151.13966865644909,-33.475339912142339,0],[151.13970308707732,-33.475326080707184,0],[151.13985699902813,-33.475313961433862,0],[151.14078341720767,-33.475098010445819,0],[151.14098913140771,-33.475057977168738,0],[151.14112595740187,-33.47504561583137,0],[151.14131490005556,-33.474991015969714,0],[151.14141794131024,-33.474970963716608,0],[151.14152060617079,-33.474950983392532,0],[151.14184667934759,-33.474869688565327,0],[151.14218852963572,-33.474809262705456,0],[151.14267067521158,-33.47455720484534,0],[151.14302864307257,-33.474473015051842,0],[151.14349437552994,-33.474345663184643,0],[151.14391940262684,-33.474181479272893,0],[151.14401511093385,-33.474144511773694,0],[151.14430377826213,-33.473969732131216,0],[151.14457432028306,-33.473809608815927,0],[151.14502415076322,-33.473592464906417,0],[151.145742613446,-33.473304712495612,0],[151.14621836750871,-33.473019774346199,0],[151.14630180393058,-33.472969791305502,0],[151.14700691136005,-33.472472881701975,0],[151.14754987737228,-33.472063084620764,0],[151.14814560503441,-33.471683935002233,0],[151.14828252984327,-33.471573194115194,0],[151.14867107366152,-33.47125895329215,0],[151.14914282123806,-33.470848088649078,0],[151.14943527137203,-33.470494244432572,0],[151.14949407509059,-33.470241379710004,0],[151.14964536845241,-33.469825738360271,0],[151.14970056004515,-33.469724328306604,0],[151.1498306899972,-33.469485223267768,0],[151.15016031331595,-33.469057300777543,0],[151.15045339137234,-33.468673615600579,0],[151.15080410623568,-33.468264454750681,0],[151.15088080259798,-33.468107558164093,0],[151.1510914916681,-33.467824018487391,0],[151.15110547574218,-33.46780577730393,0],[151.15131953529121,-33.467526405403568,0],[151.15198366786558,-33.466776541795532,0],[151.15257112204392,-33.465916609273251,0],[151.15265247886597,-33.46579750458902,0],[151.15270455959291,-33.465755266810511,0],[151.15272251511874,-33.465712544156773,0],[151.1528093130365,-33.465642159269429,0],[151.15299939385568,-33.465530234868453,0],[151.153240382202,-33.465433379085844,0],[151.15350049837562,-33.465236503258453,0],[151.15375913592234,-33.465111240617546,0],[151.15403366736138,-33.465043508848773,0],[151.15423845809332,-33.465046421746059,0],[151.15434056689674,-33.465062207744261,0],[151.15459186341099,-33.465295011353234,0],[151.15466870260545,-33.46541591751582,0],[151.15475724864467,-33.465555244275009,0],[151.15480491864349,-33.46572784592847,0],[151.15476755681257,-33.465884912437488,0],[151.15462838262218,-33.466011878064975,0],[151.15454158380615,-33.466082281386711,0],[151.15446292552323,-33.466131511520693,0],[151.15454105559681,-33.466262125538691,0],[151.15475743729087,-33.466458239912008,0],[151.15503218252891,-33.466615028575859,0],[151.15535315596983,-33.466852887821993,0],[151.1555301680983,-33.467096618533638,0],[151.15554883958143,-33.467164279006028,0],[151.15561921629575,-33.467419411320527,0],[151.15555301674752,-33.467828312381371,0],[151.15520525015492,-33.468401782868817,0],[151.15487887155095,-33.468871092102397,0],[151.15457736819553,-33.469175706326411,0],[151.15452611212203,-33.469227499757736,0],[151.15441493213092,-33.469287253588966,0],[151.15440518810499,-33.469404180342245,0],[151.15438518082701,-33.469547164290887,0],[151.15434928863982,-33.469632608794448,0],[151.15434841008747,-33.469675582797805,0],[151.15429544272342,-33.469760794125648,0],[151.15397090117418,-33.470601463270349,0],[151.15377022472626,-33.471228986391097,0],[151.15375765729536,-33.471282707398522,0],[151.15367666788433,-33.471628806987184,0],[151.15356367688955,-33.472142971835737,0],[151.15340331144171,-33.472470211088023,0],[151.15324382364781,-33.472754485641239,0],[151.15319143839201,-33.47281103891055,0],[151.15298015733217,-33.473123218707215,0],[151.15291041752337,-33.473193863529183,0],[151.15280500112311,-33.473363435444675,0],[151.15273385455257,-33.473477887682876,0],[151.15238397242757,-33.473888383931097,0],[151.15212589003966,-33.473984997976437,0],[151.15204054379947,-33.47398377883701,0],[151.15198904607919,-33.47399737669943,0],[151.15188664173007,-33.473995916279939,0],[151.15171684576831,-33.473950513632381,0],[151.15142727383648,-33.473917732474412,0],[151.15120538816467,-33.473914577096259,0],[151.15117185405509,-33.473918108632077,0],[151.15108562027942,-33.473927197858956,0],[151.15093082169136,-33.47398229968438,0],[151.15075808554369,-33.474080123771287,0],[151.15048087443012,-33.474276748720527,0],[151.15030547657432,-33.474503474628271,0],[151.15021660714152,-33.474674130482548,0],[151.15021571960605,-33.474717095241992,0],[151.15018011487979,-33.474788224317706,0],[151.15011830809328,-33.475303115229849,0],[151.15009787052225,-33.475538419481644,0],[151.14994569770974,-33.475734614019316,0],[151.14992924865854,-33.475755823018176,0],[151.14964393474116,-33.476432720419211,0],[151.14926674832307,-33.477509939486545,0],[151.14915444723448,-33.477889411280302,0],[151.14901974575591,-33.478344584921786,0],[151.14900624587381,-33.478694583263099,0],[151.14891931320884,-33.478810415368564,0],[151.14879452553777,-33.479066525664116,0],[151.14874036521095,-33.479209017132206,0],[151.14868650042993,-33.479337192792705,0],[151.1485546403226,-33.479937044451162,0],[151.14853253547841,-33.480022139292508,0],[151.14851755696935,-33.480079777998441,0],[151.14844250093071,-33.480408227304103,0],[151.14840069333741,-33.480780124884895,0],[151.14842364080141,-33.481324865685124,0],[151.14839977885248,-33.481654058771895,0],[151.14834386142098,-33.48188248789797,0],[151.1483426783397,-33.481939776965447,0],[151.14825260875782,-33.482167722073974,0],[151.14823842705437,-33.482251221078037,0],[151.1482331835881,-33.482282057787444,0],[151.14819697788889,-33.482381835524698,0],[151.14814106045736,-33.482610255988384,0],[151.14792648078378,-33.483079986511925,0],[151.14771574679793,-33.483363507736769,0],[151.14757683222069,-33.483476149349265,0],[151.14750589136437,-33.483604074445722,0],[151.14734713030757,-33.48371033302702,0],[151.14694722908914,-33.48422432803153,0],[151.14647758806203,-33.484827953403105,0],[151.1459547281425,-33.485867084403061,0],[151.14563623764505,-33.486500040359388,0],[151.14547728884037,-33.486755648427796,0],[151.1452244148845,-33.487425400907519,0],[151.14499937432942,-33.487908048446108,0],[151.14499215816272,-33.487923511121608,0],[151.14492151285211,-33.488037120758463,0],[151.1446892471472,-33.488535240190465,0],[151.14463478229158,-33.488692056333882,0],[151.14459621042985,-33.488906402386959,0],[151.14459473090457,-33.48897801577472,0],[151.14455586349723,-33.489206696041691,0],[151.14419876520546,-33.489905518721407,0],[151.14411380434251,-33.49001950484255,0],[151.14375996963017,-33.490494210158253,0],[151.14358799525394,-33.490675193328208,0],[151.14366741620651,-33.490884547239837,0],[151.14433939197161,-33.492842280398662,0],[151.14441419648199,-33.493060221100549,0],[151.14515862766297,-33.495229083109209,0],[151.1452355656721,-33.495453227356442,0],[151.1453426942613,-33.495765317317016,0],[151.14594052038794,-33.495759544528546,0],[151.1460597411992,-33.495775572143586,0],[151.14643238304029,-33.495924167733058,0],[151.1465851379611,-33.495969337871053,0],[151.14726212452888,-33.496265543030873,0],[151.14778783480278,-33.496444975439012,0],[151.14783846385222,-33.496474350050654,0],[151.14784533865907,-33.496476384668405,0],[151.14814399166016,-33.496564679990406,0],[151.14910976233725,-33.496936640790473,0],[151.14945003518372,-33.496998796660463,0],[151.14958573109729,-33.497043715283276,0],[151.14972201091581,-33.497059984625608,0],[151.14980767066805,-33.497046879557466,0],[151.15006376238918,-33.497050545740578,0],[151.15040079052088,-33.497080521688197,0],[151.15083085536992,-33.49711878885627,0],[151.15127297650835,-33.497211045600444,0],[151.15169802157155,-33.497303070020394,0],[151.15178280277141,-33.497332929018583,0],[151.15253105358897,-33.497486858624306,0],[151.15271885717897,-33.497489538954603,0],[151.15302984494716,-33.4975375856216,0],[151.15322957097754,-33.497568440110655,0],[151.1533661553249,-33.497570384809087,0],[151.15353629174817,-33.497601463271259,0],[151.1536168688325,-33.497602610163447,0],[151.15390636081429,-33.497659567462918,0],[151.15407915086087,-33.497737930601637,0],[151.15427108759943,-33.497827417971131,0],[151.15441839244141,-33.497889143961167,0],[151.15447318877543,-33.497928818350054,0],[151.15463271160351,-33.498141381882796,0],[151.15463715826422,-33.498424455274908,0],[151.15487511569475,-33.498656469576538,0],[151.15510931816743,-33.498911208011606,0],[151.15521420545997,-33.499025301384414,0],[151.15543147468958,-33.499347556463626,0],[151.15567227349138,-33.499596396731633,0],[151.15565442666158,-33.499768917833556,0],[151.15539945513956,-33.500363489229343,0],[151.15526417963758,-33.500730662778452,0],[151.15441990700097,-33.502851163845435,0],[151.1537742491787,-33.505049150023957,0],[151.15347156274206,-33.506079559227963,0],[151.15277211290223,-33.509154939764713,0],[151.15275993983184,-33.511670232415177,0],[151.15277077710741,-33.511700539596831,0],[151.15274042483063,-33.512387529493296,0],[151.15271805049187,-33.512645002497578,0],[151.15271671559529,-33.512716588759069,0],[151.1527846803331,-33.512846342358323,0],[151.1528715680823,-33.512904733661429,0],[151.15292300292052,-33.51297699229211,0],[151.1529563223327,-33.513077657400942,0],[151.15304107658312,-33.513250581543765,0],[151.15317860236496,-33.513424177921635,0],[151.15317700695701,-33.513510080205307,0],[151.15318337960559,-33.51381314360178,0],[151.15318634674099,-33.513954128633422,0],[151.15329619183564,-33.514671552076713,0],[151.15327513532537,-33.514857446585545,0],[151.15320132614835,-33.515042669624812,0],[151.15289405830373,-33.515482675548313,0],[151.15273256367354,-33.515652453010155,0],[151.15266060053446,-33.515737458827751,0],[151.15255320334896,-33.515836331470489,0],[151.15253013910407,-33.515877771906815,0],[151.15237118940107,-33.516163373422636,0],[151.15229737124091,-33.51634859591281,0],[151.15222063086111,-33.516691306915867,0],[151.15221743016374,-33.516863110152698,0],[151.15220562450429,-33.51691616849665,0],[151.15219594336048,-33.516969718865226,0],[151.15218841368176,-33.517023574770263,0],[151.15218307140074,-33.517077546728132,0],[151.15217628552716,-33.517212714639591,0],[151.15217434965766,-33.517296250247512,0],[151.15217868852051,-33.517378844354738,0],[151.15219392664267,-33.517457233826896,0],[151.1522246553136,-33.517528210962574,0],[151.15226320920894,-33.517584397221782,0],[151.15231126548341,-33.517640323562389,0],[151.15236664482401,-33.517691247701734,0],[151.15242723259672,-33.517732437103902,0],[151.15249086745476,-33.517759150252274,0],[151.15255996227319,-33.517768302282263,0],[151.15263588698267,-33.517763040239622,0],[151.15271513725531,-33.517747971593067,0],[151.15275478529875,-33.517737421292111,0],[151.15286942560033,-33.517706943969152,0],[151.1529313662358,-33.517682785436726,0],[151.15305367994659,-33.517617268199835,0],[151.15311115685341,-33.517594615760935,0],[151.15316427782943,-33.517591182619505,0],[151.15320809405574,-33.517607416643941,0],[151.15324891529883,-33.517635975967387,0],[151.15336300942479,-33.517745461899253,0],[151.15344919738638,-33.517819997752554,0],[151.15349082621501,-33.517858488670576,0],[151.15353015176319,-33.517898297701379,0],[151.15356621373195,-33.5179398547331,0],[151.15361033448713,-33.518005856287608,0],[151.15364547298779,-33.518076779798676,0],[151.15370789781517,-33.518223403351762,0],[151.15374474940307,-33.518294102004305,0],[151.15377834639474,-33.518348235688066,0],[151.15384998614033,-33.518454656086192,0],[151.15392518501108,-33.51855936429542,0],[151.15396049419158,-33.518603314594181,0],[151.15403630301844,-33.518689199003575,0],[151.15406986407746,-33.518733409115157,0],[151.15409592240721,-33.51877998582242,0],[151.15411074820264,-33.518817778310996,0],[151.15412264369365,-33.518856852200855,0],[151.15413149120087,-33.518896678746536,0],[151.15413718292655,-33.518936720965279,0],[151.15413959490309,-33.518976449364565,0],[151.15414589658482,-33.519021582757254,0],[151.15415451053005,-33.519066680926834,0],[151.15416534780562,-33.519111536420517,0],[151.15417838146212,-33.519155881123048,0],[151.15419354861737,-33.519199509080487,0],[151.15419704486041,-33.519206537003598,0],[151.15422836462281,-33.519269446026854,0],[151.15427404485334,-33.519336487572694,0],[151.15432352675413,-33.519402543481966,0],[151.15436975405862,-33.519469513027936,0],[151.15440567229697,-33.519539315698736,0],[151.15444738197394,-33.519649115266851,0],[151.15446368729465,-33.519705283672174,0],[151.15447314385963,-33.519761111281831,0],[151.15447292017916,-33.519815755560515,0],[151.15446134808161,-33.519873322840915,0],[151.15444020173987,-33.519931749842975,0],[151.15441086276269,-33.519988724650915,0],[151.15437468401288,-33.520041943593185,0],[151.15433305518434,-33.520089103752312,0],[151.15426698140024,-33.520136863769089,0],[151.15418514038626,-33.520173248448366,0],[151.15400214098648,-33.520232831576074,0],[151.15391495679324,-33.520266500642165,0],[151.15372518050293,-33.520350009335807,0],[151.15366438701608,-33.520380630268313,0],[151.1536071427729,-33.520414926119315,0],[151.15354750541786,-33.520456689391509,0],[151.15348983177995,-33.520501939591526,0],[151.15343586818423,-33.520550407853477,0],[151.15338737353196,-33.520601807337918,0],[151.15334611211432,-33.520655869179663,0],[151.15329754559676,-33.520755978647145,0],[151.15327143336808,-33.520868709409257,0],[151.15326756073094,-33.52091957098628,0],[151.1532623073831,-33.520988405643173,0],[151.1532646744439,-33.521109401818642,0],[151.15327304674236,-33.521226058648274,0],[151.15328218081214,-33.521328758676702,0],[151.15329574357634,-33.521434480422371,0],[151.15331831464613,-33.52153802347145,0],[151.15335448441274,-33.521634179945757,0],[151.15340883338573,-33.521717741988951,0],[151.15348623672219,-33.521784828069201,0],[151.15358409649428,-33.521839750410372,0],[151.15369387870686,-33.521887385142662,0],[151.15380704846632,-33.521932617369409,0],[151.1539150825574,-33.52198033293196,0],[151.15401460960268,-33.522021997342208,0],[151.15412088658894,-33.522059189293181,0],[151.15422445695131,-33.522097653611112,0],[151.15431586232808,-33.522143199517288,0],[151.15438564705266,-33.522201572563077,0],[151.15442778612433,-33.522269573423387,0],[151.15445432864601,-33.522347703837838,0],[151.15446992609429,-33.522431776689182,0],[151.1544868413711,-33.522600936152891,0],[151.15449136798182,-33.522668390005002,0],[151.15449146679651,-33.522669914008688,0],[151.15449189708951,-33.522739277490693,0],[151.15448927041558,-33.522808828889708,0],[151.15447142358587,-33.523083942497969,0],[151.15446523778684,-33.523151960637961,0],[151.15445420378018,-33.523218805211691,0],[151.15443577304552,-33.5232836689175,0],[151.15440831693718,-33.523347249725603,0],[151.15437373359538,-33.523409343940877,0],[151.15433396068616,-33.523469958306443,0],[151.15424651687977,-33.523586883798671,0],[151.15421002461798,-33.523631130349166,0],[151.1565125396418,-33.524803215723196,0],[151.15766537010384,-33.525390033527565,0],[151.15996550908378,-33.526565452962849,0],[151.16226570196264,-33.527740827965424,0],[151.16438098652165,-33.528821641886744,0],[151.16446684300499,-33.528748801160873,0],[151.16454260691606,-33.528688769351625,0],[151.16466890016352,-33.528600464870266,0],[151.16480776174012,-33.528522146902503,0],[151.16495513844731,-33.528451950099857,0],[151.16510696091692,-33.528388018840197,0],[151.1652591606788,-33.528328506480413,0],[151.16539518896906,-33.528280585491792,0],[151.16553443502463,-33.528238364707214,0],[151.16567570767944,-33.528199954042059,0],[151.16622813115501,-33.528058951042034,0],[151.16649825096763,-33.527995530956389,0],[151.16663382291372,-33.527965564219635,0],[151.16679478843622,-33.527920806924072,0],[151.16681046673284,-33.527916253162971,0],[151.16695512783295,-33.527874292800682,0],[151.16711476744206,-33.527826039819146,0],[151.16727363539843,-33.527776074935204,0],[151.16743161671758,-33.527724415369455,0],[151.16764004742305,-33.527652765893293,0],[151.16784692673801,-33.52757767462645,0],[151.16805243522384,-33.527499778086145,0],[151.16825675973018,-33.527419729266406,0],[151.1689197182065,-33.527153096031952,0],[151.16914737645232,-33.527056840853433,0],[151.16927022735564,-33.527000564893456,0],[151.16937049910425,-33.526954624650017,0],[151.16958674605107,-33.526843847358634,0],[151.16981487052252,-33.526711584352853,0],[151.17003611030566,-33.526569702008082,0],[151.17025122807004,-33.526420362246469,0],[151.17046099367207,-33.526265724756016,0],[151.1706661706796,-33.526107941001506,0],[151.17078561517133,-33.52601379197192,0],[151.17090376069919,-33.525918280648959,0],[151.17101988861089,-33.52582106629275,0],[151.17113330989869,-33.525721790188918,0],[151.17124327177433,-33.525620094370247,0],[151.17130869966974,-33.525556745885346,0],[151.17131692823773,-33.525548418437772,0],[151.17143627481312,-33.525427601461807,0],[151.17155919758162,-33.525295418666026,0],[151.17161035573878,-33.525230958614344,0],[151.17166349378275,-33.525167592620285,0],[151.17174400798507,-33.525079342206652,0],[151.17191376801415,-33.524914512353511,0],[151.17196909345586,-33.524858720271823,0],[151.17213902416492,-33.524676832039354,0],[151.1722216000008,-33.524584288547359,0],[151.17230193543836,-33.524490462124234,0],[151.17237956335359,-33.524395202240711,0],[151.17252197417389,-33.524213860466674,0],[151.17259002874323,-33.524121442291687,0],[151.17265332313985,-33.524027159295862,0],[151.17270989454485,-33.523930491746675,0],[151.17276730048476,-33.523804619025711,0],[151.17280772826581,-33.523686581730139,0],[151.17281202131454,-33.52367405883512,0],[151.17288818856917,-33.5234077121101,0],[151.17293202276173,-33.523276353751548,0],[151.17298237333344,-33.523153439699598,0],[151.17309228939499,-33.522909861498398,0],[151.1731431061923,-33.52278728842181,0],[151.17318534407863,-33.522662922313984,0],[151.17321337510873,-33.522543781832454,0],[151.17323268349747,-33.522422902244955,0],[151.17324886305408,-33.522301350725861,0],[151.17326750848608,-33.522180274587633,0],[151.17329417587359,-33.522060775466386,0],[151.1733214711835,-33.521972032100514,0],[151.1734180760092,-33.521708643549069,0],[151.17344769346408,-33.521620285508057,0],[151.17347845806762,-33.521507447134084,0],[151.17350396034021,-33.521413916935892,0],[151.17354966752021,-33.521205298149198,0],[151.17363123095473,-33.52078580184422,0],[151.17367798646865,-33.520577165066456,0],[151.17376304614629,-33.520245632068708,0],[151.17385362686963,-33.519915076638668,0],[151.17390097527164,-33.519750229454225,0],[151.17396341806531,-33.519289597365308,0],[151.17397347560322,-33.51921540204178,0],[151.1740648360643,-33.519030394640538,0],[151.17421920525766,-33.518287675401112,0],[151.17422236014093,-33.518115871248789,0],[151.17433787001175,-33.517573147390642,0],[151.17436045096301,-33.517301350546958,0],[151.17439618953827,-33.517070877376561,0],[151.17440034963636,-33.517044084627507,0],[151.17440349553655,-33.516872272013757,0],[151.17442240058165,-33.516800918368517,0],[151.17442554738008,-33.516629106020815,0],[151.17448173340787,-33.516443649709828,0],[151.1744657146497,-33.516357524155737,0],[151.17447200734827,-33.516013916830651,0],[151.17451033756311,-33.515842552293066,0],[151.17452004565641,-33.515312825853172,0],[151.17459696480094,-33.514955781729682,0],[151.17464708270893,-33.514839240771963,0],[151.17470722222231,-33.514699403099357,0],[151.17488810608955,-33.514429587233607,0],[151.17496003329603,-33.514344563653651,0],[151.17508499973187,-33.514245906507057,0],[151.17517347480418,-33.514218378144228,0],[151.17542260997178,-33.514063982475719,0],[151.17552921035161,-33.514008047082356,0],[151.17563499416289,-33.513995058423937,0],[151.17574053632728,-33.513996384852028,0],[151.17589832900023,-33.514027014774335,0],[151.17600438140769,-33.513999701296598,0],[151.17612724219245,-33.514015567501232,0],[151.17642364491377,-33.514162496776528,0],[151.17661451535201,-33.514308098630032,0],[151.17668406651458,-33.514378160863686,0],[151.17678726856772,-33.514482116052399,0],[151.17695975408537,-33.51467044959967,0],[151.17700638473346,-33.514705964782799,0],[151.17712596397254,-33.515202390156134,0],[151.17722869081686,-33.51545626802109,0],[151.17721997805694,-33.515833668934327,0],[151.17726934227841,-33.516020451452064,0],[151.17729823389459,-33.516364507372693,0],[151.17732526869304,-33.516523196407235,0],[151.17733001089945,-33.5165510745449,0],[151.1773914682413,-33.517038732667402,0],[151.17738989888448,-33.517124643345305,0],[151.17743638670041,-33.51746891431425,0],[151.17743480836046,-33.51755481632658,0],[151.17746684587681,-33.517727058973534,0],[151.17749548596467,-33.51808543000805,0],[151.1775130731813,-33.518085653939863,0],[151.17751808398398,-33.518098525899134,0],[151.17759710159299,-33.518301515701957,0],[151.17794235829263,-33.518663857434774,0],[151.17804450302867,-33.518851312371702,0],[151.17811172396134,-33.519023994304526,0],[151.17833228282149,-33.519470696327609,0],[151.17869626490329,-33.520110303385401,0],[151.17877551517597,-33.52024956762817,0],[151.17880912115072,-33.520335908739817,0],[151.17891126588674,-33.520523354061979,0],[151.17911869227572,-33.520726442273478,0],[151.17922110560801,-33.520899572805476,0],[151.17927204816948,-33.521000462355772,0],[151.17935502734892,-33.521273585875754,0],[151.17945377465648,-33.521647150981309,0],[151.17952073597607,-33.521834156851192,0],[151.17960581272172,-33.521992748230339,0],[151.17970933816829,-33.522175236734611,0],[151.17981037078997,-33.522353333310953,0],[151.17999917061155,-33.52261346744114,0],[151.18020372867986,-33.522974034956079,0],[151.18033739889242,-33.523362363079031,0],[151.18036656808803,-33.523692094289672,0],[151.18038233531789,-33.523792544730732,0],[151.18043327787936,-33.523893425664291,0],[151.1804317094209,-33.523979327287556,0],[151.18048317120855,-33.524051576668015,0],[151.18054642158771,-33.524285913444032,0],[151.18061502233266,-33.524540122614646,0],[151.18075235048514,-33.524728007403638,0],[151.18092487193542,-33.524916332123901,0],[151.18107980527083,-33.525104440758064,0],[151.18121557304954,-33.525378228299239,0],[151.18121374497798,-33.525478454366926,0],[151.18117673259164,-33.525578232493658,0],[151.1810181413164,-33.525590548424617,0],[151.1808781873884,-33.525545845316238,0],[151.18047331130001,-33.525555087135757,0],[151.18026064054638,-33.525638345093675,0],[151.18024402171361,-33.525640209032176,0],[151.18003142282518,-33.525664106981907,0],[151.17997864320898,-33.525663444231739,0],[151.17997760295989,-33.525720714811982,0],[151.17999441043887,-33.525763884894374,0],[151.17999257248579,-33.525864111264006,0],[151.18008819185957,-33.526409479758939,0],[151.18019217365031,-33.526496708863796,0],[151.18024364531948,-33.526568949401415,0],[151.18057135882,-33.526931076025363,0],[151.1807774943299,-33.527205750420926,0],[151.180881477019,-33.527292960750032,0],[151.18110704668183,-33.527467641745822,0],[151.18117689339005,-33.527497160091414,0],[151.18166581585649,-33.527703771004674,0],[151.1818763980271,-33.527735055812222,0],[151.18229783904937,-33.527783299858335,0],[151.18252628691431,-33.527800474774146,0],[151.18278807934431,-33.527918314748973,0],[151.18297924532834,-33.528049592669618,0],[151.18350258045666,-33.528299597980379,0],[151.18362311909647,-33.528343422765374,0],[151.18362494806635,-33.528344086243862,0],[151.18413069507977,-33.528593858561308,0],[151.18434024598443,-33.528682404926016,0],[151.18444553751888,-33.528698055765879,0],[151.18465456829895,-33.528815224303095,0],[151.18488039757489,-33.528975571644416,0],[151.18512044448678,-33.529322262866501,0],[151.18525440216021,-33.529696266470431,0],[151.18527016939015,-33.529796707690828,0],[151.18530379333117,-33.529883049006337,0],[151.18531026569278,-33.529917838314525,0],[151.18543202334646,-33.530572029411324,0],[151.18550031057941,-33.530687449894188,0],[151.18560404174019,-33.530788984746586,0],[151.18567284999597,-33.530875774366237,0],[151.18597258726356,-33.53181034046213,0],[151.1860237984213,-33.531896896923563,0],[151.18608441314345,-33.532052556210694,0],[151.18612466126137,-33.532155929296017,0],[151.18617537026088,-33.532271125267009,0],[151.1862746736256,-33.53261605929675,0],[151.18627311325199,-33.53270196049224,0],[151.18610825712599,-33.533057911486821,0],[151.18585950643734,-33.533240059897132,0],[151.18599748047848,-33.533342929864148,0],[151.18620182295106,-33.53371782137615,0],[151.18628849600296,-33.533790501416789,0],[151.18649283847557,-33.534165384248794,0],[151.18650913481312,-33.534237194561058,0],[151.18656009534087,-33.534338066305075,0],[151.18660701255155,-33.534590151551122,0],[151.18662421439089,-33.534682560784042,0],[151.18661951799859,-33.534940266191398,0],[151.18658120575006,-33.535111631078721,0],[151.18656365446603,-33.535262108961646,0],[151.1866295755365,-33.535760219421206,0],[151.18674201047415,-33.536038632134691,0],[151.18698265746065,-33.536302800696099,0],[151.18707953088258,-33.536409139847258,0],[151.18719282640618,-33.536455179147389,0],[151.18731817911757,-33.536498072064646,0],[151.18737243825905,-33.53651101541233,0],[151.18742616829283,-33.53651854585501,0],[151.1874534546196,-33.536520544338686,0],[151.18748046336694,-33.536520661147762,0],[151.18750676334346,-33.536518357163416,0],[151.18752908378337,-33.536512942762407,0],[151.18759411731835,-33.536487252245166,0],[151.18761638385928,-33.536482429375702,0],[151.18763649893509,-33.536481828856928,0],[151.18769818894063,-33.536488534150479,0],[151.1877186983769,-33.536489296404909,0],[151.18777295751838,-33.536484625537213,0],[151.18782692111409,-33.536475249357323,0],[151.18787709202272,-33.536464717065229,0],[151.1879237047045,-33.536452991970414,0],[151.187969501716,-33.536439330537,0],[151.18799996179064,-33.536446825044628,0],[151.18810647144065,-33.53647985732831,0],[151.18819245368809,-33.536506516015585,0],[151.18838417572925,-33.536609144733966,0],[151.18856913794789,-33.536764266153497,0],[151.18866152069174,-33.536841732787842,0],[151.18885271362524,-33.536973001652505,0],[151.1891657720102,-33.537177398271226,0],[151.18939137760557,-33.537352052558703,0],[151.18975513600682,-33.537671636307394,0],[151.18994607741209,-33.537817220299026,0],[151.1900500861523,-33.537904439392825,0],[151.19051742389908,-33.538318117897937,0],[151.19098537878844,-33.53873236198109,0],[151.19117606058055,-33.53889226114422,0],[151.19138459908388,-33.5390380602188,0],[151.19181953998827,-33.539315575852875,0],[151.19215150341833,-33.539448583303937,0],[151.19236160139701,-33.539508472118342,0],[151.19246613026175,-33.539567060312876,0],[151.19258851493942,-33.539611548768519,0],[151.19265001719702,-33.539649600954341,0],[151.19291918749047,-33.539816142807524,0],[151.19312747446554,-33.539976266087095,0],[151.19335412839484,-33.540093649204657,0],[151.19368688054578,-33.540183710481756,0],[151.19382660181012,-33.540242729495063,0],[151.19391432319586,-33.540258138644198,0],[151.19401911257208,-33.54030240286987,0],[151.19456352217699,-33.540366450359492,0],[151.19477465950644,-33.54036907694946,0],[151.195111445093,-33.540362300077604,0],[151.19521479985968,-33.540360229054663,0],[151.19553099516159,-33.540392795622395,0],[151.19581095871314,-33.540482193202457,0],[151.19584615111276,-33.540482632713946,0],[151.1960208051635,-33.540556406219181,0],[151.19623117173845,-33.540601979091072,0],[151.19631889312427,-33.540617388176138,0],[151.19642368250049,-33.54066164323298,0],[151.19677403893598,-33.54075191955517,0],[151.19700199362586,-33.540797707212107,0],[151.19721209968938,-33.540857604825327,0],[151.19742195602117,-33.54093180853485,0],[151.1976801003928,-33.54099051331638,0],[151.19808797954923,-33.541083272854628,0],[151.19841996094564,-33.541216271595601,0],[151.1986476721921,-33.541276374820868,0],[151.19898120408067,-33.541323471736831,0],[151.19919235039322,-33.541326089312903,0],[151.19961412379217,-33.5413599553194,0],[151.19987082546947,-33.541764114396109,0],[151.19993990232155,-33.541836569791187,0],[151.19994644565008,-33.541865380173604,0],[151.19995620764226,-33.541908371484681,0],[151.19990160803928,-33.542007943468946,0],[151.19993472982213,-33.542122915170403,0],[151.20010836159011,-33.542253950648075,0],[151.20010732223935,-33.542311212485231,0],[151.1999313773095,-33.542309034441175,0],[151.19982631933703,-33.542279085393979,0],[151.19959989807134,-33.542147404551329,0],[151.19947751249532,-33.542102925636947,0],[151.19935382795543,-33.54213004156,0],[151.19928189176579,-33.542215064778389,0],[151.19910359863979,-33.542341735045241,0],[151.19897837169256,-33.542454752879721,0],[151.19894189739708,-33.542525899674686,0],[151.19885681975316,-33.54303150414168,0],[151.19884330280303,-33.543111812537916,0],[151.19846680629109,-33.543493794699465,0],[151.19837810753828,-33.543686842613532,0],[151.1983752122681,-33.543693144540001,0],[151.19833820886493,-33.54379293159478,0],[151.19831750179929,-33.543964520017028,0],[151.19831388069039,-33.544164963385711,0],[151.19835890694739,-33.544595126890975,0],[151.19835580506466,-33.544766939829294,0],[151.19845698141683,-33.545011638658373,0],[151.19852419336641,-33.545125176343802,0],[151.19855944864801,-33.545184750513769,0],[151.19894036397289,-33.545533154141836,0],[151.19912875146775,-33.545821910800825,0],[151.19929876212689,-33.546153389908298,0],[151.19933240403424,-33.546239721625504,0],[151.19937680236887,-33.546314732295365,0],[151.19945195632383,-33.546441689291107,0],[151.19955598392872,-33.546528899681761,0],[151.19969339203118,-33.546716766634098,0],[151.19972677432546,-33.546817423166523,0],[151.19969003053538,-33.546902894728518,0],[151.19950794562052,-33.546984610050671,0],[151.19944161222332,-33.547014380028777,0],[151.19936993654511,-33.547085096319691,0],[151.19931533694213,-33.547184659344722,0],[151.19931326632542,-33.54729919216927,0],[151.19936373277974,-33.547428703717962,0],[151.19953633418012,-33.547617010435239,0],[151.19951795824272,-33.54765974133926,0],[151.19941082965352,-33.547744334616368,0],[151.19935623005051,-33.547843906614609,0],[151.1992845543723,-33.547914613991217,0],[151.19917586630777,-33.548085118381962,0],[151.19911232936607,-33.548153128083712,0],[151.19892459674304,-33.548354091049056,0],[151.19872766716816,-33.548537807887243,0],[151.19867332717826,-33.548623055392135,0],[151.19858353517574,-33.548722188405563,0],[151.19849904053839,-33.54883069689447,0],[151.19824116476309,-33.549161871731251,0],[151.19811540062332,-33.54930352009918,0],[151.19807891734465,-33.549374667244919,0],[151.19809651354444,-33.549374882860398,0],[151.19813118581942,-33.549403952762255,0],[151.19816327723467,-33.549576195604494,0],[151.19828308913733,-33.549763847803568,0],[151.19840446141373,-33.54986559757419,0],[151.19849166357329,-33.549909637521573,0],[151.19849540146322,-33.549923531905073,0],[151.19850945650413,-33.549951105051363,0],[151.19851910171536,-33.549963618899639,0],[151.19853002882246,-33.549974527619874,0],[151.19855852607819,-33.54998270298271,0],[151.19860263785026,-33.549978633269212,0],[151.19879116817722,-33.549935032820443,0],[151.19885150442161,-33.549919247323352,0],[151.19888179381635,-33.54991247045173,0],[151.1989124236726,-33.549907889399996,0],[151.19894229175748,-33.549906159994883,0],[151.19897243742179,-33.549906320956829,0],[151.1990633415387,-33.549910094952963,0],[151.19924877896611,-33.549913984991257,0],[151.19937236558965,-33.549914595149275,0],[151.19952340832154,-33.54991077623373,0],[151.19966228786441,-33.549909242977655,0],[151.19970823669124,-33.549907002237646,0],[151.19975363035917,-33.549902099261722,0],[151.19978422428275,-33.549896586127367,0],[151.19990530101344,-33.549868205907622,0],[151.20017313551202,-33.549830091590245,0],[151.20024550199466,-33.549816914408972,0],[151.20028037189908,-33.54980748427446,0],[151.20030615175111,-33.54979866354914,0],[151.20032211661032,-33.549793195327858,0],[151.20038186176322,-33.549766850684634,0],[151.20052804640608,-33.549754488786107,0],[151.20059658516729,-33.549754488786107,0],[151.20063532770882,-33.549721707885588,0],[151.20063532770882,-33.549700848667285,0],[151.20056592836161,-33.54962045056557,0],[151.20055784262573,-33.549519059116086,0],[151.20063831281053,-33.549390910275619,0],[151.20072771943586,-33.549325338453642,0],[151.20081414095941,-33.549292557390274,0],[151.20087076626336,-33.549307464068683,0],[151.20091745979349,-33.549315926233461,0],[151.20096132902043,-33.549209775155326,0],[151.20094749765997,-33.549174833396457,0],[151.20078732085827,-33.548976657386042,0],[151.20082308728129,-33.548756125632082,0],[151.20108534593697,-33.548410421238103,0],[151.20117176746055,-33.548347834382923,0],[151.20125819886559,-33.548350810360922,0],[151.20130290172909,-33.548389552719151,0],[151.20134164427066,-33.548499827744031,0],[151.20133269794877,-33.548681617193658,0],[151.20131484213584,-33.548870246102908,0],[151.20134213744572,-33.548872397778176,0],[151.2013679711967,-33.548871940341307,0],[151.20147174727327,-33.54886225031543,0],[151.20152752995745,-33.548863783590107,0],[151.2015834204395,-33.548869448770191,0],[151.20169541699926,-33.54888483092644,0],[151.20175153116173,-33.548890379312788,0],[151.20180864065762,-33.548891069585643,0],[151.20193349121072,-33.548887080677005,0],[151.20198034553934,-33.548889644119832,0],[151.20200292559232,-33.548900051367461,0],[151.20200550735046,-33.54891629448737,0],[151.20200374126264,-33.548927069328158,0],[151.20199664187697,-33.548970239801328,0],[151.2020011783691,-33.548984241395424,0],[151.20201613891183,-33.548994917403562,0],[151.20203920315677,-33.549001819374716,0],[151.20206694672601,-33.549005961006337,0],[151.20212285517437,-33.5490100756857,0],[151.20215979569548,-33.549009187765471,0],[151.20219714854329,-33.549003307726807,0],[151.20227253516191,-33.548987360347162,0],[151.20231032818427,-33.548982717106938,0],[151.20238627984318,-33.548977536322639,0],[151.20242437649611,-33.548976299522629,0],[151.2024539131026,-33.548978226594777,0],[151.20246843436922,-33.548985020759027,0],[151.20247499566401,-33.549015193579955,0],[151.20248547451183,-33.549024704657036,0],[151.20250285601426,-33.549032978185252,0],[151.20252356307989,-33.549039037902176,0],[151.20254404556664,-33.549041870860854,0],[151.20256073626464,-33.549040499301583,0],[151.20256629414129,-33.549029895171216,0],[151.20256373933262,-33.548949944897622,0],[151.20257030152581,-33.548926334135487,0],[151.20260212344638,-33.548911911031411,0],[151.20266216414507,-33.548910297650039,0],[151.20281700764889,-33.548917719204113,0],[151.20288687322179,-33.548912888044249,0],[151.20297449579294,-33.548898420017807,0],[151.20300125301196,-33.548890478137096,0],[151.2030241654416,-33.548878789166771,0],[151.20304061449278,-33.548861631914612,0],[151.20307434533339,-33.548794151331464,0],[151.20309094709816,-33.548777486687378,0],[151.20311395744415,-33.548765959414474,0],[151.20314093025891,-33.548757649924561,0],[151.20317011652247,-33.548752289445893,0],[151.20319976990999,-33.54874962717453,0],[151.20322812253698,-33.548749393589432,0],[151.20324393558096,-33.548750989754389,0],[151.20329110342155,-33.548760840756813,0],[151.20330692544863,-33.548762570933526,0],[151.20333837995832,-33.548761020437645,0],[151.20337012103059,-33.548754933749109,0],[151.20346577543864,-33.54872877670558,0],[151.20369686704549,-33.548677995872723,0],[151.20380907830258,-33.548647419400297,0],[151.20384667279725,-33.548638617273333,0],[151.20388471644952,-33.548632593464568,0],[151.20393647468123,-33.54862864946422,0],[151.20401452390638,-33.54862916904213,0],[151.20413041017127,-33.548576048551517,0],[151.20430896380876,-33.548536051502502,0],[151.20455454074954,-33.548481039059091,0],[151.20492613335841,-33.548371060484932,0],[151.20520846307235,-33.548331591904805,0],[151.20541961836818,-33.548334200284515,0],[151.20575318618933,-33.548381279129359,0],[151.20585799263355,-33.548425525718393,0],[151.2060691578107,-33.548428134095282,0],[151.20629714753494,-33.54847391319322,0],[151.20652615954182,-33.548462412083374,0],[151.20692775408457,-33.54836327053652,0],[151.20696814593299,-33.548353302695681,0],[151.20705689858477,-33.548311440596528,0],[151.2072866903294,-33.548256984275262,0],[151.20749964764559,-33.548159366795737,0],[151.20762334116867,-33.548132250518492,0],[151.20794239580812,-33.548007301711415,0],[151.20815458236979,-33.5479526393123,0],[151.20857819372176,-33.547886252586075,0],[151.20868377990368,-33.547887552290639,0],[151.208806183446,-33.547932022238328,0],[151.20894541153518,-33.548019663111255,0],[151.20904267123271,-33.548045972350707,0],[151.20927820860189,-33.548109688427708,0],[151.20945070220441,-33.548125859823358,0],[151.20945392086807,-33.548126164534338,0],[151.20945418048126,-33.548111849106,0],[151.20970207956705,-33.548028976647316,0],[151.21014276609594,-33.547991444737846,0],[151.21037306898194,-33.547908348309129,0],[151.21049675442018,-33.547881232701762,0],[151.21070920059501,-33.547812245760774,0],[151.21136208266876,-33.547720033242591,0],[151.21146818089034,-33.547692692972312,0],[151.21159160581712,-33.547679892799543,0],[151.21169770314037,-33.547652561500726,0],[151.21204921660603,-33.547623921500623,0],[151.2126142703944,-33.547577900128566,0],[151.2132265459224,-33.547507739013597,0],[151.21328057150191,-33.547498676978165,0],[151.21333440035039,-33.547487462483396,0],[151.21338763720902,-33.547474159915097,0],[151.21344000539685,-33.547458867349498,0],[151.21349113570616,-33.547441656658982,0],[151.21353757770802,-33.547423119300987,0],[151.21358278362811,-33.547402161450435,0],[151.2136715982636,-33.547357153676138,0],[151.21389537488909,-33.547248214341252,0],[151.21394140546255,-33.547228663973108,0],[151.2140302380644,-33.547197540448693,0],[151.21412215458261,-33.547171859096707,0],[151.21430986025612,-33.547127271963035,0],[151.21440297872016,-33.547103616530443,0],[151.21462119746903,-33.547043539818304,0],[151.21479378090305,-33.54699603049918,0],[151.21498624674931,-33.546939145360469,0],[151.21527068301268,-33.546849487178342,0],[151.21536613080826,-33.546821188313316,0],[151.21546062099969,-33.546795111542636,0],[151.21584081857071,-33.546696328950382,0],[151.21608685275393,-33.5466290720315,0],[151.2162497200099,-33.546581491359049,0],[151.21649716095493,-33.546502948602736,0],[151.21657859952364,-33.546474667592783,0],[151.21665906881017,-33.54644471924049,0],[151.21691042730808,-33.546338585598384,0],[151.21713510135055,-33.546254019395377,0],[151.21714097273923,-33.546251535984389,0],[151.2172523584446,-33.54620441255507,0],[151.21742623275773,-33.546126524562368,0],[151.21755198881266,-33.546066331123441,0],[151.21759445127788,-33.546047435594865,0],[151.217638024959,-33.546030789138364,0],[151.21768149174062,-33.54601676086137,0],[151.21777081751756,-33.545993113360424,0],[151.21786183751712,-33.545975696487062,0],[151.21796861666164,-33.545937169419311,0],[151.21808452089286,-33.545906682569111,0],[151.21815353486286,-33.545914105129825,0],[151.21826930434682,-33.545890045818545,0],[151.21841581148485,-33.545866425984627,0],[151.21852402523891,-33.545835831297317,0],[151.21867794527466,-33.545825182600609,0],[151.21876272647452,-33.545813538137367,0],[151.21887915083028,-33.54575733428242,0],[151.21897955642794,-33.54573305031856,0],[151.21905836742442,-33.545637700786394,0],[151.21912194029872,-33.545535717684153,0],[151.21922287500405,-33.545485716616078,0],[151.21931466575816,-33.54550633352499,0],[151.21934328787975,-33.545609652338165,0],[151.21940369598929,-33.545661975043991,0],[151.2194266344701,-33.545674784500036,0],[151.21951007179032,-33.545721388622844,0],[151.2196034579523,-33.54576275708866,0],[151.21965245566111,-33.545793199067894,0],[151.2197047690517,-33.545819911783511,0],[151.21976458606989,-33.545843926192639,0],[151.21983315986537,-33.545863825766062,0],[151.21990335691663,-33.545879253379084,0],[151.21993335076564,-33.545883896786101,0],[151.22002458636086,-33.545893452380845,0],[151.22005393432116,-33.545899466647541,0],[151.2200918872436,-33.545911962365253,0],[151.22012853221898,-33.545928035344517,0],[151.22023556199349,-33.545983315948462,0],[151.22036319103586,-33.546039493452128,0],[151.22040296484334,-33.546060692712516,0],[151.22043838990663,-33.546085523130472,0],[151.22045900714068,-33.546106113692026,0],[151.2205119754031,-33.546175387247025,0],[151.22053321157642,-33.546195197649737,0],[151.220571469926,-33.546218342722916,0],[151.22061542898444,-33.546236324061169,0],[151.22075796467058,-33.546279665082984,0],[151.220961537287,-33.546345774530408,0],[151.22114082574637,-33.546414501349226,0],[151.2211863002627,-33.546430250800761,0],[151.22126329127241,-33.546453440732407,0],[151.22152311279871,-33.546526819822347,0],[151.22166872341802,-33.54657257222609,0],[151.22176455748917,-33.546605801288578,0],[151.22179681868602,-33.546614703198266,0],[151.2218295730579,-33.546620009155234,0],[151.22185513821256,-33.546620995178252,0],[151.22188101687922,-33.546619884124219,0],[151.2220046214691,-33.546608974980437,0],[151.22209581214852,-33.546599158921083,0],[151.2221410980186,-33.54659666728444,0],[151.22218590957829,-33.546598047866773,0],[151.22223582985691,-33.546606123973483,0],[151.22228499734737,-33.54661962432926,0],[151.22238291910318,-33.546651751304282,0],[151.22243260671823,-33.546664775487159,0],[151.22253527157878,-33.546682461749377,0],[151.22269063520719,-33.546704584733014,0],[151.22285853033375,-33.546733171132296,0],[151.22297005078636,-33.546753733838095,0],[151.22319305665735,-33.546802148453182,0],[151.22324928849918,-33.546811901599781,0],[151.22339628881227,-33.54682636922692,0],[151.22343221603373,-33.546832581081986,0],[151.22347154966675,-33.546843149545083,0],[151.22358620793472,-33.546885728848451,0],[151.22362500437521,-33.546898529138907,0],[151.22368470461237,-33.54691480782332,0],[151.22384779554881,-33.546955244352645,0],[151.22392088787024,-33.546971092532161,0],[151.22395777449239,-33.546975512023472,0],[151.22398990992511,-33.546976569916268,0],[151.22402226993654,-33.546975574913091,0],[151.22423204542,-33.546961805834741,0],[151.22434643419334,-33.546964719719604,0],[151.22438949763145,-33.54696906658873,0],[151.22442954812004,-33.546977546950984,0],[151.22445538276932,-33.546988133364778,0],[151.22446436412554,-33.546991808661865,0],[151.22448063441198,-33.547002825568008,0],[151.22453855059499,-33.547056053339034,0],[151.22457083874119,-33.547080910423603,0],[151.22460512563902,-33.547103204005275,0],[151.22462369920581,-33.547111432796399,0],[151.22465656137555,-33.547118648616724,0],[151.22469306262047,-33.547119706507765,0],[151.22473148176852,-33.547116524599133,0],[151.2247700994443,-33.54711100230282,0],[151.22480718279752,-33.547105041277064,0],[151.22485142033366,-33.547095136180573,0],[151.22489464457021,-33.54708095534469,0],[151.22498048398552,-33.547049025433381,0],[151.22502430829667,-33.547035947403074,0],[151.22512767204648,-33.547011923592329,0],[151.22516254195088,-33.547006070370429,0],[151.22519756456884,-33.547002332184334,0],[151.22524441889746,-33.54700201848518,0],[151.22529168645107,-33.547006231337761,0],[151.22538682971776,-33.547019328089675,0],[151.22543440180024,-33.547023773782527,0],[151.22549035516434,-33.547026042298675,0],[151.22571474983076,-33.547027789729867,0],[151.2258291574687,-33.54703782061317,0],[151.22586532723531,-33.547037408087697,0],[151.2258980456746,-33.547030416117373,0],[151.22592240978173,-33.547017570925377,0],[151.22594409331606,-33.546999858527776,0],[151.22598528286844,-33.546959529081391,0],[151.22600772008929,-33.546941726829559,0],[151.22604129911466,-33.546922722932898,0],[151.22614989734763,-33.546873985701502,0],[151.22618207859438,-33.546853969565582,0],[151.22621815852946,-33.54681965500243,0],[151.22624783796809,-33.546779487937044,0],[151.22630342392128,-33.546695101101982,0],[151.22633708379493,-33.546657622518737,0],[151.22637857787626,-33.546624204806633,0],[151.22642409641,-33.54659390611971,0],[151.22651993946431,-33.546536958575054,0],[151.22656665096079,-33.546507457960772,0],[151.22670871233643,-33.546415316673148,0],[151.22675405210546,-33.546382956767381,0],[151.22679640677273,-33.54634826617427,0],[151.22683877940645,-33.546307282816144,0],[151.22687808608998,-33.546263717949365,0],[151.22691499966163,-33.546218342722916,0],[151.22693574265986,-33.546190114777005,0],[151.22700532975503,-33.546095410374051,0],[151.2272197306639,-33.545766019906331,0],[151.22725670711759,-33.545666143788814,0],[151.22751092585148,-33.545225303901312,0],[151.22763893128786,-33.544954770930929,0],[151.22785668381104,-33.544585087488372,0],[151.22793012557713,-33.54441413520253,0],[151.22807545861701,-33.544158132904364,0],[151.22807934922051,-33.54415088988322,0],[151.22845766482101,-33.543446742391779,0],[151.22856805698959,-33.54317600394576,0],[151.22862262065993,-33.543076431809816,0],[151.22862389357269,-33.543004836236008,0],[151.22871365862579,-33.542905686181449,0],[151.22876947724262,-33.54273451868508,0],[151.22878884851337,-33.542634516273317,0],[151.22891836850934,-33.542278073115988,0],[151.22891988396725,-33.542192170954017,0],[151.22895538987885,-33.542081277666298,0],[151.22896593160871,-33.542041360719992,0],[151.22897511957746,-33.542006553828529,0],[151.22899212468576,-33.541926352970997,0],[151.2290121319638,-33.541805195746306,0],[151.22902249492893,-33.541759434828649,0],[151.22903622747469,-33.541711701728779,0],[151.22904741419487,-33.541664864834281,0],[151.22905015764979,-33.541621784302947,0],[151.22903854872138,-33.541585309815673,0],[151.22902056714435,-33.54155911690895,0],[151.22900992659979,-33.54154676431849,0],[151.2289980679397,-33.541536491705884,0],[151.22898486360339,-33.541529482069663,0],[151.2289665056322,-33.541527877535245,0],[151.22894504577835,-33.541532754031934,0],[151.22889786805626,-33.541549623728471,0],[151.22887467804725,-33.541555432396017,0],[151.22881783804593,-33.541562057181608,0],[151.228760352156,-33.54156393051035,0],[151.22873198066432,-33.541562567817166,0],[151.22871000158426,-33.541559529460585,0],[151.22864465363895,-33.541545034746058,0],[151.22862272755947,-33.541542650032468,0],[151.2285835735895,-33.541545572336112,0],[151.22854416719295,-33.54155510070747,0],[151.22846462137451,-33.541578935857203,0],[151.22842447117293,-33.541585703648877,0],[151.22838320167048,-33.541586116200378,0],[151.22825784895909,-33.541573799552957,0],[151.22821638182722,-33.541573548727598,0],[151.22818326004435,-33.541576883581726,0],[151.22808450375365,-33.541594372471188,0],[151.22801644918434,-33.54160149890437,0],[151.22791096990201,-33.541604994734868,0],[151.22784509374728,-33.541605128757922,0],[151.22775295265026,-33.541602583068567,0],[151.22769146027409,-33.541605119773138,0],[151.22762987716811,-33.541611493729697,0],[151.22750199749586,-33.541627673079972,0],[151.22743596862753,-33.541637802673975,0],[151.22740348285191,-33.541644507567582,0],[151.22734558463526,-33.541660490743986,0],[151.22714707761872,-33.541724520006412,0],[151.22707237192301,-33.541749888510282,0],[151.22698647860881,-33.541781019986551,0],[151.2269589057195,-33.541791014791066,0],[151.22688451353588,-33.541820614350392,0],[151.22676653868791,-33.541873564539706,0],[151.22665200618411,-33.541931892819385,0],[151.22659635734894,-33.541962926146581,0],[151.22614053061417,-33.542115403185448,0],[151.22603367062121,-33.542185698957056,0],[151.2256792169697,-33.542324586977301,0],[151.22555477874326,-33.542394675930566,0],[151.22511233510963,-33.542532488447186,0],[151.22500676599577,-33.542531206631487,0],[151.22488257929766,-33.542586971586374,0],[151.2247945974004,-33.542585904655162,0],[151.22454223458593,-33.542673536724415,0],[151.22447583830669,-33.542696583160705,0],[151.22399972581618,-33.542748054086907,0],[151.22389415670227,-33.54274677227442,0],[151.22364730684873,-33.542772400284782,0],[151.22352311116742,-33.542828165084053,0],[151.22343513825334,-33.542827098904574,0],[151.22331094257211,-33.542882863668524,0],[151.22290573500533,-33.542906555446386,0],[151.22258978135019,-33.542859745404648,0],[151.22215012518888,-33.542840051786591,0],[151.22189861397734,-33.542836985772205,0],[151.22118235576025,-33.542828236961313,0],[151.22044230745956,-33.542876472585156,0],[151.22033622810258,-33.542903821117726,0],[151.21994860775243,-33.542927719536756,0],[151.21977290446938,-33.542911252172296,0],[151.21947377625958,-33.542907595419678,0],[151.21923600657689,-33.542997217260734,0],[151.21899536857356,-33.54308791491853,0],[151.21864243037987,-33.543140874064747,0],[151.21788043803335,-33.543432274947534,0],[151.21752698779997,-33.543513873757092,0],[151.21731532136289,-33.54353992306676,0],[151.21721831319368,-33.543559904031987,0],[151.217123053146,-33.543585836528251,0],[151.21707655724515,-33.543600905164801,0],[151.21703002541179,-33.543618214701873,0],[151.2169394078575,-33.543657987915481,0],[151.21679634306363,-33.543726373960993,0],[151.2167227575672,-33.543764273843799,0],[151.21663705289919,-33.543808421720705,0],[151.21658221164938,-33.543832794573511,0],[151.21651054495436,-33.543859453239136,0],[151.21643691454204,-33.543882786864728,0],[151.21621268965725,-33.543946968715389,0],[151.21591603540773,-33.544038311514072,0],[151.215721203399,-33.544107522337562,0],[151.21503290434688,-33.544213646740495,0],[151.21436015782717,-33.544434519519029,0],[151.21417414637628,-33.544457404513622,0],[151.21414849139003,-33.544460559566694,0],[151.21391871761173,-33.544515025018846,0],[151.21358387687783,-33.54453955040853,0],[151.21337247005377,-33.544551275155108,0],[151.21316131475803,-33.544548684630136,0],[151.21294990883231,-33.544560409375443,0],[151.21236692736579,-33.544682131753802,0],[151.21180128158758,-33.544818384066495,0],[151.2116773464177,-33.544859824840145,0],[151.21154238442776,-33.544876425851278,0],[151.21146567099746,-33.544885864759664,0],[151.21114894658783,-33.544881965510591,0],[151.21092045470542,-33.544864835166834,0],[151.21049711284795,-33.544916907507996,0],[151.21026733906965,-33.544971362939364,0],[151.21014339401833,-33.545012803639679,0],[151.21003755630815,-33.545025810849438,0],[151.20970219544967,-33.545078976198567,0],[151.20926152688705,-33.545116507875626,0],[151.20917329435986,-33.54512973893155,0],[151.20888406199123,-33.545150920446297,0],[151.20883845362593,-33.545154255162387,0],[151.20860944161893,-33.545165755963843,0],[151.20860918200586,-33.545180071880232,0],[151.20855652725544,-33.545172254690875,0],[151.20832816113719,-33.545147971311295,0],[151.20799409115773,-33.545129533038597,0],[151.20778267624888,-33.545141248720697,0],[151.20734251792936,-33.545150150032519,0],[151.20679703304108,-33.545143408724535,0],[151.20625180776591,-33.545122370209945,0],[151.20621147879953,-33.545127336348024,0],[151.20604014132874,-33.545148401814636,0],[151.20570400971576,-33.545244496095108,0],[151.20538521468941,-33.545355120284256,0],[151.20513835585268,-33.545380721316647,0],[151.20492642980244,-33.545421058986911,0],[151.20448652211283,-33.545415627174833,0],[151.20406370037998,-33.545439059208526,0],[151.20385254418596,-33.545436432772625,0],[151.20372963040057,-33.545420602280451,0],[151.20358055947071,-33.545381258882855,0],[151.20350190927263,-33.545360507926844,0],[151.20329230446907,-33.545271988377444,0],[151.20296132738915,-33.545081736662965,0],[151.20275199208021,-33.544978902378105,0],[151.20254314006485,-33.544847436034971,0],[151.2024564589282,-33.544774765291045,0],[151.20228359701633,-33.544600774382012,0],[151.20223261043745,-33.544499902634755,0],[151.20218472484291,-33.544227227581942,0],[151.20218782582728,-33.544055415068065,0],[151.20226156403737,-33.54387017405444,0],[151.20233375984012,-33.543770817599032,0],[151.20236158335942,-33.543744256987566,0],[151.20276353722824,-33.543360840642691,0],[151.20303237604332,-33.543092074054165,0],[151.20301658186395,-33.54299163255741,0],[151.20284708144797,-33.542631531862455,0],[151.20284965422292,-33.542488358636561,0],[151.20290399421282,-33.542403111069483,0],[151.20302871001866,-33.542318724453189,0],[151.20357752047011,-33.542139345997413,0],[151.20362470717538,-33.542146419226,0],[151.20363258629874,-33.542147602215373,0],[151.2037162742489,-33.542153482720558,0],[151.20375179812683,-33.54215273848552,0],[151.20385864913663,-33.542141892419664,0],[151.2038943257281,-33.542139534676721,0],[151.20393374919266,-33.542139014311104,0],[151.20409177542757,-33.54214240305182,0],[151.20415506084103,-33.542140672742569,0],[151.20434489103019,-33.542130579146438,0],[151.20440803361149,-33.542130463093649,0],[151.20445938849971,-33.542132650126938,0],[151.20456198059668,-33.542140663757834,0],[151.20479072400738,-33.542164176793328,0],[151.2049796127622,-33.542188343461206,0],[151.20516901265836,-33.542216131714156,0],[151.20521585800384,-33.542224826678691,0],[151.20527134514225,-33.542237206126394,0],[151.20543578983987,-33.542281255202781,0],[151.2055927309099,-33.542321243167287,0],[151.20564384325297,-33.542333766356521,0],[151.20569511729275,-33.542343384488099,0],[151.20574659794508,-33.542348233984626,0],[151.20578209487351,-33.542347426858321,0],[151.20588909769859,-33.54233524509003,0],[151.20592464044105,-33.542334285972238,0],[151.20596806140864,-33.542338615853637,0],[151.20609769010079,-33.542365767641563,0],[151.20614115598417,-33.542370482366287,0],[151.20618055249926,-33.542370644091008,0],[151.20622011969422,-33.542368447330311,0],[151.20650549739199,-33.542341080658936,0],[151.20667184202645,-33.542320033226147,0],[151.20678311184912,-33.542302697223661,0],[151.20689352108573,-33.54228220533642,0],[151.20694534130121,-33.542270381450173,0],[151.2070995128652,-33.542230438385737,0],[151.20715156664266,-33.542219825183658,0],[151.20720640879074,-33.542211676789279,0],[151.20726176118197,-33.542205581403401,0],[151.20759524815477,-33.542174807971669,0],[151.20770579213865,-33.542161729203755,0],[151.20782444790962,-33.54214287774505,0],[151.20794225297595,-33.542120252694801,0],[151.20800067131719,-33.542107542292676,0],[151.20815417004309,-33.542095584360219,0],[151.20880726771247,-33.541989056037714,0],[151.20883185639849,-33.54199101920468,0],[151.20901815441195,-33.542005980302356,0],[151.20917342820883,-33.541991296983056,0],[151.20924250506093,-33.541998136620379,0],[151.20931201130773,-33.542003093953284,0],[151.20938176009963,-33.542006150263774,0],[151.20945152685786,-33.542007307049573,0],[151.20952106993559,-33.542006553828529,0],[151.2095865337636,-33.542003129892258,0],[151.20978257580302,-33.541982646918768,0],[151.20997095341642,-33.541967211122845,0],[151.21003247364033,-33.54196310584156,0],[151.21009367945388,-33.541961671276695,0],[151.21015428519286,-33.541964494733911,0],[151.21019528609904,-33.541969380190736,0],[151.21023608129104,-33.541976138967115,0],[151.21035750746628,-33.542001578526353,0],[151.21040228219502,-33.542012568365749,0],[151.21049100789728,-33.542038008662985,0],[151.21053559487814,-33.542048854741914,0],[151.21058076486551,-33.542056017076561,0],[151.21063309622244,-33.542058213096475,0],[151.210686073468,-33.542055586557829,0],[151.21079291459631,-33.542045484715736,0],[151.2108462233202,-33.542042786298801,0],[151.21092806523251,-33.542041298575541,0],[151.2110097445497,-33.542042499535818,0],[151.21105014538131,-33.542045735539723,0],[151.2110869601382,-33.542051571128148,0],[151.21119615934418,-33.542076929802555,0],[151.21123296601633,-33.54208251456501,0],[151.21128951047189,-33.542085992406541,0],[151.2113468616146,-33.542085562636686,0],[151.21140452716762,-33.542082102015847,0],[151.2114620130576,-33.542076491047915,0],[151.21149903442711,-33.542071452856632,0],[151.21158305385558,-33.542060015285287,0],[151.21164709295559,-33.542047958514125,0],[151.21171054815062,-33.542033481850979,0],[151.21177306370788,-33.542016692362871,0],[151.2118342156225,-33.541997661926359,0],[151.21239778988567,-33.54197595103615,0],[151.2129968080767,-33.541940345972989,0],[151.21392630118936,-33.542123605497309,0],[151.21415373485635,-33.542110984194295,0],[151.21498332452967,-33.542064971865877,0],[151.21572208195136,-33.542088350150941,0],[151.21614386433347,-33.54212216269908,0],[151.2162489312891,-33.542152084097772,0],[151.21649526101805,-33.542155114197534,0],[151.21672452365502,-33.542129280104042,0],[151.21683219033508,-33.542103758971024,0],[151.21695428845018,-33.54207481464578,0],[151.21706088793167,-33.542018834475329,0],[151.2172549491859,-33.541992569822007,0],[151.21750103726811,-33.542009906635435,0],[151.21771192396756,-33.542026812177816,0],[151.2182571312764,-33.542047796788822,0],[151.21846828657215,-33.542050387388748,0],[151.2188036204812,-33.541997213437874,0],[151.21901578907659,-33.541942524026325,0],[151.21937026069446,-33.541803654110389,0],[151.21943552689308,-33.541772262083974,0],[151.21968978155951,-33.541650038449255,0],[151.22025616126135,-33.541470794875103,0],[151.22043364859854,-33.541387044521137,0],[151.22069936756463,-33.541290045223377,0],[151.22089316920571,-33.541278096162635,0],[151.22112369577226,-33.541180666219503,0],[151.22156919637274,-33.540871059657391,0],[151.22169363459918,-33.540800970217248,0],[151.2217997139561,-33.540773630004118,0],[151.22180715380333,-33.540767750153826,0],[151.22192467230707,-33.540674910161691,0],[151.22207870014068,-33.540632061995247,0],[151.22223059447543,-33.540583817631386,0],[151.22230548881728,-33.540557759943304,0],[151.22242606338963,-33.540515494239727,0],[151.22248570074476,-33.540493120340727,0],[151.2225435360794,-33.54046843357191,0],[151.22259851207644,-33.540440340767667,0],[151.22263864431176,-33.540415770038841,0],[151.2227145420718,-33.54036115300346,0],[151.22289303282722,-33.540224684763977,0],[151.22292616359317,-33.540196869664676,0],[151.22295698209567,-33.540167521876199,0],[151.22298581891454,-33.54013527793262,0],[151.22303713787014,-33.540066417335929,0],[151.22311187949836,-33.539954815252848,0],[151.22318762454483,-33.53983011743248,0],[151.22325433523449,-33.539725750200645,0],[151.22329693154856,-33.539663638501125,0],[151.22332078451439,-33.539634164741742,0],[151.2233612841606,-33.539591891099043,0],[151.22346691525823,-33.5394954565907,0],[151.22355025376382,-33.539425564454099,0],[151.22363701574886,-33.539358791560218,0],[151.22375182673036,-33.539315396901124,0],[151.22402738853708,-33.539211235703611,0],[151.22423929662096,-33.539170852456003,0],[151.22445170776149,-33.539101839093917,0],[151.22466488875824,-33.538989878609371,0],[151.22508996077087,-33.53883752708893,0],[151.22540922202282,-33.538698217904802,0],[151.22622316034898,-33.538450354912861,0],[151.22623020583575,-33.538448885098006,0],[151.2266117751341,-33.53836916838214,0],[151.22687747703222,-33.538272159707468,0],[151.2269801948934,-33.538225054390011,0],[151.22713506624498,-33.538144073557234,0],[151.22720199073368,-33.538103430739241,0],[151.22722413151047,-33.538093758973744,0],[151.22724580695996,-33.538090594703071,0],[151.22726160113933,-33.53809273691283,0],[151.22729323531206,-33.538103619427403,0],[151.22732198229943,-33.538119216148452,0],[151.22733113523387,-33.538126118988231,0],[151.22735573200467,-33.538149989526651,0],[151.22736508167009,-33.5381565426921,0],[151.22738569890421,-33.538166304302038,0],[151.22740812624363,-33.538173368121882,0],[151.22741951059317,-33.538175680298522,0],[151.22744776530379,-33.538176630477295,0],[151.22748085115404,-33.538172435913339,0],[151.22751304138396,-33.538164287137363,0],[151.22753859755545,-33.538153369438604,0],[151.22755180099352,-33.538140855377563,0],[151.22754858322818,-33.538125553672728,0],[151.22749540925153,-33.538067521580651,0],[151.22748791460717,-33.538048177291714,0],[151.22749049636528,-33.538031306911797,0],[151.22749749783461,-33.538013943842351,0],[151.22750776108671,-33.53799683160517,0],[151.22752012280336,-33.537980686767099,0],[151.22753344302239,-33.537966228141819,0],[151.22755856890086,-33.537947637086624,0],[151.22759027493882,-33.537933097589338,0],[151.22762598746297,-33.537921659470328,0],[151.22776779731032,-33.537888466004539,0],[151.22780275704619,-33.53788254926851,0],[151.22783256224903,-33.537881572130964,0],[151.2278530177864,-33.537888205434541,0],[151.22786260011551,-33.53789838862906,0],[151.22786974441698,-33.537910884754872,0],[151.22788458907706,-33.537952916620227,0],[151.22788875725999,-33.537972475825654,0],[151.22789125816971,-33.53801493819995,0],[151.22789518470583,-33.538032767748604,0],[151.22790464127081,-33.538044968093594,0],[151.22792373496219,-33.538050624249045,0],[151.22795090450791,-33.538051000876791,0],[151.22798062886241,-33.538046877439193,0],[151.22800737799659,-33.538039069338595,0],[151.22802560122042,-33.538028339563539,0],[151.22803261077459,-33.538012670944802,0],[151.22803156244072,-33.537991426281977,0],[151.22802002537745,-33.5379417473101,0],[151.22801325836846,-33.537872599686644,0],[151.22801421687089,-33.537858078147018,0],[151.22801838505376,-33.53784469472739,0],[151.22803243200988,-33.537828030218108,0],[151.22805493121447,-33.537813634463568,0],[151.22808259393537,-33.537801335997642,0],[151.22809867557552,-33.537796002543693,0],[151.22814026847155,-33.537782188574411,0],[151.22816955354978,-33.537775457174412,0],[151.22820012142228,-33.537771638471206,0],[151.22829410855718,-33.537766044445043,0],[151.22835811980937,-33.537755090755219,0],[151.22837737519748,-33.537754292571186,0],[151.2283929627643,-33.537758281993717,0],[151.22840389885457,-33.53776882311341,0],[151.22841092727333,-33.537784627302848,0],[151.22843000210011,-33.537863716344347,0],[151.22843856304479,-33.537909566929983,0],[151.22844482879387,-33.537931546899138,0],[151.22845479650024,-33.537951885572518,0],[151.22847109283782,-33.537974770786136,0],[151.22847615753938,-33.53797972834974,0],[151.22849961614472,-33.537988763679103,0],[151.22853592964177,-33.537991990849591,0],[151.22857588221405,-33.537990000636327,0],[151.22861024996018,-33.537983394296027,0],[151.22862980987719,-33.53797275436574,0],[151.22863513419185,-33.537957990243527,0],[151.22863430055526,-33.537940053606185,0],[151.22862071084165,-33.537880846578226,0],[151.22861125427667,-33.537807287931216,0],[151.22860157313286,-33.537773189164248,0],[151.22859995975861,-33.537762261682104,0],[151.22860141143613,-33.537752087456774,0],[151.22860760531998,-33.53774151039427,0],[151.22861759189098,-33.53773155106223,0],[151.22863006949026,-33.537722371942969,0],[151.22865715818767,-33.537707008016518,0],[151.2286849287064,-33.537698680241597,0],[151.22871727075159,-33.537696860740205,0],[151.22878766543221,-33.537700625535606,0],[151.22882177266686,-33.537700177024774,0],[151.22886813471865,-33.537695014283202,0],[151.22900642227182,-33.537672846313569,0],[151.22905272144158,-33.537666768578042,0],[151.22917121551578,-33.537654989735117,0],[151.22925040380471,-33.537651242908119,0],[151.22933360756292,-33.5376539504474,0],[151.22945849315033,-33.537663398381007,0],[151.22957101791951,-33.537667351118159,0],[151.22960815606999,-33.537670093848952,0],[151.22964465731491,-33.537675239370373,0],[151.22968943294191,-33.537686005130013,0],[151.22973324826992,-33.53770053568369,0],[151.22986239277009,-33.537751764738815,0],[151.22998104854105,-33.537795670840715,0],[151.23005821023068,-33.537827986040966,0],[151.23014309922837,-33.537869955050439,0],[151.23019156782959,-33.5378974474324,0],[151.23022486927545,-33.537916335008944,0],[151.2302642388411,-33.537941066683736,0],[151.2302999872978,-33.537965950350497,0],[151.23040204220231,-33.538046214035205,0],[151.23043701092138,-33.538072011911012,0],[151.23047789504656,-33.538098643900561,0],[151.23056281997691,-33.538148887348861,0],[151.23060407241141,-33.538174999673991,0],[151.2306426622394,-33.538203442137423,0],[151.23067231472857,-33.538229886147384,0],[151.23075390511255,-33.538315527934905,0],[151.23078236553738,-33.538343101041271,0],[151.23081627693935,-33.538371633300621,0],[151.23092261590941,-33.538453689138763,0],[151.23095494897149,-33.538483216462581,0],[151.2309857315413,-33.538516455374271,0],[151.2310414333771,-33.538587055822589,0],[151.23109389948132,-33.538659582766712,0],[151.23111237423342,-33.538688222742643,0],[151.23114627665228,-33.538747797606,0],[151.23116579075517,-33.538775182636549,0],[151.23118975151877,-33.538798614224426,0],[151.23121703784554,-33.538814669058929,0],[151.23131370555325,-33.538849484723379,0],[151.23134190636492,-33.538865028896929,0],[151.23138943353169,-33.538917360178701,0],[151.23142223281931,-33.538989251152856,0],[151.23144148730918,-33.539071827537548,0],[151.23144836211603,-33.539156223314045,0],[151.23144405110094,-33.539233582230629,0],[151.23143273861658,-33.539285080676748,0],[151.23140854429101,-33.539361561192379,0],[151.23139649698473,-33.539396314490148,0],[151.23136915675909,-33.539465328365878,0],[151.23135767359486,-33.539500009741921,0],[151.2313501798487,-33.539535094680346,0],[151.23134868325542,-33.539557030059932,0],[151.2313502786634,-33.539623435164721,0],[151.23134793945036,-33.539645190822107,0],[151.23133512049131,-33.539684354136313,0],[151.23132652451235,-33.539700104065645,0],[151.2313143783914,-33.539722370350169,0],[151.23126541661512,-33.539797730352184,0],[151.23124535543823,-33.539836454831288,0],[151.23123321830036,-33.539873189123114,0],[151.23121607035998,-33.539949240086642,0],[151.23120456922936,-33.539985687560751,0],[151.2311867933665,-33.540019167739601,0],[151.23116043949108,-33.540049735285073,0],[151.23112811541216,-33.5400774426124,0],[151.23101957017977,-33.540154443553234,0],[151.23091241553939,-33.54023342485349,0],[151.23081150778356,-33.540312272056518,0],[151.2307277659344,-33.540383786750361,0],[151.23065850133446,-33.540447718124632,0],[151.23062593560877,-33.5404810012054,0],[151.23057873093722,-33.540536694106478,0],[151.23039240597424,-33.54079706179899,0],[151.23027366845665,-33.540948822106344,0],[151.23024596980315,-33.540987689827311,0],[151.2302165499776,-33.541034006716487,0],[151.23010955613572,-33.541224357190089,0],[151.23000050964339,-33.541398912703556,0],[151.22992773083402,-33.541518957880733,0],[151.22989551455296,-33.54157388940083,0],[151.22975373075667,-33.541815648022265,0],[151.22971727442751,-33.541886804328108,0],[151.22966322189859,-33.541957753926162,0],[151.22964410125778,-33.542043440687365,0],[151.2295895375874,-33.542143021500728,0],[151.22957042682802,-33.542228717062955,0],[151.22951561162938,-33.542342613300583,0],[151.22949699404515,-33.542399669179517,0],[151.22931292744676,-33.54285568508908,0],[151.22931140390409,-33.542941595576167,0],[151.22923797920598,-33.543112547780076,0],[151.22891371703287,-33.543659879167947,0],[151.22876627744355,-33.543908764186845,0],[151.22872930098984,-33.544008559977229,0],[151.2285839679499,-33.544264562718432,0],[151.22847560238057,-33.544420768753497,0],[151.22838457249958,-33.544591505398799,0],[151.22827594731706,-33.5447620365617,0],[151.22823897984651,-33.544861823130994,0],[151.22780609159256,-33.545574280868351,0],[151.22777539885428,-33.545603548207595,0],[151.22774112902448,-33.545679213042064,0],[151.22771614687645,-33.54573275458349,0],[151.2276968744203,-33.54581841439223,0],[151.22763951339618,-33.545914248130565,0],[151.22758908197613,-33.545999728821513,0],[151.22757623696583,-33.545992593766712,0],[151.22743346771776,-33.546192463425093,0],[151.22732068333556,-33.546353080257639,0],[151.22723144649183,-33.546462296987684,0],[151.22730568596188,-33.546519407047185,0],[151.22739492280556,-33.546555092579624,0],[151.22745387833933,-33.54656421760388,0],[151.2274891426041,-33.546568655084592,0],[151.22751984432557,-33.546571514328363,0],[151.22752840527028,-33.546686441775556,0],[151.22757195200197,-33.546682873527878,0],[151.22764048178004,-33.54666931104088,0],[151.22769330631203,-33.546662884300467,0],[151.22770899359182,-33.546639739346361,0],[151.22786328193683,-33.546611009916568,0],[151.2279089711505,-33.546600414472323,0],[151.22795344135034,-33.546587595420512,0],[151.22799605563077,-33.546571980761698,0],[151.22807144314771,-33.546530181438143,0],[151.22809136149249,-33.546524014482692,0],[151.22811376188247,-33.54652237410393,0],[151.22813712257138,-33.546524516104682,0],[151.22818516896439,-33.546532924636352,0],[151.22820902193013,-33.54653556002323,0],[151.22829400075935,-33.546536841779513,0],[151.22833664288757,-33.546535362369205,0],[151.22842138815489,-33.546528737964827,0],[151.22845464468494,-33.546524184435221,0],[151.22855373245406,-33.546505915660035,0],[151.22858699706904,-33.546501514861916,0],[151.2286476567069,-33.546498108323583,0],[151.22870887150364,-33.546498726741319,0],[151.22883200088467,-33.546504517856356,0],[151.2288934492434,-33.546505889455901,0],[151.22899256396195,-33.546505288258068,0],[151.22919083831485,-33.546501147255263,0],[151.22938888808892,-33.546493250075613,0],[151.22953543115949,-33.546484985288501,0],[151.22975487880365,-33.546468885460015,0],[151.22984001843136,-33.546460585482173,0],[151.22995455991827,-33.54644769528403,0],[151.23009498097019,-33.546431882197027,0],[151.23018020144625,-33.546425625391663,0],[151.23024378330373,-33.546423097812898,0],[151.23049864702799,-33.546420327658339,0],[151.23076287838396,-33.546414591192082,0],[151.23088079034983,-33.546416437462803,0],[151.23098467422423,-33.546420534296921,0],[151.23108797509198,-33.546428736200163,0],[151.23121134611986,-33.546445220862921,0],[151.23127265074811,-33.546455915153288,0],[151.23133341728547,-33.546468302979207,0],[151.23139342205153,-33.546482438994211,0],[151.23145062137891,-33.546498314213252,0],[151.23150707690132,-33.54651630522622,0],[151.23167448783599,-33.546575261517361,0],[151.23189616689524,-33.54664952769965,0],[151.23196810308488,-33.546677217937372,0],[151.23203725988702,-33.546708707757574,0],[151.2320880057174,-33.546736415944821,0],[151.23228177052758,-33.54686020837142,0],[151.23247843150622,-33.546972527013878,0],[151.23248294913378,-33.54697527918227,0],[151.23252647789917,-33.547001839549338,0],[151.23257388918327,-33.547033060473282,0],[151.23275899513237,-33.547163029118082,0],[151.23287429839067,-33.547232876814647,0],[151.23291123891178,-33.547257285387118,0],[151.23294516828008,-33.547284097224974,0],[151.23296507674343,-33.547302957295074,0],[151.23303745220917,-33.547384081528776,0],[151.23308631517074,-33.547430873397481,0],[151.23309925001257,-33.547447026203123,0],[151.23310656409558,-33.547464004052657,0],[151.233107622311,-33.547481124896962,0],[151.23310451144516,-33.547499214531172,0],[151.23309833552759,-33.54751759090643,0],[151.23308118758712,-33.547552442745108,0],[151.23306030085848,-33.54758084918064,0],[151.23303197518095,-33.547607437062716,0],[151.23299852191977,-33.547631433006764,0],[151.23296227130476,-33.547652086089066,0],[151.23292554548104,-33.547668625172058,0],[151.23288845314462,-33.547680215480426,0],[151.23284867035395,-33.547687762918265,0],[151.23280734695254,-33.547692182372963,0],[151.23276561032611,-33.547694405202094,0],[151.23272457348733,-33.547695355276247,0],[151.23268230775321,-33.547694001663906,0],[151.23263999800164,-33.547689600177634,0],[151.2325128082355,-33.547672596168645,0],[151.23244017315659,-33.547666706306167,0],[151.23229447270569,-33.547657823221869,0],[151.23214858360859,-33.547652803324276,0],[151.23142436631815,-33.54759484201572,0],[151.23139389726035,-33.547592404312766,0],[151.23128831107849,-33.547591122572129,0],[151.23120057981117,-33.547575731201434,0],[151.23086624213377,-33.54757167934288,0],[151.23053139241671,-33.5475962495346,0],[151.23042429077697,-33.547680878810446,0],[151.23033478533696,-33.547765713890094,0],[151.2302226100125,-33.548136678934519,0],[151.23022083494149,-33.548236905571038,0],[151.23018412798237,-33.548322376477607,0],[151.23016474772845,-33.548422388029522,0],[151.23018906691979,-33.548459686914583,0],[151.23021638019603,-33.548496062670395,0],[151.23024636416361,-33.548531147700118,0],[151.23027868914073,-33.548564511519039,0],[151.23031301197113,-33.548595805248169,0],[151.23035540257109,-33.548627510735187,0],[151.23040190745502,-33.548655782805142,0],[151.23049965044615,-33.548708616505877,0],[151.23059750123511,-33.548765448072807,0],[151.23068506182244,-33.548813612253738,0],[151.23070175252047,-33.548822790943696,0],[151.23074664403015,-33.548855025656643,0],[151.23078077012946,-33.548892262215404,0],[151.2307971113828,-33.548925948571096,0],[151.23080631731779,-33.548962880391244,0],[151.23081955758681,-33.549039603146312,0],[151.2308316947246,-33.549075996626001,0],[151.23085778000384,-33.549120951098296,0],[151.230890686191,-33.549163646071257,0],[151.23096135845105,-33.549247692847196,0],[151.23099130738427,-33.549291786264767,0],[151.23101542894628,-33.549339537637813,0],[151.23107333614615,-33.549488662620618,0],[151.23109563861971,-33.549537283083083,0],[151.23112234283815,-33.549584012395393,0],[151.23121138205246,-33.549720963715735,0],[151.23123672262832,-33.549768060521501,0],[151.23125802168369,-33.549815856550964,0],[151.23127707854411,-33.549864512765026,0],[151.23130927775722,-33.549963457189143,0],[151.23132283962306,-33.550013296950425,0],[151.23133759445159,-33.550080311664345,0],[151.23141273942338,-33.550493344943838,0],[151.23141843204741,-33.550536156777461,0],[151.23142065447942,-33.550578969338481,0],[151.23141826136748,-33.550679849711095,0],[151.23141207646674,-33.55073029921143,0],[151.23139977763219,-33.550778390426395,0],[151.2313920332561,-33.550794982813926,0],[151.23137924124649,-33.550822385738023,0],[151.23135386473803,-33.55085608182231,0],[151.23132229344736,-33.5508873298024,0],[151.23130261764769,-33.550903572548705,0],[151.23128667883958,-33.550916731596615,0],[151.23117696939056,-33.550998017140572,0],[151.23110320423098,-33.551045974198104,0],[151.23095587243958,-33.551137147035789,0],[151.23091957780716,-33.551159225457184,0],[151.23088218902672,-33.55117926006065,0],[151.23084314195629,-33.551195986379383,0],[151.23080118973417,-33.551210311029138,0],[151.23075726660835,-33.551222842662639,0],[151.23075364549945,-33.551223622754719,0],[151.2307123571324,-33.551232470285932,0],[151.23066745663954,-33.551238090391777,0],[151.23062357753116,-33.551238601718872,0],[151.23059317225375,-33.551236423151146,0],[151.23056186057619,-33.551232748034614,0],[151.23053123071998,-33.551226903333777,0],[151.23050289605925,-33.551218208526329,0],[151.23047846008686,-33.551206026511252,0],[151.23046172447314,-33.551190124457115,0],[151.230424487508,-33.551128371365181,0],[151.23040743838223,-33.551113500187491,0],[151.23038301139303,-33.551104115113496,0],[151.23035454198501,-33.551099543108762,0],[151.23021844182961,-33.551094092937412,0],[151.23008706591423,-33.551094344483793,0],[151.23004337545206,-33.551093053062637,0],[151.22996321069442,-33.551087164182007,0],[151.22975516536624,-33.551067102605757,0],[151.2297261848168,-33.551063265773543,0],[151.22969784925786,-33.551057600737273,0],[151.22965977057129,-33.551042801417871,0],[151.22958603325947,-33.550999253911648,0],[151.22955088487737,-33.550983002199487,0],[151.22951721691882,-33.550978762589331,0],[151.22948985872679,-33.550985915948708,0],[151.22946328027248,-33.550999262895445,0],[151.22943748155583,-33.551016483358431,0],[151.2293881353007,-33.551053172470937,0],[151.22935665384153,-33.551078433425317,0],[151.22927102103876,-33.551162999398585,0],[151.22923958449539,-33.551188304491156,0],[151.22919285503266,-33.551214058016974,0],[151.22908715206978,-33.551254682691074,0],[151.22903871041811,-33.551277379465986,0],[151.22900024545592,-33.551306879949024,0],[151.22898664765745,-33.551323839821201,0],[151.22897881344991,-33.55133361940873,0],[151.22896077707566,-33.551363074953734,0],[151.22894586144866,-33.551394314515321,0],[151.22893378719294,-33.551426370090887,0],[151.22892426684757,-33.551458299881894,0],[151.2289185122398,-33.551493913750484,0],[151.22891796516578,-33.551530432717563,0],[151.22892166802143,-33.551604529190207,0],[151.22892053794081,-33.551641254736602,0],[151.22890122955206,-33.551750839104592,0],[151.22889950837995,-33.551778206539225,0],[151.2289013014173,-33.551812009306801,0],[151.22890609752261,-33.551845946816975,0],[151.22891329572295,-33.551879804209001,0],[151.2289325232633,-33.551946433421548,0],[151.22894560183556,-33.551977529032861,0],[151.22897938657505,-33.552038269354199,0],[151.22899378297581,-33.552068773505688,0],[151.22900228103833,-33.552099941691175,0],[151.22900588418099,-33.552136774082634,0],[151.22900423487411,-33.552173679076532,0],[151.22900041613585,-33.552191418861916,0],[151.22899077990778,-33.552213640752811,0],[151.22897643740598,-33.552234911865135,0],[151.22894171123207,-33.55227622705366,0],[151.22887820123975,-33.552359699590241,0],[151.22885031394009,-33.552402780757532,0],[151.22883205478365,-33.552438403220435,0],[151.22881721012354,-33.55247508424273,0],[151.22881200258982,-33.552493729069326,0],[151.22880772660912,-33.55252636667695,0],[151.22880856024568,-33.552560026910719,0],[151.22881300600798,-33.55259416176721,0],[151.22882679245271,-33.552661696278797,0],[151.22883562199357,-33.552692594741394,0],[151.22887086020725,-33.552784000912858,0],[151.22887833598702,-33.552814944249796,0],[151.22888122227403,-33.552848066102776,0],[151.22887491160915,-33.55298265105894,0],[151.22887681154603,-33.553022352585266,0],[151.2288872553595,-33.553141403153298,0],[151.22888924512785,-33.553211591136083,0],[151.2288859734636,-33.553333573080536,0],[151.22888511287752,-33.553443436037995,0],[151.22888316712661,-33.553470775985836,0],[151.22887826412185,-33.55350463274106,0],[151.22887606774097,-33.553519790980666,0],[151.22886532928004,-33.553568591091313,0],[151.2288521788426,-33.553617202520144,0],[151.22884700634319,-33.553634422461286,0],[151.22879021125772,-33.553823661168622,0],[151.22873839014389,-33.553970338642813,0],[151.22870767045612,-33.554043242710094,0],[151.22868852376413,-33.554078023043083,0],[151.22867178815039,-33.554103005373548,0],[151.22859493997277,-33.554198686936211,0],[151.22852139939206,-33.554296062524934,0],[151.22847743045219,-33.554344827011846,0],[151.22842644387327,-33.554393949312256,0],[151.22837132414577,-33.554439495422528,0],[151.22833463425459,-33.554465894038856,0],[151.22829613425819,-33.554490921923026,0],[151.22825610982065,-33.554514389675234,0],[151.22821486636937,-33.554536135594851,0],[151.22817270034821,-33.554555991243674,0],[151.22814892733257,-33.554586244467217,0],[151.22812280701902,-33.554615583615806,0],[151.22809461519046,-33.55464370400248,0],[151.22806463930775,-33.554670335376912,0],[151.22803316683178,-33.55469518353334,0],[151.22798710122404,-33.554726055815564,0],[151.22793709111383,-33.554753825812924,0],[151.227884275565,-33.554778638760297,0],[151.2278297918447,-33.554800636148975,0],[151.22777475296556,-33.554819944497517,0],[151.22772990637165,-33.554833148614598,0],[151.22768396652802,-33.554844183236327,0],[151.22759036387205,-33.554862084174616,0],[151.22747484501807,-33.554880200710969,0],[151.22719726649359,-33.55490802455919,0],[151.22710231995799,-33.554922725147712,0],[151.22703321705472,-33.554933428120819,0],[151.22699198258655,-33.554937193662553,0],[151.22695376016952,-33.554938161623838,0],[151.22683849284383,-33.55493422614618,0],[151.22680014466266,-33.554934450731182,0],[151.22674880774082,-33.554936960094167,0],[151.22669756963364,-33.55494085065471,0],[151.22661029650718,-33.554950316911111,0],[151.22659508443613,-33.554952916107617,0],[151.22654640113763,-33.554966147154538,0],[151.22649921443241,-33.554985347665351,0],[151.22639191606157,-33.555032839116301,0],[151.22623370207884,-33.555108316025809,0],[151.22617880603181,-33.555136722222983,0],[151.22601680924339,-33.555225680834646,0],[151.22596205692676,-33.555254294359251,0],[151.22580742003547,-33.555329780058592,0],[151.22571962678441,-33.555369212502868,0],[151.22557181978416,-33.55543025737061,0],[151.22547878216852,-33.555471616696273,0],[151.2253034561779,-33.555555304739862,0],[151.2251494004966,-33.555631937796271,0],[151.22510964555372,-33.555648870618036,0],[151.22507195224438,-33.555662899576966,0],[151.22499476360522,-33.555687801347815,0],[151.22487579342399,-33.555721720866003,0],[151.22479379071328,-33.555743171529485,0],[151.22471076661807,-33.555760911330466,0],[151.22465202578167,-33.55576979433026,0],[151.22464766895254,-33.5557704583468,0],[151.22458375561672,-33.555777091025917,0],[151.22451935898727,-33.555781698716373,0],[151.22439037618381,-33.555788430959673,0],[151.22418526205837,-33.555791989848004,0],[151.22413436441269,-33.555795458903063,0],[151.22409572966893,-33.555800559177342,0],[151.22398051624219,-33.555820853220418,0],[151.22394185454897,-33.555824815607629,0],[151.22386495247247,-33.555826769476923,0],[151.22378782581706,-33.555823318389699,0],[151.22374970221477,-33.555819598551743,0],[151.22371274372733,-33.555830023679839,0],[151.2236745572429,-33.555838503920981,0],[151.22363562695341,-33.555844948694073,0],[151.22359645411885,-33.555849278647067,0],[151.22355753281255,-33.555851411433302,0],[151.22351624444542,-33.555851573132777,0],[151.22347423922275,-33.555849628247358,0],[151.22343245768053,-33.555845181511415,0],[151.22339183316848,-33.555837795737048,0],[151.22335334215518,-33.555827074160753,0],[151.2233270412803,-33.555815949831477,0],[151.2232776231599,-33.555787220458498,0],[151.2232528018103,-33.555772967685513,0],[151.22319963681682,-33.555750414327541,0],[151.22313977488292,-33.555729214450103,0],[151.22311516912893,-33.555724329022617,0],[151.22309951778178,-33.555727081660841,0],[151.22309357452784,-33.555740302857274,0],[151.22309489235639,-33.555761628498374,0],[151.22310151653326,-33.555787077474122,0],[151.2231115120874,-33.555812687393313,0],[151.22312290542021,-33.555834469667971,0],[151.2231458349178,-33.555858269437387,0],[151.22317839166033,-33.555877649415969,0],[151.22325373426156,-33.555912716475909,0],[151.22328719650588,-33.55593317219197,0],[151.2233266469199,-33.555966213496951,0],[151.22336318409745,-33.556002087519772,0],[151.22339754375875,-33.556039897425599,0],[151.2234625233948,-33.556117677665711,0],[151.22348566848808,-33.556147554542029,0],[151.22355087270302,-33.556239650266399,0],[151.22357455498883,-33.556269160284003,0],[151.22361763639321,-33.556315557317717,0],[151.22366413229403,-33.556359965284912,0],[151.22371295033983,-33.556402938155536,0],[151.22384290062882,-33.556511079914252,0],[151.22408467769594,-33.556702945150789,0],[151.22415875546926,-33.556759050556373,0],[151.22424722155844,-33.556822677112997,0],[151.22433758668612,-33.556884340045585,0],[151.22443429930965,-33.556916297014695,0],[151.22488779581445,-33.557150955683376,0],[151.22501187561309,-33.557227956382413,0],[151.22510125528896,-33.557288875669613,0],[151.22513177734734,-33.557309680654143,0],[151.22522352408396,-33.557377537866891,0],[151.22532190398061,-33.557455928504503,0],[151.22541065573407,-33.557533798049427,0],[151.22546554279791,-33.557586291699558,0],[151.22552110988644,-33.557646744360504,0],[151.22554907803448,-33.557681085315821,0],[151.22562880351595,-33.557786672027255,0],[151.22570942551604,-33.557888484962241,0],[151.22573340424597,-33.557923435922888,0],[151.22575319682659,-33.557959739572361,0],[151.22577029086818,-33.558006630516012,0],[151.22578105627852,-33.558055636199853,0],[151.22578820956315,-33.558114735831857,0],[151.22579931633325,-33.558206616859728,0],[151.22581720807878,-33.558316085102845,0],[151.2258207851703,-33.558352559265117,0],[151.22582117953067,-33.558388917381038,0],[151.22581760243924,-33.558427596848041,0],[151.22581079051437,-33.55846627629775,0],[151.22580153068043,-33.558504830716316,0],[151.22577886977911,-33.558581006016269,0],[151.22576499350291,-33.558619811159517,0],[151.22569818489688,-33.558772548507015,0],[151.22564673119408,-33.558918347725538,0],[151.22563051570486,-33.558953567010363,0],[151.22560186663384,-33.559004294642719,0],[151.22556907632932,-33.559053990700768,0],[151.22553253915177,-33.559102100488083,0],[151.22549273031001,-33.559148058829258,0],[151.22545002619799,-33.559191309533063,0],[151.22540532243622,-33.559261470891428,0],[151.22528705204249,-33.559447097362174,0],[151.22525007558878,-33.559546893171493,0],[151.22512382635878,-33.559717190455657,0],[151.22503430295251,-33.559802025693394,0],[151.22491034981633,-33.559843475000434,0],[151.22473383984618,-33.559869964039827,0],[151.2246101454248,-33.559897097593051,0],[151.2244679771496,-33.560019599337586,0],[151.2244123103481,-33.560017878369194,0],[151.22437527191062,-33.560019689166303,0],[151.22435061135943,-33.560022808468204,0],[151.22425283243572,-33.560043443616834,0],[151.22413771692533,-33.560059480281367,0],[151.22410921158468,-33.560109418269526,0],[151.22408030290057,-33.560152938726198,0],[151.22407374160568,-33.560167272370713,0],[151.2240721722489,-33.560181166601581,0],[151.22407621556599,-33.560193661750858,0],[151.22408429142041,-33.560205879927089,0],[151.22413561935909,-33.56026315981012,0],[151.22416600756853,-33.560294667884158,0],[151.22415674773455,-33.560330004133228,0],[151.22413596880378,-33.560441498306901,0],[151.22412936259317,-33.560522837019683,0],[151.2241168849938,-33.560765267983889,0],[151.22411692092646,-33.560818764993755,0],[151.22412026445599,-33.560871984252778,0],[151.22412744469003,-33.560917234258476,0],[151.22416031494458,-33.561052195895769,0],[151.22416681425563,-33.561097437572833,0],[151.22417086565761,-33.561174662316581,0],[151.22417052519612,-33.561213395181106,0],[151.22416800632004,-33.561251949870503,0],[151.22416286975323,-33.561290055405784,0],[151.22415595003062,-33.561324853780611,0],[151.22413643502941,-33.561394073213556,0],[151.22412349120449,-33.561427822813378,0],[151.22410820726819,-33.561460532650031,0],[151.22409451963821,-33.561484636281705,0],[151.22407910185296,-33.561508131327656,0],[151.22400581190223,-33.561609128438072,0],[151.2239106776187,-33.561735995588592,0],[151.22382845122752,-33.561864565519024,0],[151.22378588096447,-33.561917229453478,0],[151.22374491509257,-33.561960229501459,0],[151.22370057964008,-33.562000594613039,0],[151.22364224214718,-33.562046982579595,0],[151.2236111909811,-33.562068621805139,0],[151.22357877707071,-33.562088315531774,0],[151.22354923148097,-33.562103214013739,0],[151.22354492046597,-33.562105383324749,0],[151.22350873273302,-33.56211948384481,0],[151.22347064506329,-33.562130867859125,0],[151.22339159152165,-33.562148446157593,0],[151.22330384318639,-33.562163864125694,0],[151.2231569497728,-33.5621783231935,0],[151.22310834732272,-33.56218475925948,0],[151.22301014708907,-33.562202570347168,0],[151.22274340584022,-33.562262450128117,0],[151.222683392091,-33.562277590362726,0],[151.22262477701872,-33.562295105752874,0],[151.22256837539527,-33.562316144577046,0],[151.22252520505771,-33.562336205786494,0],[151.22248345046498,-33.562358633913718,0],[151.22232256489252,-33.562454081766063,0],[151.22224612005846,-33.562501842331677,0],[151.2222072257016,-33.562524744997155,0],[151.22216709346631,-33.562545863860286,0],[151.22210582477072,-33.56257329374732,0],[151.2220422617778,-33.562597667295066,0],[151.2219771114618,-33.562619637990338,0],[151.22191110954296,-33.562639860816056,0],[151.22180421361736,-33.562670087254645,0],[151.2216392407104,-33.562709546289781,0],[151.22145932522702,-33.562749777060887,0],[151.22131570347767,-33.562792427122154,0],[151.22127917528329,-33.562800709811462,0],[151.22124089986568,-33.562805568639511,0],[151.22116243741547,-33.562808966300786,0],[151.22112390148646,-33.562812130414876,0],[151.22108690706639,-33.56281934642093,0],[151.22105452010544,-33.562830443649027,0],[151.22103508685089,-33.562839174715045,0],[151.2210232901746,-33.562844472190108,0],[151.22083154118397,-33.56294269062743,0],[151.22076388097506,-33.562975265900405,0],[151.22071052733537,-33.562997146673993,0],[151.22054607455294,-33.563055986173282,0],[151.22049312425685,-33.563078414113569,0],[151.22045390650646,-33.563098879360737,0],[151.22037823332525,-33.563144317581653,0],[151.22033963451418,-33.563165356198915,0],[151.22029908995211,-33.563182656576544,0],[151.22026447966087,-33.563193717827808,0],[151.22022884798514,-33.563203040207597,0],[151.22019252640322,-33.563210857262604,0],[151.22011917357037,-33.563222886378696,0],[151.22007111819423,-33.563227144850053,0],[151.21992453020789,-33.563227619427458,0],[151.21987596369033,-33.563230094116477,0],[151.21974896167208,-33.563240214440974,0],[151.21970840812691,-33.563247430411295,0],[151.21967067888497,-33.563259253672527,0],[151.2196391525101,-33.563273954336772,0],[151.21960865740118,-33.563291739000796,0],[151.21958000833013,-33.563312042511896,0],[151.21955402186558,-33.563334290735192,0],[151.21953150469466,-33.56335790205069,0],[151.2195649130401,-33.563458549674003,0],[151.21940421611387,-33.56358547099682,0],[151.21929606524185,-33.563727352463729,0],[151.21925907082183,-33.563827139584433,0],[151.21920422957206,-33.56394103579499,0],[151.21916775527657,-33.564012191844405,0],[151.21883996002936,-33.564623957041178,0],[151.21882057079227,-33.564723958702963,0],[151.21876624068392,-33.564809215685251,0],[151.21868025843651,-33.564934675389452,0],[151.21868421102374,-33.56501852418014,0],[151.2186919742644,-33.565102247885171,0],[151.21870711447019,-33.565217730789321,0],[151.21872108866279,-33.565290849921332,0],[151.21873189988719,-33.565326410181143,0],[151.21874779288123,-33.565367465357539,0],[151.21876621373445,-33.565407820642704,0],[151.21876649131389,-33.565408430691306,0],[151.21878837247758,-33.565448293427558,0],[151.21881377683377,-33.565486040813191,0],[151.21884305292892,-33.565520677312875,0],[151.21888142805952,-33.565553924537014,0],[151.21892600515889,-33.565583003964818,0],[151.2190231570585,-33.565635810845279,0],[151.21907040664584,-33.565663105765097,0],[151.21925383633865,-33.565775532449592,0],[151.21929775048133,-33.565805525748665,0],[151.21938655703198,-33.565877954994349,0],[151.21941109990388,-33.565892789946744,0],[151.21945629684078,-33.565910261189423,0],[151.21950642283363,-33.565921241999476,0],[151.21972191699214,-33.565945713407061,0],[151.21989088830051,-33.56595881851554,0],[151.21994693149608,-33.565964725843891,0],[151.22008571132602,-33.565982654418249,0],[151.22013143647234,-33.565990452508601,0],[151.22017648069561,-33.566000142858719,0],[151.22025916432929,-33.566023673353648,0],[151.22034001989138,-33.56605205350531,0],[151.22042414621944,-33.566085103664086,0],[151.22051136634536,-33.566123684622269,0],[151.2205538198273,-33.566144606493147,0],[151.22062385518183,-33.566183214371414,0],[151.22067964684913,-33.566218084129339,0],[151.22080265944922,-33.566299996754459,0],[151.22086827599088,-33.566348160141068,0],[151.22089800932847,-33.566374451822306,0],[151.22092356549996,-33.566400536904716,0],[151.22097007936708,-33.566456319388045,0],[151.22099952614204,-33.566499490083146,0],[151.22101025651813,-33.566515213417546,0],[151.22102769102119,-33.566546362916917,0],[151.22104285817645,-33.566578498948779,0],[151.22115297186733,-33.566840238036015,0],[151.22118174580422,-33.566915697142228,0],[151.22122948856665,-33.567053562612287,0],[151.22126169586451,-33.567137062036387,0],[151.22127099163106,-33.567165075051861,0],[151.2212806907412,-33.567211239433647,0],[151.22128445558056,-33.567247202349463,0],[151.22128545091388,-33.567283219891507,0],[151.22137897182319,-33.567361564861088,0],[151.2214058997221,-33.567523607164603,0],[151.22144387061087,-33.567554173961554,0],[151.22151746509047,-33.56761748642603,0],[151.22158757231023,-33.567683399154546,0],[151.22162457571338,-33.567721056490917,0],[151.22169503237774,-33.567798944475093,0],[151.2218511586758,-33.567980151394075,0],[151.22187761136601,-33.568015236743761,0],[151.2218998509575,-33.56805181833667,0],[151.22191679228541,-33.568092900660297,0],[151.2219281856182,-33.568135954519299,0],[151.22194644567293,-33.568223899744027,0],[151.2219594074642,-33.568266756681908,0],[151.22197725429393,-33.568308188453159,0],[151.22204006539693,-33.568430044287084,0],[151.22205755379886,-33.568471538853906,0],[151.22207077610156,-33.568514422614854,0],[151.22207860132599,-33.56853981768343,0],[151.22210520672976,-33.568643486192158,0],[151.22213041345665,-33.568720674996371,0],[151.2221371364482,-33.5687464824261,0],[151.22214093722016,-33.568772450774929,0],[151.22214135853,-33.568797980497017,0],[151.22213933193078,-33.568823698084124,0],[151.22213071798555,-33.568875178145056,0],[151.2221189392755,-33.568928630460626,0],[151.22201596090292,-33.56925233762923,0],[151.22199348864771,-33.569349049549196,0],[151.22198508041672,-33.569380997415067,0],[151.22197429614167,-33.569412290339365,0],[151.22195675384083,-33.569449392289954,0],[151.22193558144792,-33.569485445589372,0],[151.22188953290816,-33.569556583597098,0],[151.22186825271737,-33.569592735652385,0],[151.22180632914987,-33.569721234005918,0],[151.22178821282554,-33.569752142083935,0],[151.22176480811916,-33.569785165377837,0],[151.22173892945244,-33.569817059191251,0],[151.22165702555642,-33.56991082218898,0],[151.22157493301418,-33.570013719607928,0],[151.22155206639863,-33.570037760973321,0],[151.22152976392508,-33.570057482073409,0],[151.22145735252664,-33.570112727027279,0],[151.22143497818786,-33.570132412183,0],[151.22141602014204,-33.570153235031,0],[151.22136398433094,-33.570219219175151,0],[151.221343259299,-33.570238133368008,0],[151.22131604483749,-33.57025650939687,0],[151.22128606895473,-33.570272725297869,0],[151.22125419313522,-33.570287022832453,0],[151.22118824511529,-33.570310831343413,0],[151.22116077014232,-33.570318611827737,0],[151.22104689251034,-33.570340914381958,0],[151.22096081953313,-33.570360088271791,0],[151.22091618853489,-33.570370028873235,0],[151.22087243519064,-33.57037717314185,0],[151.22082858303173,-33.570380588468794,0],[151.22078787767126,-33.570379467990122,0],[151.22074704654665,-33.570375075893025,0],[151.22062438428949,-33.570356242566305,0],[151.22050143367323,-33.570343316264264,0],[151.22042018464904,-33.570331896656946,0],[151.22034291516158,-33.570316325959681,0],[151.22026668502488,-33.570297250859966,0],[151.22012841543804,-33.570259548241246,0],[151.22009916629233,-33.570247249154228,0],[151.2200768278862,-33.570230621582205,0],[151.22006595467801,-33.570213715570858,0],[151.22005950118097,-33.570194066360955,0],[151.22004935381156,-33.570152580855328,0],[151.22004044342222,-33.570133765443707,0],[151.22001465368876,-33.570105269121498,0],[151.21998054645402,-33.570080644704802,0],[151.21990156477764,-33.570036371783779,0],[151.21986380768794,-33.570013477846963,0],[151.21975022560173,-33.569936916681833,0],[151.21971278292241,-33.569916370721785,0],[151.21959586539151,-33.569860032102333,0],[151.21956035947989,-33.569837846936409,0],[151.21952821506409,-33.569814809237329,0],[151.21949602483423,-33.569790418265974,0],[151.21946611183355,-33.569764503366017,0],[151.21944076227459,-33.569736894629116,0],[151.21942230548876,-33.569707411667927,0],[151.2194160397396,-33.569675186233468,0],[151.21941906885874,-33.569638389015012,0],[151.21942428627395,-33.569601654654001,0],[151.21942457283649,-33.569569554926311,0],[151.21941281209283,-33.569546714757003,0],[151.21939466881898,-33.569535222440784,0],[151.21937252804219,-33.569526375287367,0],[151.21934802110289,-33.569519903092555,0],[151.21929836043736,-33.569512956354451,0],[151.21927252578817,-33.569514704079275,0],[151.21921914519899,-33.569528804137953,0],[151.21919356207806,-33.569533806297514,0],[151.2191700226243,-33.569532515900526,0],[151.21914657300212,-33.569517966748322,0],[151.21912797248589,-33.569491890841071,0],[151.21909294178309,-33.56942840759811,0],[151.21907034376378,-33.569402636299785,0],[151.21904341586483,-33.569384233143495,0],[151.21901340404949,-33.569368519313429,0],[151.21891840361491,-33.569325519211965,0],[151.21888989827434,-33.569310244736066,0],[151.21863206741475,-33.569172010868193,0],[151.21855146338095,-33.569127567573169,0],[151.21846228941934,-33.56907131002486,0],[151.21843181227669,-33.569054054239679,0],[151.21839973882777,-33.569039747519014,0],[151.21837034595168,-33.569030756603865,0],[151.21827729126801,-33.56901293644561,0],[151.21824692102487,-33.569005442517096,0],[151.21819449085334,-33.56898734391352,0],[151.21814355727506,-33.568965722888606,0],[151.21799333021343,-33.568894746069098,0],[151.21781581682509,-33.568817261764458,0],[151.21768446696089,-33.568754693437107,0],[151.21758110410934,-33.56871099393355,0],[151.21750974194316,-33.568684585449695,0],[151.21747334759777,-33.56867317460496,0],[151.21741284965663,-33.568657846121823,0],[151.21732053877804,-33.568638860475438,0],[151.21727882910108,-33.568632693601224,0],[151.21719325019725,-33.5686243837769,0],[151.21715291224774,-33.568616952688487,0],[151.21711656371636,-33.568603811307028,0],[151.21709790031801,-33.568592068866877,0],[151.21704731708272,-33.568549239036429,0],[151.21702834915547,-33.568538320685981,0],[151.21700494355073,-33.568530306509587,0],[151.21697974580704,-33.568525080490694,0],[151.21695350871249,-33.568521549073026,0],[151.21675716124591,-33.56849818916811,0],[151.2167222823584,-33.568491089653968,0],[151.21667450456169,-33.568476594218176,0],[151.21662794577881,-33.568458218558973,0],[151.21658244431302,-33.568437125842287,0],[151.21649405098739,-33.568391463610958,0],[151.21647491238028,-33.568380294493011,0],[151.21646080344041,-33.568372074464392,0],[151.21639694400355,-33.568329505002986,0],[151.21636428844633,-33.568309595634517,0],[151.21632975900343,-33.568292761103059,0],[151.21629743492451,-33.568282255144226,0],[151.21619521832332,-33.568259603256656,0],[151.21616438275285,-33.568247565111683,0],[151.21613239913549,-33.568228839105068,0],[151.21610241426961,-33.568206536753721,0],[151.21607459973345,-33.568181625867773,0],[151.21604911452889,-33.568155065276109,0],[151.21602611316598,-33.568127824287714,0],[151.21600437573278,-33.568093823564013,0],[151.21598803447941,-33.568056901420107,0],[151.21595910782895,-33.567980698550187,0],[151.21594033663283,-33.567944618424775,0],[151.2158876558313,-33.567876196160199,0],[151.21587814446903,-33.567858089086371,0],[151.21587074055449,-33.56783558005197,0],[151.21586600733124,-33.567811852445438,0],[151.21586397264713,-33.567787605369809,0],[151.21586456463692,-33.567763492269826,0],[151.21586778240226,-33.567740195034276,0],[151.21587543784511,-33.567718528786685,0],[151.21591344466643,-33.567655601877064,0],[151.21592113604191,-33.567633926626186,0],[151.21592789496609,-33.567587663667467,0],[151.21592685471703,-33.567572729454838,0],[151.21592267755094,-33.567559023540035,0],[151.21590335119592,-33.567546644726562,0],[151.21586652745574,-33.56754079065044,0],[151.21577256727036,-33.56753336845086,0],[151.21573150348203,-33.5675241535751,0],[151.21569951088156,-33.567509793456892,0],[151.21566923945306,-33.567492259663183,0],[151.2156102740378,-33.567453957013058,0],[151.21555239378742,-33.567422430592863,0],[151.21532042362827,-33.567313114612134,0],[151.21527953950306,-33.567296020153591,0],[151.21523754326356,-33.567281552960537,0],[151.21517235701498,-33.567264781103489,0],[151.21507195141731,-33.567247041419833,0],[151.21503133588837,-33.567242953806961,0],[151.21490799091163,-33.567237978461044,0],[151.21486754606264,-33.567233389346022,0],[151.21481260509981,-33.567222955115234,0],[151.21475804142946,-33.567209472949479,0],[151.2147042395305,-33.567193329078627,0],[151.21465160364471,-33.567174899253537,0],[151.21461745059591,-33.567161408098158,0],[151.21453397824143,-33.567128421226244,0],[151.21450147449951,-33.56711405206007,0],[151.21447229721906,-33.567097432866767,0],[151.21444857810232,-33.567077487285651,0],[151.21443585795788,-33.56706000804553,0],[151.21440988945963,-33.566999698202757,0],[151.21439940162873,-33.566980443475877,0],[151.2143529865763,-33.566915661213592,0],[151.21432569126637,-33.566885174281516,0],[151.21429529407376,-33.566858963595287,0],[151.21426158030116,-33.56683930538825,0],[151.21424696920312,-33.56683379258633,0],[151.21418528818077,-33.566816796836733,0],[151.21415239007837,-33.566804758490598,0],[151.21408825306207,-33.56677687185708,0],[151.21402755838994,-33.566744458200247,0],[151.21390992400342,-33.566596399700636,0],[151.21389283804675,-33.566611118509691,0],[151.21378748452858,-33.566595503727491,0],[151.2136994855633,-33.566594428110591,0],[151.21365204822808,-33.566601455174691,0],[151.21360469982608,-33.566610885721381,0],[151.21355792634589,-33.566622601484418,0],[151.21351217425013,-33.566636504407406,0],[151.21346792773082,-33.566652433558524,0],[151.21342086678973,-33.566672647206182,0],[151.21337507876135,-33.566695801763444,0],[151.2133308241572,-33.566721366531226,0],[151.21328832575946,-33.566748832517661,0],[151.21321312688869,-33.566804471809824,0],[151.21317935023404,-33.566832582988511,0],[151.21314727768339,-33.566862074416491,0],[151.21311767819483,-33.566892973038897,0],[151.21309129736986,-33.566925297566996,0],[151.21307737617792,-33.566948764934743,0],[151.21305558484573,-33.56699951032622,0],[151.21304263203766,-33.567022815995252,0],[151.21302492804006,-33.567042079694836,0],[151.2129860687175,-33.567058833630909,0],[151.21293414070414,-33.567064068720661,0],[151.21281345833395,-33.567059559687117,0],[151.21275590956188,-33.567059604597823,0],[151.21250973254649,-33.567071410121322,0],[151.21244851685142,-33.567076573353212,0],[151.21238411123886,-33.567084640808865,0],[151.21219199483721,-33.567116463014251,0],[151.21212767815783,-33.567125454128735,0],[151.21194338787902,-33.567144466305784,0],[151.21182007075006,-33.567153125827105,0],[151.21176366014348,-33.567154622848577,0],[151.2116503646198,-33.567153636311424,0],[151.2115940977437,-33.567154873599662,0],[151.21153848484113,-33.567159759129126,0],[151.21144436295887,-33.56717585809556,0],[151.21135191733299,-33.567198850839688,0],[151.21130698989069,-33.567212772382632,0],[151.21125337663793,-33.567209383876744,0],[151.21124144521428,-33.567208630875413,0],[151.21120496193569,-33.567279777495678,0],[151.21115122291872,-33.567293716989774,0],[151.21147604204739,-33.567870253034421,0],[151.21149184520985,-33.567970685817265,0],[151.21153889716786,-33.568120536120475,0],[151.21168185506215,-33.568173513604542,0],[151.21196295588081,-33.568205604869213,0],[151.21238538415162,-33.568210803961371,0],[151.2130009133775,-33.568247008975234,0],[151.21321083169312,-33.568321186167459,0],[151.21331566598511,-33.568365441255494,0],[151.21354216720087,-33.568497112826392,0],[151.2138196837416,-33.568729638997901,0],[151.21388803385662,-33.568845040704041,0],[151.2138971319938,-33.568885047061897,0],[151.2139043571436,-33.568916842406409,0],[151.21395536258711,-33.569017714086691,0],[151.21398395686094,-33.569041612018509,0],[151.21401025773582,-33.569068692540874,0],[151.2140335546444,-33.569098076170484,0],[151.2140531594772,-33.569128876688538,0],[151.21406836166676,-33.569160214613817,0],[151.21407831230513,-33.569196482851481,0],[151.21408142227261,-33.569234750297959,0],[151.21407719120768,-33.569353012064234,0],[151.21408427352534,-33.569508966901104,0],[151.21408155701991,-33.569560124702797,0],[151.2140718938424,-33.569609829656194,0],[151.21405938031049,-33.569647541540505,0],[151.21404367506437,-33.569684974970563,0],[151.21402500358124,-33.569721628459348,0],[151.21400363355897,-33.569757036448273,0],[151.21397978867802,-33.56979070493685,0],[151.21395732540606,-33.569891280692296,0],[151.21392058161598,-33.569976752627383,0],[151.21388178607378,-33.570176765891084,0],[151.21361161146388,-33.570517137066545,0],[151.21343251973556,-33.570686780251471,0],[151.21329105034971,-33.570920748830787,0],[151.21326923206809,-33.570956856154623,0],[151.21318816180863,-33.571086923530352,0],[151.21311303480311,-33.571219572202153,0],[151.21307780647095,-33.571286694710103,0],[151.21301442224279,-33.571417156783056,0],[151.21298485868678,-33.571483166906205,0],[151.21293027705013,-33.571616389795707,0],[151.21288542147303,-33.571730385008479,0],[151.21286461649103,-33.571787825653033,0],[151.21284717210654,-33.571845679414814,0],[151.21283479332192,-33.571904008415999,0],[151.21282971065409,-33.571952771942691,0],[151.21282857159031,-33.572001948596586,0],[151.21283048140862,-33.572100812275401,0],[151.21282971963717,-33.572150131802239,0],[151.21282522806075,-33.572199523902178,0],[151.21281181801024,-33.57229853106022,0],[151.21280869905956,-33.57234761770129,0],[151.21281185394287,-33.572396059137304,0],[151.21281987679666,-33.572433044542016,0],[151.21283156567517,-33.572469626508422,0],[151.21287205633828,-33.572578897040195,0],[151.21287762319807,-33.572604301391713,0],[151.21288583379976,-33.57265786067407,0],[151.21289382970411,-33.572680620683244,0],[151.21290799254288,-33.572697158716373,0],[151.21292214729681,-33.572705280284559,0],[151.21293857838165,-33.572711967797787,0],[151.21295625453149,-33.572716942828258,0],[151.21297417412478,-33.572719918715165,0],[151.21299131308211,-33.572720599816016,0],[151.21301934321389,-33.572717668836916,0],[151.21304792940288,-33.572711680388153,0],[151.21307595055154,-33.572702994479727,0],[151.21310231430849,-33.572691950912798,0],[151.21312587172852,-33.572678899218708,0],[151.21315439503542,-33.572651298898478,0],[151.21317454604389,-33.572614439329158,0],[151.21320358049215,-33.572528654153579,0],[151.21321937467152,-33.57248759040683,0],[151.21331331689066,-33.572274857072905,0],[151.21335017656344,-33.572177570613803,0],[151.21336394594007,-33.572145802666512,0],[151.21338057375598,-33.572115271176244,0],[151.21340786906586,-33.57207609861171,0],[151.21343952120495,-33.572038458892706,0],[151.21347451597512,-33.572002459800707,0],[151.21351186972123,-33.571968199387236,0],[151.21355060238136,-33.571935758489005,0],[151.21360382217208,-33.571896164454614,0],[151.2136611553484,-33.571859448269102,0],[151.21372166227272,-33.571825823998552,0],[151.21378436557785,-33.57179554388118,0],[151.21384829598165,-33.571768786805052,0],[151.21393403658229,-33.571739044069872,0],[151.2140226455036,-33.571715074282984,0],[151.21406748401273,-33.57170540253756,0],[151.21429465806656,-33.571699790499714,0],[151.21502751715008,-33.571708790867014,0],[151.21526273202409,-33.571711676972129,0],[151.21549053310204,-33.571771753742965,0],[151.2158397522704,-33.571933562480083,0],[151.21594382389273,-33.572020763601046,0],[151.21608181500181,-33.572179982175044,0],[151.21620169966806,-33.572367615954434,0],[151.21628842572056,-33.572440278455709,0],[151.21649812035562,-33.572528770913983,0],[151.216726415507,-33.572560216132395,0],[151.21718356007023,-33.572594458347801,0],[151.21731978598982,-33.572614645905013,0],[151.21739427608978,-33.572625671518672,0],[151.21783431852668,-33.572631067190507,0],[151.21847693734833,-33.5726638581081,0],[151.21861231974984,-33.572696360855119,0],[151.21870370805868,-33.572714279798575,0],[151.21876005578315,-33.572723226170851,0],[151.21898772211378,-33.572750127404376,0],[151.21918648964183,-33.572776813072501,0],[151.21934603941946,-33.572790169375772,0],[151.21938542695136,-33.572795556804195,0],[151.21945762365243,-33.572810750578071,0],[151.21956489507377,-33.572837848629689,0],[151.21967453355592,-33.572859783787095,0],[151.21971021014735,-33.572868621617417,0],[151.21974436319616,-33.572880131452976,0],[151.21977202591702,-33.572892457109454,0],[151.21982474265116,-33.572921805008434,0],[151.21990280175777,-33.572970425752779,0],[151.21994011867298,-33.572995157871929,0],[151.21995584997029,-33.573005582423605,0],[151.22000679253168,-33.573042729234487,0],[151.22002944444989,-33.573062020032346,0],[151.22007208657811,-33.573103200265457,0],[151.22009433515277,-33.573122634005486,0],[151.2201186992599,-33.573139630010751,0],[151.22014654972864,-33.573153846985399,0],[151.22017646272931,-33.573165625479611,0],[151.22026937458085,-33.573197384818535,0],[151.22037583033188,-33.573243710635602,0],[151.22041161472126,-33.573258429808355,0],[151.22044819681452,-33.573271418544387,0],[151.22049645880318,-33.573283708219051,0],[151.22064647116741,-33.573309129577709,0],[151.22069393545212,-33.573322602557944,0],[151.22075132252738,-33.573346913194875,0],[151.22083494759551,-33.573388156162444,0],[151.22093756754032,-33.573435844816053,0],[151.22100411563483,-33.57346999761787,0],[151.22109130881128,-33.573520966706944,0],[151.22111877390276,-33.573539522414805,0],[151.2211446534678,-33.573559368455427,0],[151.22116934007013,-33.573581536199015,0],[151.22121409683248,-33.573629851950727,0],[151.22127630696255,-33.573704585110093,0],[151.221315274083,-33.573754469551552,0],[151.22148963168976,-33.573993279033893,0],[151.22162432508341,-33.574338607105268,0],[151.22164014621222,-33.574439048829348,0],[151.2216738150691,-33.574525380717994,0],[151.22167473853716,-33.574531261264575,0],[151.22168962721466,-33.574625804262098,0],[151.22172330505472,-33.574712153926612,0],[151.22173911720029,-33.574812595216045,0],[151.22187355906578,-33.575172239188468,0],[151.22189625589968,-33.575217112718924,0],[151.22190773906399,-33.575291819057185,0],[151.22191316219335,-33.575367160755945,0],[151.22191357452007,-33.575404755614059,0],[151.22191034777157,-33.575461883211602,0],[151.22189111933289,-33.575636295451233,0],[151.22188689725107,-33.575696695060735,0],[151.22188615344601,-33.575734845863558,0],[151.22189103039972,-33.575799852026478,0],[151.22189463354235,-33.575822746674085,0],[151.22190165207959,-33.575842655058359,0],[151.22191378023427,-33.575857391750375,0],[151.22192711931791,-33.575865504788489,0],[151.22194303926142,-33.575872165113218,0],[151.22196035788178,-33.575877032186909,0],[151.22197785526683,-33.575879775201543,0],[151.22199432228439,-33.57588004388974,0],[151.22202370617731,-33.575874181397509,0],[151.22205216660214,-33.575865146288017,0],[151.22206560360215,-33.575859570445466,0],[151.22208969012982,-33.575843829353495,0],[151.22211011871778,-33.575822710749179,0],[151.22214907595668,-33.575776635545346,0],[151.22217209528586,-33.575757873750035,0],[151.22219751760838,-33.575745467671553,0],[151.22228196732991,-33.575717473157283,0],[151.22230608889188,-33.575704215352133,0],[151.22233154714704,-33.575678695156746,0],[151.22235050609112,-33.575647132821224,0],[151.22238327842936,-33.575578128389139,0],[151.2224042361249,-33.575546808510737,0],[151.22243389759728,-33.575514654112332,0],[151.22248177420863,-33.57546850764242,0],[151.22253477840371,-33.57542081936333,0],[151.22277268193528,-33.575221702158032,0],[151.22305394534908,-33.575129373703497,0],[151.22328379009429,-33.575074899113048,0],[151.22340777107826,-33.575033449632826,0],[151.22384833274134,-33.574991131190643,0],[151.22387086877688,-33.574984847264687,0],[151.22390379293034,-33.57498831629723,0],[151.22398260482518,-33.575004092722011,0],[151.22401941958216,-33.575006199588145,0],[151.22407580323929,-33.574999207636473,0],[151.22413116461362,-33.574986416000897,0],[151.2241576712027,-33.574977999012333,0],[151.22415546583869,-33.574961486863273,0],[151.22414764959743,-33.574928517940471,0],[151.22413556546019,-33.574896695620708,0],[151.2241264134241,-33.574880076428634,0],[151.22408025798478,-33.574816494611021,0],[151.22405932723868,-33.574779769189327,0],[151.22404655319536,-33.574754840740461,0],[151.2239957902969,-33.574639653505052,0],[151.22356770623315,-33.573961367303596,0],[151.22345087044891,-33.573601938331933,0],[151.2234026524778,-33.573343578818651,0],[151.22340487580809,-33.573218602861672,0],[151.22341320319077,-33.573171326488712,0],[151.22342626379671,-33.57307621905678,0],[151.22343598985628,-33.572950696336576,0],[151.22343722683641,-33.57285634161363,0],[151.22343757628107,-33.572829996520085,0],[151.22343123866673,-33.57268374850937,0],[151.22343437648203,-33.572612306208406,0],[151.22344310720825,-33.57254249475146,0],[151.22345438376001,-33.572472898047401,0],[151.2234756468828,-33.572362031652851,0],[151.22349015018307,-33.572263579929732,0],[151.22350641058802,-33.572187108330681,0],[151.2235842630821,-33.572042636094736,0],[151.22365619927177,-33.571957595077684,0],[151.22371078989156,-33.571858014200657,0],[151.22384644178766,-33.571720362980322,0],[151.22396179894486,-33.571603311742471,0],[151.22401639854783,-33.571503730456762,0],[151.22423244876356,-33.571234281989824,0],[151.22435871506158,-33.571063975981808,0],[151.22446585263395,-33.570979355393604,0],[151.22457979404626,-33.570902265162417,0],[151.2247153291614,-33.570810554822515,0],[151.22492782025193,-33.570741541284789,0],[151.22515765691239,-33.570687066919348,0],[151.22570456742699,-33.570622131754213,0],[151.22624972083696,-33.570657414377628,0],[151.22633797941532,-33.570644165525557,0],[151.22645369589861,-33.570585182249239,0],[151.2264280229461,-33.570530699551838,0],[151.2264132142187,-33.570372995859273,0],[151.226189231879,-33.570098178721324,0],[151.22608667481623,-33.56992508385612,0],[151.22598717472044,-33.569580176744459,0],[151.22590222284069,-33.569407297903162,0],[151.22586854500065,-33.569320956405164,0],[151.22573902500466,-33.568446206639173,0],[151.22571137036869,-33.568259343526734,0],[151.22569656253953,-33.568101631194224,0],[151.22564986900935,-33.567757378477012,0],[151.22562026952079,-33.567441962917748,0],[151.22572790925139,-33.567328712048806,0],[151.22585266997291,-33.567235253884554,0],[151.22600634836184,-33.567157096676524,0],[151.22617546250228,-33.567105947930152,0],[151.22633631214217,-33.567068075502711,0],[151.22644033974697,-33.567069581507823,0],[151.22652102462922,-33.567037239069457,0],[151.22654681346435,-33.566950557622199,0],[151.22654941318882,-33.566823359055775,0],[151.22656678570809,-33.566756640269496,0],[151.22661939464436,-33.566695155795259,0],[151.22663826375694,-33.566623775904993,0],[151.22674717640029,-33.566438938826423,0],[151.22714074898749,-33.566085721941626,0],[151.22719583278237,-33.565957510100631,0],[151.22728536517181,-33.565872674921401,0],[151.22748150602592,-33.565731859882078,0],[151.22783707987662,-33.565535700954868,0],[151.22804954401775,-33.565466678709612,0],[151.22818801931879,-33.565432194138971,0],[151.22859770947883,-33.565330148322829,0],[151.2288101826031,-33.56526112516476,0],[151.22895200143361,-33.565205566467597,0],[151.22900633244032,-33.565120309876676,0],[151.2290609050938,-33.565020729347296,0],[151.22906242863655,-33.564934818358672,0],[151.22908308180322,-33.564763230415309,0],[151.22910195091578,-33.564691858658975,0],[151.22942535340121,-33.564323457327625,0],[151.22951640124853,-33.564152711021883,0],[151.22955490124497,-33.563967013822982,0],[151.22956702041648,-33.563760599629802,0],[151.22958011695496,-33.56353771028197,0],[151.22960253531122,-33.563265895507669,0],[151.22960837166562,-33.56293659520697,0],[151.22968512102855,-33.56257951494991,0],[151.22980575848302,-33.562351632703681,0],[151.22983918479477,-33.562295410413881,0],[151.22987614328215,-33.562240560185757,0],[151.22991633750121,-33.562187537891205,0],[151.22995945483822,-33.5621367836834,0],[151.22999435977692,-33.56210238012401,0],[151.23007172807908,-33.562038225234048,0],[151.23010890216216,-33.562005371893569,0],[151.23014152178675,-33.561969955485949,0],[151.2301635287146,-33.561937604400576,0],[151.23021810136811,-33.56183418684148,0],[151.2302402421449,-33.561801925532045,0],[151.2302677081347,-33.561769959890761,0],[151.23029768311912,-33.561739168724664,0],[151.23032970266911,-33.561709641113374,0],[151.23036012681115,-33.561684148220557,0],[151.23036333559332,-33.561681449668349,0],[151.23039808871675,-33.561654692452066,0],[151.23043210701823,-33.561631197445998,0],[151.2305045094335,-33.56158830502666,0],[151.23067800735251,-33.561491359846372,0],[151.23071211548557,-33.561474552430923,0],[151.23074747766674,-33.561460361978341,0],[151.23081762980217,-33.561439144039802,0],[151.23085397923185,-33.561431094770739,0],[151.2308905613252,-33.561425536709962,0],[151.23092690985646,-33.561423062717815,0],[151.23097536049133,-33.561423538053674,0],[151.23102327303533,-33.561429078149104,0],[151.23104578122312,-33.561434725288343,0],[151.23107503935194,-33.561446727703647,0],[151.23110293563471,-33.561463185546977,0],[151.23112910176232,-33.561482790333038,0],[151.23115322332438,-33.561504259028361,0],[151.23117493470642,-33.561526274166795,0],[151.2311910244315,-33.561546882756595,0],[151.23122914803386,-33.561615366926951,0],[151.23124414540754,-33.561636889485527,0],[151.23126133826372,-33.561655938053256,0],[151.23133757648526,-33.561727918650554,0],[151.2313818319877,-33.561778923865319,0],[151.2314228239108,-33.561831927696851,0],[151.23144209636692,-33.561858990269329,0],[151.23146432697524,-33.561894424687793,0],[151.23152312171058,-33.562004582916195,0],[151.23154561283033,-33.562039865318212,0],[151.23156915228407,-33.562071149674757,0],[151.23174230075841,-33.562270669989815,0],[151.23178998872359,-33.562322418945357,0],[151.2318175265786,-33.562349104842276,0],[151.23190381335496,-33.56242666980642,0],[151.23193023909562,-33.562453983705822,0],[151.23194961036643,-33.562477684339669,0],[151.23200308078714,-33.562551681596055,0],[151.23202305213246,-33.562574907622064,0],[151.23205306394783,-33.562603134705839,0],[151.23208596115188,-33.562629399830954,0],[151.23215447296366,-33.562680225609959,0],[151.23218599035533,-33.562705888878021,0],[151.23218712043601,-33.562706821570416,0],[151.23223943382661,-33.562754698021322,0],[151.23244702191229,-33.562957293285933,0],[151.23256198470912,-33.563079803415071,0],[151.23258407158704,-33.56310118263643,0],[151.23260880310511,-33.5631222931246,0],[151.23271302744095,-33.563202690637105,0],[151.2328050158244,-33.563293119316313,0],[151.23282987310662,-33.563313987977835,0],[151.23285932886478,-33.563333493535957,0],[151.23295480450815,-33.563385466417657,0],[151.23298285260628,-33.563405877696916,0],[151.23300986135359,-33.563432975706249,0],[151.23303330199258,-33.563462942122889,0],[151.23307615881819,-33.563526281540561,0],[151.23309888260164,-33.563557027905517,0],[151.23322682515598,-33.563708358247808,0],[151.23332123360072,-33.563812653845261,0],[151.23334326747801,-33.563839581808473,0],[151.23338604345525,-33.563902553417257,0],[151.23342247283495,-33.56396891361333,0],[151.2334896488519,-33.564104915439479,0],[151.23352709153124,-33.564171105562259,0],[151.23368394366801,-33.564407727388271,0],[151.2337234389978,-33.564472895530002,0],[151.23373798721386,-33.564502683434753,0],[151.23374370588894,-33.564516290279755,0],[151.23377643331139,-33.564593999261291,0],[151.2337918430118,-33.564623373934211,0],[151.23381073009062,-33.564652381816273,0],[151.23389617424715,-33.56476439513029,0],[151.23393489882241,-33.564823934050402,0],[151.23397123926893,-33.564884530602903,0],[151.23400288152652,-33.56494301176744,0],[151.23405700592068,-33.56505571559665,0],[151.23410521490874,-33.565149066834877,0],[151.23415612962242,-33.565241359554541,0],[151.23418332701593,-33.565286753233551,0],[151.23423586408705,-33.565368746834416,0],[151.23429218486208,-33.565448983568075,0],[151.23438162742002,-33.565563364180392,0],[151.23440326693688,-33.56558710962085,0],[151.23442689622206,-33.56560916114465,0],[151.23445857441226,-33.565632628870112,0],[151.23449336346826,-33.565653541877673,0],[151.23460350410863,-33.56571134136523,0],[151.23478272968595,-33.565809353692302,0],[151.23499782050089,-33.565931147182958,0],[151.23503923463215,-33.565956748106139,0],[151.23507479444265,-33.565980869944433,0],[151.23517876725032,-33.56605622126618,0],[151.23521542120881,-33.566078864749571,0],[151.23526156766496,-33.566101041150624,0],[151.23536034192202,-33.566137695412365,0],[151.23540811073562,-33.566157514710838,0],[151.23545155955094,-33.566181896229175,0],[151.23548197381146,-33.566205722339568,0],[151.23550969043126,-33.566232264817927,0],[151.23556309796982,-33.566287617760459,0],[151.23559180992299,-33.566313461097785,0],[151.23563183436048,-33.566343956465424,0],[151.23567375873475,-33.566372811071929,0],[151.23595338990967,-33.566554304671428,0],[151.23610331244242,-33.566647064459588,0],[151.23617973931013,-33.566690602580096,0],[151.23622266800089,-33.566711093917704,0],[151.2363123701719,-33.566747926815403,0],[151.23635459997342,-33.566768489996804,0],[151.23639205972077,-33.566793293504425,0],[151.23641876393921,-33.566818482489495,0],[151.23644210576362,-33.5668465487528,0],[151.23648524106687,-33.566905908091158,0],[151.23650830531184,-33.566934476578012,0],[151.23654264610849,-33.566971927651629,0],[151.23656998633413,-33.567001733407103,0],[151.23661259163148,-33.567045567010837,0],[151.23669479197153,-33.567093533123177,0],[151.23677330742231,-33.567145909434629,0],[151.23684003517991,-33.567196887496998,0],[151.23692324792131,-33.567270805110006,0],[151.23698587936127,-33.567324087010185,0],[151.23705558323738,-33.56738149241238,0],[151.23712713315146,-33.567437176207378,0],[151.23730332960963,-33.567559283272047,0],[151.23745590486737,-33.567671091467005,0],[151.23759849535074,-33.567767382252597,0],[151.23763210132552,-33.567793189967304,0],[151.23765821355414,-33.567817410095216,0],[151.23770645757654,-33.567869652733755,0],[151.23773196883226,-33.567893980624838,0],[151.23776066281908,-33.56791462512026,0],[151.23779684156884,-33.567932033079487,0],[151.23783650668022,-33.567945335491515,0],[151.23796188634103,-33.567977283128307,0],[151.23818692689611,-33.568040290641818,0],[151.23835097633497,-33.568088982997594,0],[151.23845919907222,-33.568123897644547,0],[151.23859471622103,-33.568172285312897,0],[151.23868383628374,-33.568206814447848,0],[151.23872218356658,-33.568223550193842,0],[151.23891998271066,-33.568309846382242,0],[151.23902083656765,-33.568345084292069,0],[151.23905386941726,-33.568357570775106,0],[151.23908548472536,-33.568372002608356,0],[151.23912881675969,-33.568397765232341,0],[151.23916919962502,-33.568427588459599,0],[151.23924599390369,-33.568492586652233,0],[151.23943096600388,-33.568641737701178,0],[151.23948031225905,-33.568680202248387,0],[151.23953112007322,-33.568717196729963,0],[151.23958568374357,-33.568753850629633,0],[151.23969847800728,-33.568823491499131,0],[151.23991585413634,-33.568949632489314,0],[151.24001973801077,-33.56900668876073,0],[151.24011243426659,-33.569052834942489,0],[151.24023374366089,-33.569107085042461,0],[151.24027326594015,-33.569126411150485,0],[151.2403162215804,-33.569150166089983,0],[151.2404416811913,-33.569226153858814,0],[151.24048519288871,-33.569249021058688,0],[151.24053820516855,-33.569271699632402,0],[151.24070408447565,-33.569329822291898,0],[151.24075706082289,-33.569352545753901,0],[151.24079058684762,-33.569370186952575,0],[151.24088811424309,-33.569427529618125,0],[151.240921962763,-33.569444587727077,0],[151.2409566170717,-33.569458607708725,0],[151.24096984835754,-33.56946395866904,0],[151.2410195889731,-33.569480443427011,0],[151.2411208282073,-33.56951085833613,0],[151.24117042599079,-33.569527854303942,0],[151.24131170762877,-33.569586675880352,0],[151.24134763485029,-33.569600139711198,0],[151.24138292606449,-33.569611156727952,0],[151.24149074455988,-33.569640289429074,0],[151.24152525603643,-33.569652498783846,0],[151.24155452404673,-33.569665200642639,0],[151.2416111942664,-33.56969391192635,0],[151.2416953655102,-33.569740148307901,0],[151.24180802502664,-33.569806006273318,0],[151.24187376643408,-33.56984092995625,0],[151.24189471604481,-33.569853399007762,0],[151.241913997484,-33.569867311140847,0],[151.24195689024225,-33.569902378508495,0],[151.24196726129222,-33.569914999493953,0],[151.24197232599377,-33.569927934841978,0],[151.24197169807138,-33.569939507193979,0],[151.24196139888667,-33.569963692289434,0],[151.2419336822669,-33.570008511642527,0],[151.24191754672776,-33.570028743216604,0],[151.2418996819317,-33.570048258485244,0],[151.24183762451526,-33.570109374562499,0],[151.24178596509819,-33.570154740982296,0],[151.24175814068056,-33.570175304849272,0],[151.24172869390557,-33.570193564127933,0],[151.24169145783873,-33.570211976093525,0],[151.24165156814857,-33.570227663573121,0],[151.24160991237048,-33.570240822671011,0],[151.24156736905695,-33.570251677933499,0],[151.24152483472659,-33.570260435194569,0],[151.24147374933298,-33.570266988170076,0],[151.24142147995988,-33.570269247094032,0],[151.24106019641721,-33.570263797383781,0],[151.24093858159577,-33.570263617747678,0],[151.24085774489828,-33.570260910481771,0],[151.24081962039762,-33.570257486168288,0],[151.24063584126014,-33.570233408936843,0],[151.24056590472034,-33.570224239258316,0],[151.2405327820392,-33.570222697380999,0],[151.24050109486586,-33.570225942059658,0],[151.24048059441276,-33.570230782506286,0],[151.24044015764855,-33.570244694578562,0],[151.2404215840817,-33.570253829076186,0],[151.24040501914789,-33.5702644425768,0],[151.24038997685849,-33.570279457160062,0],[151.24035714253651,-33.570336145047442,0],[151.24034365163757,-33.570353266597905,0],[151.24030857512065,-33.570384066668183,0],[151.24026838988476,-33.570410689446639,0],[151.2402376432475,-33.570581399426224,0],[151.24021323422463,-33.570731465999771,0],[151.24020305092253,-33.570803141885754,0],[151.24019375605431,-33.570907070392643,0],[151.24018851168969,-33.570932500684414,0],[151.24017294119088,-33.570981372540643,0],[151.24015157116861,-33.57102884546542,0],[151.24013844768061,-33.571051381361002,0],[151.24011403865768,-33.571080514324592,0],[151.24010672457464,-33.571090329847493,0],[151.24010171377196,-33.571100691757181,0],[151.24010230486346,-33.571119203076655,0],[151.24013368840619,-33.571181475539447,0],[151.24013541856147,-33.571200837858441,0],[151.24013073923712,-33.571213091152572,0],[151.24009847714203,-33.571260107380098,0],[151.24007958108001,-33.571302731532136,0],[151.24007198043438,-33.571324711239598,0],[151.24006052421959,-33.571369199060555,0],[151.24005605959263,-33.571413956309094,0],[151.24005856948548,-33.571459735200676,0],[151.24007968887787,-33.571598695166031,0],[151.24009324265887,-33.571700480590287,0],[151.24010006446517,-33.571768410324268,0],[151.24010015339834,-33.571808291081382,0],[151.24009319774308,-33.571928219906006,0],[151.24009602114802,-33.571967679201286,0],[151.24010708300241,-33.572019912592324,0],[151.24012911687976,-33.572097719606163,0],[151.24015392834787,-33.57219421727099,0],[151.24017351521437,-33.572257807756301,0],[151.24021892684857,-33.572368082248452,0],[151.24023283007423,-33.572404529518678,0],[151.24027869805266,-33.572524889378812,0],[151.24029824000328,-33.572568534559487,0],[151.24032846651602,-33.572621565448891,0],[151.24045108475565,-33.572812946564696,0],[151.24047142351202,-33.572840089523311,0],[151.24048956678575,-33.572860625806051,0],[151.24054820072274,-33.572919868740513,0],[151.24056466684186,-33.572941077870304,0],[151.24057516365593,-33.572958503527573,0],[151.24061048181969,-33.573031425995474,0],[151.24066703615668,-33.57311950619529,0],[151.24067971138535,-33.573142041545125,0],[151.2406888634215,-33.573164379295946,0],[151.24070282952917,-33.573211099568255,0],[151.24071187376748,-33.573233007686312,0],[151.24072512212129,-33.573252325386171,0],[151.24075270489209,-33.573274457282615,0],[151.24078869499567,-33.573292331198651,0],[151.24082980369963,-33.573306369266845,0],[151.24087275035674,-33.573317036281104,0],[151.24091425342124,-33.573324772335532,0],[151.24095383858253,-33.573329074467658,0],[151.24099460682507,-33.57332988130451,0],[151.24103584129324,-33.573327829034831,0],[151.24111691155269,-33.573317681451307,0],[151.241151171501,-33.573310931863062,0],[151.24118505505518,-33.573302299155394,0],[151.24125178281278,-33.573281449373972,0],[151.24131378722865,-33.573259334693851,0],[151.24139955477872,-33.573223228333006,0],[151.24142876799181,-33.57321248945518,0],[151.24149964596597,-33.573191334281027,0],[151.24160841487893,-33.573165213078887,0],[151.24172990393626,-33.573141153872946,0],[151.24181167308498,-33.573128236969389,0],[151.24193603944622,-33.573114844792364,0],[151.2420259033139,-33.573102169637195,0],[151.24204482632538,-33.573097992486446,0],[151.24206257523878,-33.57309193296043,0],[151.24207521453488,-33.573084851038601,0],[151.24211004850665,-33.573058559903934,0],[151.2421229204663,-33.573052929990986,0],[151.24214550051929,-33.573049658473991,0],[151.24217177444473,-33.573050725028963,0],[151.24219862149531,-33.57305558402868,0],[151.24222294068667,-33.573063704814729,0],[151.24224161306822,-33.573074551489242,0],[151.24225028091234,-33.573085236495167,0],[151.24226701652611,-33.57312530525563,0],[151.2422761326296,-33.5731348338863,0],[151.24228962352856,-33.573140786379646,0],[151.24230584889918,-33.573144057893181,0],[151.2423592914721,-33.573145985174591,0],[151.24238312736983,-33.573144345301358,0],[151.24245486593009,-33.573129715924239,0],[151.24247878177789,-33.573127743734922,0],[151.24252202398077,-33.573127358278562,0],[151.24254364463297,-33.573128532610646,0],[151.24256178790682,-33.573132064588357,0],[151.2425738540777,-33.573139064924298,0],[151.24257848848626,-33.573147419970084,0],[151.2425819658647,-33.573179026630221,0],[151.24258475423537,-33.573189048489041,0],[151.24259647006329,-33.573208186568756,0],[151.24261318771076,-33.573226463917415,0],[151.24263341956757,-33.57324328027228,0],[151.24265565017589,-33.573258026389603,0],[151.24267840989194,-33.573270109491844,0],[151.2427060366802,-33.573280230136504,0],[151.24273654975542,-33.573286871949257,0],[151.24276869506954,-33.573290655402225,0],[151.2428012068963,-33.573292232402252,0],[151.2428495766828,-33.573291031876344,0],[151.24289975747288,-33.573283958952352,0],[151.24291638528882,-33.573283456737272,0],[151.24294570629968,-33.573285268004668,0],[151.24297441825277,-33.573290162168703,0],[151.24298764864031,-33.573294438106544,0],[151.24300803321069,-33.573308673018701,0],[151.24302388128896,-33.573330437408238,0],[151.24305179553807,-33.573382285267932,0],[151.2430687817818,-33.573405214985755,0],[151.2431145338775,-33.573453288336381,0],[151.24313177164956,-33.573466555468698,0],[151.24314477835654,-33.573473135145321,0],[151.24315073059364,-33.573476146932009,0],[151.24316228562307,-33.573479050940975,0],[151.24319922614418,-33.573483380758276,0],[151.24321007240297,-33.573486957628823,0],[151.24322379596555,-33.573500923065183,0],[151.24323168407204,-33.57352361998182,0],[151.24324338193367,-33.573607021088591,0],[151.24326589101975,-33.573681529731509,0],[151.24326879527308,-33.573705266203206,0],[151.24326477890546,-33.573726922715402,0],[151.24325915006185,-33.573737258861186,0],[151.2432280360137,-33.573776242810126,0],[151.24321994129465,-33.573791884734845,0],[151.24320032837704,-33.573840900172151,0],[151.24319069214903,-33.57385543063301,0],[151.24317997973924,-33.57386602572798,0],[151.24314147075961,-33.573894074731257,0],[151.24313014030895,-33.573904401127116,0],[151.24311809300266,-33.573918859725858,0],[151.24310745245813,-33.573934322744734,0],[151.24308916635221,-33.573966924557482,0],[151.24306045439911,-33.574026293220946,0],[151.24305190243763,-33.574048299927654,0],[151.24304574448632,-33.574070440601439,0],[151.24304293904771,-33.574092528129576,0],[151.24304474016981,-33.574120522422369,0],[151.24306046338228,-33.574191732204177,0],[151.24306888957966,-33.574221331140471,0],[151.2430794492758,-33.574250320828924,0],[151.24309294915787,-33.574277777684209,0],[151.24311015099727,-33.574302760159121,0],[151.24313070534927,-33.574325564641534,0],[151.24315472899491,-33.574347777095241,0],[151.24318139638245,-33.574367757670757,0],[151.24320987477361,-33.574383812631595,0],[151.2432393395149,-33.574394300633656,0],[151.2432601804295,-33.57439660435648,0],[151.24332635302824,-33.574392731886711,0],[151.24334652200298,-33.574395833455092,0],[151.24337128945371,-33.574408015193178,0],[151.24339344819683,-33.574426839403081,0],[151.24341373395256,-33.574449688759529,0],[151.2434687368991,-33.574518657419837,0],[151.24351500013623,-33.574586694209351,0],[151.24353282899969,-33.574607768209368,0],[151.24354827373438,-33.574622576963002,0],[151.24359876803652,-33.574664214500388,0],[151.24363260757323,-33.574695956073761,0],[151.243667261882,-33.57473148027681,0],[151.24368281441446,-33.574750098593789,0],[151.24369632327969,-33.574769550674191,0],[151.24370898952523,-33.574795922119797,0],[151.24371747860468,-33.57482404267153,0],[151.24373122013355,-33.574881850988788,0],[151.24374113394103,-33.57490971105419,0],[151.24375476857045,-33.574934173926586,0],[151.24378813200005,-33.57498163794169,0],[151.24380203522571,-33.575005580626026,0],[151.24381016587739,-33.575030285966641,0],[151.24381538239419,-33.575074128217715,0],[151.24381373308734,-33.575087942212008,0],[151.24380876720045,-33.575100034787901,0],[151.24379548291401,-33.575112996302884,0],[151.24377483873045,-33.575124712409085,0],[151.24375055547173,-33.575133792502562,0],[151.24372633419671,-33.575138839243841,0],[151.24370594154149,-33.575138453796463,0],[151.24370371821112,-33.575265186557374,0],[151.24371024447166,-33.575290151532414,0],[151.24373857014919,-33.575398463485385,0],[151.2437573952443,-33.575488031411027,0],[151.24376386670758,-33.57553045813313,0],[151.24377274116432,-33.575615920742855,0],[151.24378222467874,-33.575675280039412,0],[151.24382621158495,-33.575771830586177,0],[151.24388964971203,-33.575917459648579,0],[151.24391233756282,-33.575975160955871,0],[151.24395438770125,-33.576091683859346,0],[151.24397760376152,-33.5761490796896,0],[151.2440048451725,-33.57620497038441,0],[151.24405057031876,-33.576288263371708,0],[151.24407574201135,-33.576329031925404,0],[151.24410387994095,-33.576367756495216,0],[151.24413607825565,-33.576403370570318,0],[151.24417107392418,-33.576435999142447,0],[151.24420944815651,-33.576467901725159,0],[151.24425071855731,-33.576496882426433,0],[151.24429433715426,-33.576520735627362,0],[151.24433981167056,-33.576537283402786,0],[151.24436488365009,-33.576541559179766,0],[151.24444335418517,-33.576545700239265,0],[151.2444676733765,-33.576551015584108,0],[151.24450095685609,-33.576567124025814,0],[151.24453100460408,-33.576590215306709,0],[151.24464675612168,-33.576703510907016,0],[151.24465810453867,-33.576712968042067,0],[151.24467068993582,-33.57672064990534,0],[151.24469980523247,-33.57672945291268,0],[151.2447360369828,-33.576732653189552,0],[151.24477437618086,-33.576730546365575,0],[151.24480978417606,-33.576723401874318,0],[151.24483728520019,-33.576711489148593,0],[151.24489447554441,-33.576716912256835,0],[151.24496222558483,-33.576731729629799,0],[151.24503010947424,-33.576751038313951,0],[151.24509610240992,-33.576774936350276,0],[151.24515813287698,-33.576803540489621,0],[151.24521417607258,-33.576836948771223,0],[151.24526635561418,-33.576889002587279,0],[151.2453064240691,-33.576954619344846,0],[151.24534282739768,-33.57702339964581,0],[151.24538399898378,-33.577084955349186,0],[151.2454383560416,-33.577128878883329,0],[151.24550074583476,-33.577146645725001,0],[151.24550463553993,-33.577146869503814,0],[151.24557269909232,-33.577150858604199,0],[151.2456478799968,-33.577150536033436,0],[151.24571996890003,-33.577154668082628,0],[151.2457826263911,-33.577172264278353,0],[151.24581767595853,-33.577192953705719,0],[151.24584984732385,-33.577217783406965,0],[151.24594111885159,-33.577299633954603,0],[151.2463257361338,-33.577622713243748,0],[151.24646470460991,-33.577732136665674,0],[151.24650965900165,-33.57776956135109,0],[151.24657073994945,-33.577827836205415,0],[151.24675468078362,-33.578026854595045,0],[151.24678995403158,-33.578068169419744,0],[151.24682208048105,-33.578110990785561,0],[151.24686617518512,-33.578183437399154,0],[151.24690303485789,-33.578259730053894,0],[151.24693432767077,-33.57833854105359,0],[151.24696056566361,-33.578418428199328,0],[151.24698681174127,-33.578498324252038,0],[151.24701018141334,-33.578582899300606,0],[151.24704004051509,-33.578710832693524,0],[151.24705841645257,-33.578773473136366,0],[151.24707275895435,-33.578814716504738,0],[151.24708061112824,-33.578837287788168,0],[151.24709990155071,-33.578900681038562,0],[151.24710954676186,-33.578962030339227,0],[151.24710282377026,-33.579019722875465,0],[151.24708017185213,-33.579070781490053,0],[151.24704579512283,-33.579120953212168,0],[151.24700272270158,-33.579168408189275,0],[151.24695224726406,-33.579212564914279,0],[151.24759544819403,-33.581000368294674,0],[151.24772964841262,-33.581373386362287,0],[151.24836970344245,-33.583152359840312,0],[151.2491470956079,-33.585313189654151,0],[151.24992453268905,-33.587474011004247,0],[151.25011352025848,-33.587999263924715,0],[151.25014367490598,-33.587975939972509,0],[151.2502093983471,-33.587934732412428,0],[151.25027974811192,-33.587897630175924,0],[151.25035275060185,-33.58786425760605,0],[151.25042641694668,-33.587834192648167,0],[151.25049927570612,-33.587807488437328,0],[151.25057451050952,-33.587783536582869,0],[151.25065138563659,-33.587763296448692,0],[151.25072913931598,-33.587747725902673,0],[151.25080699989491,-33.587737767097579,0],[151.25087539492571,-33.587733732838309,0],[151.25094484817191,-33.587733455207008,0],[151.25101446221652,-33.58773690651546,0],[151.25108338635502,-33.587744032883329,0],[151.25115072406871,-33.587754798389703,0],[151.25129566274828,-33.587834542118934,0],[151.2513390307152,-33.587820845407926,0],[151.25138375154498,-33.58780918266018,0],[151.25142935182544,-33.587799663132927,0],[151.25147537251746,-33.587792375129979,0],[151.25152134829369,-33.58778741818012,0],[151.25157507024261,-33.587784200353227,0],[151.25162991149239,-33.587783617402692,0],[151.25168472579276,-33.587786262007448,0],[151.25173837587641,-33.587792752289211,0],[151.25178970381515,-33.587803696640769,0],[151.25185037153787,-33.587825829295817,0],[151.25190808200668,-33.587856620137877,0],[151.25196347033042,-33.58789297855111,0],[151.2520699620141,-33.587969978774005,0],[151.25211280087339,-33.588001334553773,0],[151.25219514404563,-33.588067417303058,0],[151.25230500710649,-33.588160561812771,0],[151.25239207362051,-33.588237562545189,0],[151.25242231809946,-33.588262142120563,0],[151.25246250423368,-33.588291149542613,0],[151.25246815104356,-33.588294797638888,0],[151.25258886036329,-33.588372954416315,0],[151.25262846259258,-33.588402401068748,0],[151.25266162929117,-33.588432108128686,0],[151.25272307764988,-33.588495904413115,0],[151.25275483758671,-33.588526677804566,0],[151.25278959969327,-33.588554511015502,0],[151.25283364858319,-33.588580828859428,0],[151.25288148926202,-33.588603274863175,0],[151.25297987814179,-33.588645692892804,0],[151.25302609646317,-33.588670226704139,0],[151.25306517946623,-33.588697719381329,0],[151.25313806517514,-33.588759463566682,0],[151.25317589323177,-33.588787735968175,0],[151.25321732443098,-33.588810279948405,0],[151.25327418329687,-33.588828181328225,0],[151.25333592720128,-33.588838247765906,0],[151.25352995252291,-33.588852150852446,0],[151.25362201277153,-33.588860881531637,0],[151.25371436856591,-33.588867802017973,0],[151.25399206387132,-33.588883641009581,0],[151.25421636960456,-33.588890848101528,0],[151.25429088665399,-33.588894595699294,0],[151.25436488447716,-33.588901389716469,0],[151.25444588287144,-33.588913347903777,0],[151.25452629017417,-33.588928828440842,0],[151.25476630025514,-33.588981976492512,0],[151.25491122995155,-33.589013135096032,0],[151.25521791478954,-33.58907907414109,0],[151.25543215400165,-33.589121536087688,0],[151.25573609538478,-33.589176369236824,0],[151.25583673364599,-33.589196851495018,0],[151.25594440032611,-33.589221054392439,0],[151.25615843382403,-33.589273691162262,0],[151.25637144414083,-33.589329250083622,0],[151.25646647152487,-33.589355657489392,0],[151.25665548604371,-33.589411520923235,0],[151.25675046851205,-33.589437785375218,0],[151.25684647236477,-33.589460805115408,0],[151.25695528619343,-33.589481583639653,0],[151.25706529208648,-33.589498453699377,0],[151.25728675644842,-33.589527622342175,0],[151.25752271512749,-33.589560888007696,0],[151.25760099791455,-33.589571922681259,0],[151.25770284620654,-33.589586489406031,0],[151.25780374497924,-33.589603726868425,0],[151.25790300342828,-33.589625527557757,0],[151.25796281056495,-33.589642657254942,0],[151.25813953523249,-33.589701541451532,0],[151.25819971067838,-33.589717112393267,0],[151.25827274910091,-33.589730235593962,0],[151.2583470334867,-33.589739342586711,0],[151.25857203002431,-33.589759807500023,0],[151.2587951877106,-33.589787882766991,0],[151.25886967870886,-33.589796156879743,0],[151.25894435745508,-33.589802512313724,0],[151.2590336922151,-33.58980599871019,0],[151.25930281849114,-33.589804851544315,0],[151.25939205443646,-33.589808804888825,0],[151.25947577831928,-33.589816746748042,0],[151.25955924169068,-33.589827270290307,0],[151.25980889788113,-33.589864614150649,0],[151.26007634700247,-33.589909111871449,0],[151.26016562786364,-33.589922737161146,0],[151.26017163399962,-33.589923445065523,0],[151.26025533991611,-33.589933332528553,0],[151.26030618366289,-33.589936532315797,0],[151.26040863292772,-33.589939051137932,0],[151.26045924311256,-33.589942260653039,0],[151.26050878699715,-33.58994937785895,0],[151.26055844766265,-33.589960735005718,0],[151.26060774091721,-33.589974925263476,0],[151.26065606578791,-33.589991723388728,0],[151.26070285723446,-33.590010951281549,0],[151.2607475160805,-33.590032393426341,0],[151.26080801402162,-33.590028153488461,0],[151.26109937899071,-33.589989151437891,0],[151.26127084222566,-33.589962841506733,0],[151.2613567795573,-33.589942923658469,0],[151.26144005518077,-33.589914983138371,0],[151.26152228157204,-33.589883851051567,0],[151.26160298442053,-33.589849733929313,0],[151.26168169750068,-33.589812802383683,0],[151.26175798962109,-33.589773253966108,0],[151.26183365471749,-33.589725655157906,0],[151.26190473840595,-33.589671942586179,0],[151.26197455906308,-33.589616706409721,0],[151.2620464144043,-33.589564491151279,0],[151.26212364795913,-33.58951987801197,0],[151.26219301137385,-33.589490439972401,0],[151.26226559255386,-33.589465717070091,0],[151.26241401849333,-33.589420763395125,0],[151.26248670747114,-33.589395717947802,0],[151.26256014025407,-33.589366450482423,0],[151.26263013069277,-33.589336241622611,0],[151.26277723880372,-33.589272740797234,0],[151.26300406341298,-33.589177883836022,0],[151.26305630583664,-33.589159481154418,0],[151.26310984722417,-33.589145945542569,0],[151.26316398958465,-33.589142359592863,0],[151.26328099694706,-33.589150713837761,0],[151.26333125768718,-33.589149289036456,0],[151.2633676152017,-33.589135206400989,0],[151.26338651126372,-33.589113047890628,0],[151.263399402088,-33.589085465547299,0],[151.26340828552787,-33.589054665415624,0],[151.26342655366747,-33.588966540115997,0],[151.26343049816992,-33.588913796148709,0],[151.26343414622826,-33.588888006721859,0],[151.26344174777216,-33.588863365214038,0],[151.26346988570185,-33.588821099949307,0],[151.26351216850398,-33.588782743155981,0],[151.26356306614966,-33.588747164870824,0],[151.26374977648982,-33.588626751303991,0],[151.26383411931192,-33.588577064036542,0],[151.26393089391917,-33.588526040979637,0],[151.26404150078511,-33.588475224430468,0],[151.26415443788093,-33.588428127781341,0],[151.26425300552552,-33.588392146001915,0],[151.26455721640318,-33.588298938882751,0],[151.26465568523309,-33.588262814118814,0],[151.26477585646185,-33.588212678393255,0],[151.26481337998962,-33.588197018128923,0],[151.26489076625811,-33.588161610969443,0],[151.26496569563426,-33.58812337960218,0],[151.26503705780041,-33.588081454464771,0],[151.2650964535087,-33.588040184843692,0],[151.2651527473343,-33.58799549009651,0],[151.26544889044243,-33.587741460117151,0],[151.26549466050446,-33.587705191439987,0],[151.26554317312304,-33.58767204329552,0],[151.26560176214423,-33.587639951784652,0],[151.26566393634167,-33.587611993307036,0],[151.26579227325638,-33.587560414415684,0],[151.26599136327957,-33.587470550705248,0],[151.26605886179169,-33.587438441907736,0],[151.26612380639349,-33.587403760322061,0],[151.26618460886351,-33.587365062405951,0],[151.26624646056572,-33.587314236941282,0],[151.26630205460378,-33.587257360398567,0],[151.26640796417908,-33.587137987186537,0],[151.26646500180973,-33.587081738383176,0],[151.26651234122855,-33.587041014570907,0],[151.266829110554,-33.586787423302177,0],[151.26690531284291,-33.586726414821456,0],[151.26700258062522,-33.586643982024533,0],[151.26714725070843,-33.586514847328473,0],[151.2671982741183,-33.586474437552745,0],[151.26729890339644,-33.586402877951684,0],[151.26735106497171,-33.586368823810467,0],[151.26740448149346,-33.586336347165847,0],[151.2674591969791,-33.586305744364061,0],[151.26752194520003,-33.586273384437504,0],[151.26758640471155,-33.586242727732561,0],[151.26765239764728,-33.586214347483676,0],[151.26771972637781,-33.586188826654364,0],[151.26778820225692,-33.586166730996709,0],[151.26787135211626,-33.586146140257298,0],[151.267956922037,-33.586131009446952,0],[151.26804398046608,-33.586119588934984,0],[151.26827201510602,-33.586094785741935,0],[151.26839410423801,-33.586081501093737,0],[151.26845265732655,-33.58607751240617,0],[151.26851112956669,-33.586076311309768,0],[151.26857308816849,-33.586078193401605,0],[151.2686352443996,-33.586082648309102,0],[151.26869724791712,-33.586089461256385,0],[151.26875878610736,-33.586098433931078,0],[151.26881951671211,-33.586109343325312,0],[151.26888227391623,-33.586123246851585,0],[151.26894440319788,-33.586139812242777,0],[151.26900587850602,-33.586158466264351,0],[151.26912676659043,-33.586199825838612,0],[151.26920757633846,-33.586230725022709,0],[151.26921849446245,-33.58623536775697,0],[151.2692870601731,-33.586264518794351,0],[151.26936527109498,-33.586300634666479,0],[151.26944227198626,-33.586338525596375,0],[151.26958477173977,-33.586413222307883,0],[151.26965077365864,-33.586449876176658,0],[151.26971569131095,-33.586487883034216,0],[151.26977908452227,-33.586527459149814,0],[151.26984052299949,-33.586568864196082,0],[151.26993224278658,-33.58663577121856,0],[151.26997662315492,-33.586670694827241,0],[151.27001942608155,-33.58670681052935,0],[151.27006022127355,-33.58674428894507,0],[151.27014326333503,-33.586826901247818,0],[151.27018192502825,-33.586870287005809,0],[151.27021633769013,-33.586915339293796,0],[151.27024473613125,-33.586962302067704,0],[151.27026441193092,-33.587014409643608,0],[151.27027529412223,-33.587069592109117,0],[151.2702917880892,-33.587182170515412,0],[151.27030794967945,-33.587236070973042,0],[151.2703202844466,-33.587262380239139,0],[151.27036271996235,-33.587339757437682,0],[151.27037403244674,-33.58736625450436,0],[151.27038340906162,-33.587415090863843,0],[151.27038171483903,-33.587519081685357,0],[151.27038585607244,-33.587568033950056,0],[151.27038871541001,-33.587574980731745,0],[151.27040348820489,-33.587610828151973,0],[151.27042192702439,-33.587634384934496,0],[151.27044361055871,-33.587656938944441,0],[151.27046789471578,-33.58767794090631,0],[151.27049411384399,-33.587696819095164,0],[151.27052163373276,-33.587713017501329,0],[151.27057195735495,-33.587729564627359,0],[151.27062986455479,-33.587735418082588,0],[151.27075394345505,-33.587737838937457,0],[151.27081286395455,-33.587745816158943,0],[151.2708730932994,-33.587766317465075,0],[151.27092010034158,-33.587782326530252,0],[151.2710217249531,-33.587834909549663,0],[151.27122003523851,-33.587957231715734,0],[151.27132266326819,-33.588011454967678,0],[151.2714640616872,-33.588073629185175,0],[151.27160772745395,-33.588132200154611,0],[151.27168027270133,-33.588160077644183,0],[151.2717315916569,-33.5881779342592,0],[151.27183593187544,-33.58821083226772,0],[151.27188700020105,-33.588228831802894,0],[151.27193603294421,-33.58824982539393,0],[151.27200508194852,-33.588289598259792,0],[151.27206905816638,-33.588336587973757,0],[151.27219259089105,-33.588437522268805,0],[151.27225758849343,-33.588484116786212,0],[151.27231783580456,-33.588520421055563,0],[151.27250425958223,-33.588623166081028,0],[151.27256312618283,-33.588660734211551,0],[151.27260847493494,-33.588694384849838,0],[151.27273794193036,-33.588801988529688,0],[151.27282443531917,-33.588868922256687,0],[151.27286883365377,-33.588906221632548,0],[151.27291277474586,-33.588940329399747,0],[151.27295298693124,-33.588963573020813,0],[151.27298624346142,-33.588968252275805,0],[151.27301122650775,-33.588958777775716,0],[151.2730356355307,-33.58894388841825,0],[151.27305802693741,-33.58892524323042,0],[151.27307694994886,-33.588904572330577,0],[151.27309096097238,-33.588883542979367,0],[151.27309475276121,-33.588848520739468,0],[151.27307914632976,-33.588805726403123,0],[151.27305177915466,-33.5887587638843,0],[151.27299224959742,-33.588666722301973,0],[151.27296612838552,-33.588630570004071,0],[151.27290265432589,-33.58855902865443,0],[151.27288070219529,-33.588524911756572,0],[151.27287553867905,-33.588492749472003,0],[151.2728803078349,-33.58847821848218,0],[151.27290512828617,-33.588435962008674,0],[151.27291129611891,-33.588421440737569,0],[151.27291236241919,-33.588371564773553,0],[151.27289274051839,-33.588317207797324,0],[151.27286111532885,-33.58826032218758,0],[151.27282616457612,-33.588202907472208,0],[151.2727965839521,-33.588146936993084,0],[151.27267689691519,-33.587892852831523,0],[151.27261455203785,-33.587748335045049,0],[151.27256657751013,-33.587626694314345,0],[151.27253850156424,-33.58754648418099,0],[151.27246409231259,-33.587303300759302,0],[151.27243728029629,-33.587222741600371,0],[151.27235654241352,-33.587015324113281,0],[151.27233943849049,-33.586962849103493,0],[151.27232246122998,-33.58690029841911,0],[151.27230785013191,-33.586837155752356,0],[151.27230392359579,-33.58681697825677,0],[151.27229548841524,-33.586773610432168,0],[151.27227707654518,-33.58664600778561,0],[151.2722675391318,-33.586542653499727,0],[151.27226389017514,-33.586439002746026,0],[151.27226668752891,-33.586349784437033,0],[151.27227202082673,-33.586274549610607,0],[151.27227747988874,-33.586237384547509,0],[151.27228595100186,-33.586200901211221,0],[151.27229898465833,-33.586162741564678,0],[151.27231546874381,-33.586125191803497,0],[151.27235474937623,-33.58605161511791,0],[151.27240636387751,-33.585963956713201,0],[151.27243955752553,-33.585913247165479,0],[151.27247494755454,-33.585863505950933,0],[151.27251239921696,-33.585814912675012,0],[151.27255176878265,-33.585767681367507,0],[151.27258524899327,-33.585675200306113,0],[151.27260428878574,-33.585575162297452,0],[151.27264014414195,-33.585489681112321,0],[151.27261294764676,-33.585131113611126,0],[151.27248348963454,-33.584756822365797,0],[151.27245832782341,-33.58464782917671,0],[151.27242042879988,-33.584483734833867,0],[151.27238794302431,-33.58439732160614,0],[151.27234197533289,-33.58412446717427,0],[151.27229433228345,-33.583937550441924,0],[151.27229628611917,-33.583837279173544,0],[151.2722654586336,-33.583664928795251,0],[151.27225200456559,-33.583478478049848,0],[151.2722542359808,-33.583363882443741,0],[151.27232956061567,-33.583006704070101,0],[151.27241963019759,-33.582920371684367,0],[151.27252116587584,-33.582823050076193,0],[151.27282708804421,-33.582584742488621,0],[151.27295506742948,-33.58248505413134,0],[151.2731970852451,-33.582345054232,0],[151.27345444987904,-33.582299688231863,0],[151.2739517536271,-33.582212011048014,0],[151.27425934396689,-33.582216179525524,0],[151.27449690703705,-33.582305361696065,0],[151.27458067583558,-33.582392473759256,0],[151.27478183647548,-33.582595786286554,0],[151.27498382176876,-33.582756133361883,0],[151.27512619665646,-33.582818244760958,0],[151.27518721472217,-33.582844859214219,0],[151.27530655231439,-33.582860806329066,0],[151.27540852637048,-33.582890844581662,0],[151.27561358659707,-33.582893623295377,0],[151.27633046285501,-33.582946313318089,0],[151.2764506340838,-33.582919287290409,0],[151.27689938838233,-33.582696110635489,0],[151.27709014203961,-33.582555412094294,0],[151.27709997499875,-33.582543472483565,0],[151.2772301857992,-33.582385365658865,0],[151.27733577287935,-33.582229186371428,0],[151.2773617773102,-33.582138121196031,0],[151.27737245378739,-33.582100723101533,0],[151.27747860500955,-33.58191591317329,0],[151.27784440707805,-33.581562651844848,0],[151.2781906141953,-33.581338076686656,0],[151.27839789685387,-33.581226259999106,0],[151.27894805208334,-33.581061771483583,0],[151.27905140684999,-33.581020169213204,0],[151.27917185565826,-33.580978818382107,0],[151.27937913023194,-33.580866992996768,0],[151.27944277407323,-33.580818067614445,0],[151.27970880744965,-33.580613545236083,0],[151.27991553494937,-33.580530368682119,0],[151.28074186104323,-33.580226310321862,0],[151.28084439115656,-33.58022769111507,0],[151.28119003323346,-33.580031764946725,0],[151.28136423902492,-33.579862184282469,0],[151.28160972703253,-33.5795814056399,0],[151.28166139543271,-33.579522315461375,0],[151.28171459635874,-33.579422734330286,0],[151.28225624454251,-33.578813936661867,0],[151.28230944636687,-33.578714356210291,0],[151.28239627123401,-33.578643890338221,0],[151.28265979381925,-33.578274905652457,0],[151.28279982051083,-33.578104859015156,0],[151.28294179205488,-33.577834541283799,0],[151.28297908202069,-33.577664091129122,0],[151.28297929761638,-33.577663105460495,0],[151.28299971722106,-33.57749143578927,0],[151.28293828682871,-33.577132410697345,0],[151.28275920498186,-33.576671500637744,0],[151.28270988477783,-33.576570530126709,0],[151.28254955526251,-33.57602389823294,0],[151.28251870981066,-33.57585155620027,0],[151.28250522789483,-33.57566509680683,0],[151.28251694462108,-33.575462556057992,0],[151.28253090983048,-33.575221272553009,0],[151.28253284659823,-33.575121000886938,0],[151.28262687864895,-33.574678099662627,0],[151.28271591786324,-33.574493029845975,0],[151.28278980788863,-33.574207463867559,0],[151.28282122646573,-33.57413375352656,0],[151.28286465731472,-33.574022134077758,0],[151.28290977250495,-33.573879615379873,0],[151.28292372064635,-33.573844835536732,0],[151.28295455711512,-33.573781916834619,0],[151.28299029658871,-33.573720729260323,0],[151.28301008827103,-33.573691148115266,0],[151.28302856302321,-33.573667832271028,0],[151.28308909689687,-33.573600414477859,0],[151.28310493689028,-33.57357630150446,0],[151.28311517319295,-33.573552538052908,0],[151.2831350017062,-33.573477123666997,0],[151.2831444142538,-33.573452938807364,0],[151.28316740663351,-33.573413506386984,0],[151.28319591197408,-33.57337580363226,0],[151.28322810130567,-33.573339427875588,0],[151.28333017417646,-33.573235929666453,0],[151.28347525658643,-33.573109036001384,0],[151.28352809908466,-33.573056614657531,0],[151.28357461295178,-33.573010476603514,0],[151.28360873905115,-33.572978583221385,0],[151.28364507051447,-33.572948760069288,0],[151.28368927121971,-33.57291911578897,0],[151.28383328643113,-33.572840851457038,0],[151.28387921818992,-33.572812606014594,0],[151.28391598803111,-33.572786323778551,0],[151.28402179969009,-33.57270279763403,0],[151.28409281151332,-33.572650725575762,0],[151.28419980625353,-33.572577830479403,0],[151.2843203628596,-33.572500237959062,0],[151.28440677540007,-33.572448883556397,0],[151.28445161301084,-33.572425577106657,0],[151.2845646758708,-33.572378875120876,0],[151.28459166665186,-33.572365572643484,0],[151.28464226785349,-33.572334306237487,0],[151.28471366595227,-33.572282082018276,0],[151.28476236721701,-33.572236043096346,0],[151.28477939927487,-33.572222740596949,0],[151.28479834923576,-33.572213552418042,0],[151.28482580534413,-33.572210316047176,0],[151.28485664181289,-33.572214627964946,0],[151.28492276859754,-33.572232349413184,0],[151.28492808482744,-33.57223343468992,0],[151.28495522742375,-33.57223896511023,0],[151.28499257128843,-33.5722421924984,0],[151.28506841604781,-33.572245150438476,0],[151.28510516792275,-33.572248951151828,0],[151.28514001986079,-33.572257009891004,0],[151.28517516734465,-33.572270060900436,0],[151.28521003724904,-33.572286500963088,0],[151.28524287246927,-33.572305916923789,0],[151.28527196081649,-33.572327915087499,0],[151.28529552721969,-33.572352108495451,0],[151.28530755655962,-33.572369184738193,0],[151.28532613012646,-33.57240664542983,0],[151.28533997047001,-33.572445647942828,0],[151.28534614638758,-33.5724775505034,0],[151.28534798434066,-33.572577068543332,0],[151.28535526338939,-33.572608487547946,0],[151.28537197205372,-33.572641537442379,0],[151.28539474075291,-33.572672983368228,0],[151.28544769913384,-33.572733974091094,0],[151.28547252048347,-33.572764998599069,0],[151.28554427701008,-33.5728756047601,0],[151.28556974424831,-33.572911371465153,0],[151.2855985720841,-33.572944860589963,0],[151.28562937262024,-33.572974531057525,0],[151.28566258423461,-33.573002786176971,0],[151.28569772273525,-33.573029623704294,0],[151.28573430482862,-33.573055009960193,0],[151.2857718193732,-33.573078917252865,0],[151.28581830629085,-33.573104885795502,0],[151.28586717823555,-33.573128219006378,0],[151.28591757372297,-33.57314975067068,0],[151.28611426973589,-33.573227772970618,0],[151.28614074937553,-33.573237256682489,0],[151.28639515675559,-33.573328366427127,0],[151.28644144604382,-33.573342072174526,0],[151.2864885429176,-33.573352147903343,0],[151.28656216434672,-33.573361497627786,0],[151.28659951719447,-33.573363864248549,0],[151.28663675326135,-33.573364276648299,0],[151.28667349705142,-33.573362456401107,0],[151.28672278940772,-33.573357077989535,0],[151.28677121309306,-33.57334773799456,0],[151.28679426835481,-33.573340897845341,0],[151.28683136158958,-33.573323445320845,0],[151.28686530802582,-33.573299717725639,0],[151.28691857183398,-33.573254359694644,0],[151.28692979538513,-33.573244804132671,0],[151.28696332051152,-33.573219328866074,0],[151.28708449515855,-33.573138653271926,0],[151.28712633958278,-33.573113598608018,0],[151.287169545853,-33.573090525108562,0],[151.28721418583442,-33.573069522590295,0],[151.28726011759321,-33.573050106801318,0],[151.28735469671787,-33.573015819859044,0],[151.28744827152607,-33.572987582706908,0],[151.28754104863029,-33.572964187335806,0],[151.28758803770623,-33.572955500704296,0],[151.28763522441147,-33.572949835607012,0],[151.28769061273525,-33.572946787875829,0],[151.28774713922448,-33.572946922598703,0],[151.28780369356153,-33.572950507724549,0],[151.2878592166326,-33.572957831410108,0],[151.28791257925545,-33.572969161603275,0],[151.28797659949078,-33.572992503832374,0],[151.28803702556667,-33.57302526766815,0],[151.2881543284748,-33.573101398724255,0],[151.28821479048332,-33.573135973040706,0],[151.28845329498787,-33.573247690934885,0],[151.28870074581431,-33.573375023740283,0],[151.28888417550712,-33.573462745827499,0],[151.28901465490387,-33.573528119696284,0],[151.2890588834569,-33.57354846795306,0],[151.28910431305744,-33.573566467552808,0],[151.28917300363398,-33.573590266926338,0],[151.28920804421821,-33.573600799932109,0],[151.28924347916291,-33.573609413898573,0],[151.2892792536708,-33.573615348396295,0],[151.28930132348066,-33.573620583088477,0],[151.28932005784594,-33.573625020676133,0],[151.28936237747902,-33.573632146712484,0],[151.28940545798508,-33.57363665540278,0],[151.28944856544061,-33.573638484625626,0],[151.28949095604057,-33.573637534088391,0],[151.28954784185586,-33.573630327219412,0],[151.28960453004191,-33.573616540684647,0],[151.2896606801371,-33.573598218511286,0],[151.28977005900606,-33.573556275838449,0],[151.28982617316856,-33.573532584233106,0],[151.28988086260304,-33.573506247578997,0],[151.29004098640416,-33.573420740218538,0],[151.2900894630902,-33.573392970235787,0],[151.29018433776056,-33.573334148258908,0],[151.29023305699167,-33.573307274151851,0],[151.29028417023306,-33.573284828660071,0],[151.29032354878183,-33.57327131974796,0],[151.29036400351231,-33.573259469416271,0],[151.29040522809905,-33.573249250721133,0],[151.29048867440241,-33.573233491938666,0],[151.29056242968051,-33.573224223033847,0],[151.29059969269679,-33.573221363175335,0],[151.29063692966201,-33.573220054870504,0],[151.29067393306516,-33.5732205750489,0],[151.29071465639191,-33.573224967001188,0],[151.29083610053351,-33.573250335236644,0],[151.29087676097822,-33.573254323768673,0],[151.29092585660345,-33.573255704673386,0],[151.29095045337425,-33.573255256347132,0],[151.29097437820522,-33.573253024445805,0],[151.29099713792118,-33.573248246290646,0],[151.29102678232559,-33.573235858562938,0],[151.29105441809699,-33.573217706208808,0],[151.2910803776121,-33.573195869938836,0],[151.29115723477284,-33.573120034607356,0],[151.29118365153042,-33.573088750511587,0],[151.29120809648592,-33.573056103459621,0],[151.29125200164543,-33.572988694170263,0],[151.29127566686333,-33.572944349391399,0],[151.29129542351134,-33.572898364711868,0],[151.29133032934828,-33.572804404371084,0],[151.29140326895615,-33.572627150482148,0],[151.2914048733472,-33.5726236903363,0],[151.29142318730092,-33.572584293463358,0],[151.29144579430334,-33.572542583818674,0],[151.29147700716621,-33.572494590795067,0],[151.29151186808747,-33.572448058748137,0],[151.29154915805324,-33.572402558061249,0],[151.2916555158879,-33.572278827686809,0],[151.29177737145784,-33.572144807204758,0],[151.29184770325639,-33.572063817746752,0],[151.29187273032022,-33.57203825231543,0],[151.29190018732689,-33.57201496446654,0],[151.29193525396232,-33.571991119750564,0],[151.29197325269888,-33.571969606508951,0],[151.29201333103524,-33.57195023538074,0],[151.29205465443667,-33.571932791556684,0],[151.2920963641136,-33.571917086423682,0],[151.29215463872441,-33.571898727963088,0],[151.29221532531173,-33.571884135049878,0],[151.29227751747547,-33.571872956653671,0],[151.29234029174754,-33.571864817792353,0],[151.29240274352441,-33.571859412342526,0],[151.29245966527236,-33.571857933365898,0],[151.29251690951551,-33.571860021597061,0],[151.29268925938763,-33.571871101196948,0],[151.29291865677183,-33.571873262029364,0],[151.29297591898128,-33.571875054614587,0],[151.29311289679077,-33.571883301254594,0],[151.29324955300333,-33.571895519273802,0],[151.29340319545963,-33.571913160701321,0],[151.29357402268735,-33.571937183574512,0],[151.29365848947688,-33.571952422407591,0],[151.29366272952507,-33.571953346018532,0],[151.29374177408354,-33.571970735948653,0],[151.2938052661095,-33.571987435787022,0],[151.29386812122991,-33.572006089873888,0],[151.29399250555738,-33.572046903112749,0],[151.29412837304918,-33.572094062592001,0],[151.2944216649046,-33.572204498962201,0],[151.29448971049075,-33.572227123618411,0],[151.29462715542417,-33.572269828127368,0],[151.29468179994294,-33.572291709539563,0],[151.29473564675769,-33.572315391755374,0],[151.29478848027279,-33.572340778221289,0],[151.29484006782465,-33.572367750678247,0],[151.2948901947158,-33.572396211075784,0],[151.29492527931751,-33.572419911974563,0],[151.2949917384789,-33.572472386846059,0],[151.29502623198917,-33.572496078742333,0],[151.29506361178647,-33.572514670596767,0],[151.29510429019743,-33.572524925305089,0],[151.29519348212537,-33.572531683936354,0],[151.29523676924399,-33.572536712866651,0],[151.29527569953345,-33.572548545334413,0],[151.29530407910988,-33.572564715897094,0],[151.29533007455757,-33.572584517254029,0],[151.29546253563785,-33.57270340688261,0],[151.29550323201516,-33.572737380343256,0],[151.29556983490693,-33.572784602316133,0],[151.29560473086246,-33.572806752295556,0],[151.2956768017994,-33.57284809431809,0],[151.2957191923993,-33.572869428458567,0],[151.29576288286145,-33.572889086789544,0],[151.2958969124002,-33.572943981897261,0],[151.2960086035327,-33.572991885604296,0],[151.29601668926858,-33.572995354716944,0],[151.29605732276383,-33.573010871041888,0],[151.29616670073455,-33.573045660951017,0],[151.29620121221112,-33.573054974034122,0],[151.29623432501077,-33.573059761181476,0],[151.29626468627075,-33.573057367607824,0],[151.29628664828286,-33.573048098684126,0],[151.29630666454398,-33.573033568087375,0],[151.2963459272101,-33.573001019811251,0],[151.29636777244119,-33.572989151479398,0],[151.29640162006277,-33.572981003741788,0],[151.29643852465125,-33.572978762103389,0],[151.29651567735777,-33.572979506072862,0],[151.29655303020562,-33.572976225571587,0],[151.296623603651,-33.572964402143924,0],[151.2966584475042,-33.572956630131117,0],[151.29669116594349,-33.572946214555074,0],[151.29672038813965,-33.57293210457604,0],[151.29674576554646,-33.572912760608418,0],[151.29676758382811,-33.572889158641786,0],[151.29684396578006,-33.572782280587191,0],[151.29689846656834,-33.572697893706703,0],[151.29691975574229,-33.572671773103714,0],[151.29695181122486,-33.572638247946699,0],[151.29698677096076,-33.572605501927193,0],[151.29702450020272,-33.572575069396677,0],[151.29706482018591,-33.572548500426613,0],[151.29710759616307,-33.572527336108188,0],[151.29713755407948,-33.572517296957855,0],[151.29716905350497,-33.572509937308617,0],[151.29726555951595,-33.572490826018822,0],[151.29730864900512,-33.572478177716725,0],[151.29743626906429,-33.572435849788697,0],[151.29747961906497,-33.572424134066047,0],[151.29752170513606,-33.572415196644386,0],[151.2976930785394,-33.572388376889165,0],[151.29780418666533,-33.572368315021265,0],[151.29784135176524,-33.572363035345177,0],[151.29787862376475,-33.572359987593309,0],[151.29792330057705,-33.572358724183331,0],[151.29796875712705,-33.572359270563233,0],[151.29801404299718,-33.572362291370411,0],[151.29805819070182,-33.572368476689832,0],[151.29810025880656,-33.572378507624322,0],[151.29816443175557,-33.57240072881217,0],[151.29819524935965,-33.572414793970133,0],[151.29822322649082,-33.572431180115743,0],[151.29824684679292,-33.572450165676663,0],[151.29825663483629,-33.572462347689317,0],[151.29828070339772,-33.57250273034547,0],[151.29829186316849,-33.572512680430243,0],[151.298308823361,-33.572517448896086,0],[151.29831431835564,-33.572518999713985,0],[151.29834320009033,-33.572517610564368,0],[151.29840888849716,-33.572507615572277,0],[151.2984399755959,-33.572506979377629,0],[151.29847959579149,-33.572512958110501,0],[151.29851897523858,-33.572522576624458,0],[151.29855785162917,-33.572534893350479,0],[151.29863311338198,-33.572563802022742,0],[151.29866702388563,-33.572579596105278,0],[151.29876425663366,-33.572634760856594,0],[151.29879788865958,-33.572651182886702,0],[151.29884824012956,-33.572669370537717,0],[151.29895452609907,-33.572696988815309,0],[151.29900657089337,-33.572712164643434,0],[151.29905530809077,-33.572732091708225,0],[151.29909057235557,-33.572751131092197,0],[151.29912466162395,-33.572772079798682,0],[151.29915755972632,-33.572794579313054,0],[151.29921963510907,-33.57284267994833,0],[151.29924414294663,-33.572865502779514,0],[151.29931204480238,-33.572938702256437,0],[151.29933757402441,-33.572960367942443,0],[151.29936806104851,-33.572980143012522,0],[151.29950235918349,-33.57304774915346,0],[151.29953746264988,-33.573069459719683,0],[151.29964004576377,-33.573137908555374,0],[151.29967593795089,-33.573158454497211,0],[151.29972199457549,-33.573179869394494,0],[151.29986765909379,-33.573234101183481,0],[151.29991455025328,-33.573254584231982,0],[151.29995186716849,-33.573274152660332,0],[151.30006035850201,-33.573337859109458,0],[151.30017611900277,-33.57339737116078,0],[151.30021621440716,-33.573416087813328,0],[151.30025718027906,-33.573432536639245,0],[151.30029930228275,-33.573445579237891,0],[151.30034901594885,-33.573455556158429,0],[151.30035095271663,-33.573455771713782,0],[151.30040049660121,-33.573461355944623,0],[151.30045297168851,-33.573464063110151,0],[151.30055793084631,-33.573464601250052,0],[151.30063598007146,-33.573461293074317,0],[151.30066167997342,-33.573458621834604,0],[151.30071408319549,-33.573453199270084,0],[151.30079211445437,-33.573441868391974,0],[151.30094738825122,-33.573415792173037,0],[151.30102389596732,-33.573397120427806,0],[151.30118159072387,-33.573347361520675,0],[151.30125199348933,-33.573334973058699,0],[151.30129068213196,-33.573325130846534,0],[151.30136967279157,-33.57330914754067,0],[151.3014496677676,-33.573298328588585,0],[151.30150680421295,-33.573293415713579,0],[151.30156487221117,-33.573290655402225,0],[151.3016230399225,-33.57329073548717,0],[151.30168048089672,-33.573294366254608,0],[151.30173634442926,-33.573302263229422,0],[151.30178362006771,-33.573313576162896,0],[151.30182994618696,-33.573328680030706,0],[151.30206001551099,-33.573420525411535,0],[151.30219841086196,-33.573481498391772,0],[151.30230419467324,-33.573509116409525,0],[151.30262555349134,-33.57368533936306,0],[151.3027443350264,-33.573729908297373,0],[151.3029463652355,-33.573890211220345,0],[151.30352182600654,-33.574184444548855,0],[151.3035896380307,-33.574213998580674,0],[151.3040137955584,-33.574377259968593,0],[151.3042166504209,-33.574494589609735,0],[151.3045220353967,-33.574613272281937,0],[151.30492640034373,-33.574839711350393,0],[151.30504624907735,-33.574906816074694,0],[151.30513355813648,-33.574976089734442,0],[151.30516571243379,-33.575048276276092,0],[151.30520352252407,-33.575118697183441,0],[151.30522439937127,-33.575152957843471,0],[151.30524784899345,-33.57518659054778,0],[151.30532645427573,-33.575283840684385,0],[151.30535069261873,-33.57531717770393,0],[151.30537354216631,-33.575353956784603,0],[151.30543545585232,-33.575467414173524,0],[151.30545803680366,-33.575504345871636,0],[151.30554808841927,-33.575629384381827,0],[151.305593706666,-33.57570178667531,0],[151.30561016380204,-33.575725021139078,0],[151.30563837359688,-33.575755579044767,0],[151.30567887324315,-33.575789257168879,0],[151.30576212191718,-33.575904990724496,0],[151.30594761324357,-33.576036412045866,0],[151.3064078776558,-33.576099841032999,0],[151.30649385990318,-33.57607233012169,0],[151.30671650734641,-33.576033946705138,0],[151.30677664685967,-33.575998574970214,0],[151.30681527262027,-33.575974300256483,0],[151.30686481650486,-33.575943168378906,0],[151.30695618594905,-33.575892280054134,0],[151.30698088243284,-33.575873473377847,0],[151.30699610258867,-33.575852112287713,0],[151.30699913260614,-33.575833332546338,0],[151.30698773029025,-33.575771284227898,0],[151.3069888154551,-33.575751419984883,0],[151.3070037759978,-33.575718800135206,0],[151.30703016580594,-33.575687121058216,0],[151.30706413919171,-33.575657244205964,0],[151.30710190526452,-33.575630065459706,0],[151.30713965247276,-33.575606472468856,0],[151.30719163438499,-33.575582440138653,0],[151.30724988204634,-33.575565417670639,0],[151.3073118864622,-33.575553073684823,0],[151.30750125042576,-33.5755233853926,0],[151.30756602344934,-33.575515990074635,0],[151.30790899483489,-33.575485387177785,0],[151.30812094783462,-33.573425356697555,0],[151.30835224515562,-33.571176993666086,0],[151.30858354337502,-33.568928639442561,0],[151.30881483171291,-33.566680276069853,0],[151.3090461110676,-33.564431903553739,0],[151.30905425968555,-33.564352662175132,0],[151.30916195331511,-33.563305920169924,0],[151.30939326860243,-33.561057547377025,0],[151.30962455694032,-33.558809175187491,0],[151.30985584527821,-33.556560802859259,0],[151.31008714349761,-33.554312431147522,0],[151.31000008506842,-33.554397238754348,0],[151.30977446150678,-33.554580516777889,0],[151.30973947482136,-33.554623032378714,0],[151.30948159006289,-33.554705590830274,0],[151.30920826955287,-33.554701960778431,0],[151.30908813425663,-33.554729013607073,0],[151.30888368398615,-33.554697657718222,0],[151.30876492041745,-33.554653097675391,0],[151.30855992307292,-33.554650372701836,0],[151.30845633564257,-33.554706316990369,0],[151.30837418920137,-33.554713819645976,0],[151.30831940185055,-33.554718821915074,0],[151.30826842335654,-33.554703815855476,0],[151.3080268079861,-33.554829562736515,0],[151.3078353464563,-33.555013288263794,0],[151.30781255080768,-33.555007130148581,0],[151.30778753272702,-33.555003536042989,0],[151.30776167202663,-33.555002558350402,0],[151.30773636648507,-33.555004253217156,0],[151.30771300579613,-33.555008681281002,0],[151.30769083806982,-33.555017851078027,0],[151.30767046338087,-33.555031566469452,0],[151.30763139834417,-33.555064105049645,0],[151.30761083500892,-33.555078653642667,0],[151.30757940744874,-33.555096859967428,0],[151.3075139876382,-33.555130466048006,0],[151.30742330810011,-33.555170104452252,0],[151.30732923113368,-33.555204579645519,0],[151.30718946495355,-33.555259054046175,0],[151.30709490379525,-33.555292220627479,0],[151.30705776654301,-33.555302744636194,0],[151.30694474859885,-33.55533065818193,0],[151.30684048833032,-33.55535927990649,0],[151.30680720485074,-33.555368969952291,0],[151.30677897708955,-33.555381322812693,0],[151.30675940010454,-33.555397942014871,0],[151.30674988065749,-33.555418540837778,0],[151.30674663504439,-33.555442923142174,0],[151.30674790795712,-33.555469331183829,0],[151.30675698902633,-33.555521187522878,0],[151.30676310206184,-33.555542477284725,0],[151.30681225158597,-33.555647866731363,0],[151.30683600663536,-33.555692623894132,0],[151.30684393067449,-33.555714782749796,0],[151.30684583959444,-33.555736538099147,0],[151.30683404291815,-33.555764138585921,0],[151.30680816425146,-33.555790591445941,0],[151.30674030641322,-33.555843227642526,0],[151.30671138874587,-33.555870962096144,0],[151.30669069156173,-33.555897038373452,0],[151.30661993845337,-33.55599976533955,0],[151.30661570738837,-33.556005915149321,0],[151.30659014223369,-33.556049156946024,0],[151.30654356548453,-33.55613980122785,0],[151.30651560631958,-33.556179923516929,0],[151.30647986774434,-33.556211692098067,0],[151.30644997271,-33.556224967868516,0],[151.30637887015695,-33.55624257282161,0],[151.3063492805498,-33.556252845931787,0],[151.30633143282174,-33.55626806657196,0],[151.30632850161896,-33.556286675395491,0],[151.30634742463039,-33.556353000270228,0],[151.30634490575443,-33.556372066472576,0],[151.30634035219421,-33.556380842359182,0],[151.30632864534942,-33.556398178531666,0],[151.30632138426702,-33.556405341174141,0],[151.30631313773264,-33.556410567177863,0],[151.30630067720139,-33.556409096919872,0],[151.30624181958396,-33.556371851623211,0],[151.30622099663563,-33.556363882731141,0],[151.30619318120117,-33.556362475355108,0],[151.30616352871201,-33.556366930299042,0],[151.30613298868727,-33.55637513200675,0],[151.30607307285447,-33.556394306003213,0],[151.30603622216486,-33.556407223164321,0],[151.30592975653235,-33.556455682526476,0],[151.3058932552874,-33.556469702371182,0],[151.3058166676212,-33.556493528166726,0],[151.3057776025845,-33.556503801247054,0],[151.30573815217042,-33.556512415421963,0],[151.305698441245,-33.556518949977153,0],[151.30561434096808,-33.556527618798576,0],[151.30557175363714,-33.55652908830595,0],[151.30552973943128,-33.556527653982883,0],[151.3054889981382,-33.55652257171802,0],[151.30545237112909,-33.55651363489622,0],[151.3054166136892,-33.556501067348655,0],[151.30526367910537,-33.556433630911179,0],[151.30512199502215,-33.556363470250169,0],[151.30507379501722,-33.556341687360344,0],[151.30495950505858,-33.556294868876144,0],[151.30488138396819,-33.556267681040339,0],[151.30483305909752,-33.556254118560645,0],[151.30478384669127,-33.556242527905283,0],[151.30463432750213,-33.556212382312403,0],[151.30447834493452,-33.556169857013352,0],[151.30442763593504,-33.556161753353571,0],[151.30440469745429,-33.556162569334113,0],[151.30437939191273,-33.55616347439878,0],[151.30434588475265,-33.556171237442705,0],[151.30431254737411,-33.556182684375337,0],[151.30419629369825,-33.556235294131788,0],[151.30406826131241,-33.556289275300401,0],[151.30403077371727,-33.556302308510965,0],[151.30395323563354,-33.556325453871104,0],[151.30391728056426,-33.556339571804145,0],[151.30388592486929,-33.556358037628812,0],[151.3038656391135,-33.556376458533308,0],[151.30379869576026,-33.556463732259267,0],[151.30374657999906,-33.556520456166197,0],[151.30371906011032,-33.556547876737874,0],[151.30368966723421,-33.556573218431858,0],[151.30365771954945,-33.556595404011304,0],[151.30362670431595,-33.55661264207388,0],[151.30359364541513,-33.556628122415525,0],[151.30355913393859,-33.556641604736086,0],[151.30352374390966,-33.556652880925192,0],[151.30348804036871,-33.556661710682526,0],[151.30328222735398,-33.556651258705159,0],[151.30321441532982,-33.556653625035352,0],[151.30316416267445,-33.556659227570691,0],[151.30306409843661,-33.556675318014328,0],[151.30296607696781,-33.556697692215096,0],[151.30274398558183,-33.556765262445943,0],[151.30264148241801,-33.556763899992497,0],[151.30248855681725,-33.556718873888386,0],[151.30224885126518,-33.556744340548555,0],[151.30214469879451,-33.556828915947612,0],[151.30200693136592,-33.556884393944792,0],[151.30190442820211,-33.556883031493207,0],[151.30168454128179,-33.556765469059762,0],[151.30138142455212,-33.556532180784231,0],[151.30129035963682,-33.556479500091278,0],[151.30128001463797,-33.556473512013525,0],[151.30106067569002,-33.55632730966191,0],[151.30094245829693,-33.556254091610889,0],[151.30072202520097,-33.556165178226045,0],[151.30039826428768,-33.556117875297794,0],[151.30019326694324,-33.556115140638589,0],[151.300073131647,-33.556142185538583,0],[151.29986758722853,-33.556168109018436,0],[151.29974690575668,-33.556223811273064,0],[151.29943913665213,-33.556234030485889,0],[151.29923413032449,-33.556231296578943,0],[151.29874201614385,-33.556195897267344,0],[151.29850037472235,-33.556178516137919,0],[151.2979217411017,-33.556056157918334,0],[151.29764923536365,-33.556009536163117,0],[151.29753020319859,-33.555979282689435,0],[151.29732520585415,-33.555976548774446,0],[151.29720507055796,-33.556003592969255,0],[151.29699870148607,-33.556072481291011,0],[151.29687884466762,-33.556085201616696,0],[151.29661418301856,-33.556046055467185,0],[151.29649052452984,-33.556064252604749,0],[151.29635370751876,-33.556094622082682,0],[151.2962380368495,-33.556113626207754,0],[151.29619708894396,-33.556118403813926,0],[151.29615665217975,-33.556120178759663,0],[151.29611727363098,-33.556117516715346,0],[151.29611150105697,-33.556116046452338,0],[151.29607290224581,-33.556106203774647,0],[151.29603015231973,-33.556087415246623,0],[151.29594567654712,-33.556042416488367,0],[151.29590200405121,-33.556023708047476,0],[151.29584060959147,-33.556004713634515,0],[151.29577761074054,-33.555988945715811,0],[151.29558556620418,-33.555947980405527,0],[151.29541955304813,-33.555906576391436,0],[151.2953638512123,-33.555894681005839,0],[151.29530763823504,-33.55588575235376,0],[151.2952568304209,-33.555881790717976,0],[151.29510259597484,-33.555880168483462,0],[151.29505193189115,-33.555875739715695,0],[151.29498939028269,-33.555863871275754,0],[151.29492782514302,-33.555847207246686,0],[151.29480538656642,-33.55580959488934,0],[151.29474337316745,-33.555793621067501,0],[151.29468961618423,-33.555782792434577,0],[151.29452685762439,-33.555754941169567,0],[151.29447295691074,-33.555744480099143,0],[151.2944108725448,-33.555730514785282,0],[151.2941642733212,-33.555668851028997,0],[151.29382970208184,-33.555599326814665,0],[151.29374731399392,-33.555578745252937,0],[151.29362257123856,-33.555542396434696,0],[151.29353064573723,-33.555512232630818,0],[151.2934995047396,-33.555502013332607,0],[151.29343877413484,-33.555480365724286,0],[151.29289486668816,-33.555329798025319,0],[151.29246944523089,-33.555238122800631,0],[151.29221457162521,-33.555163067474581,0],[151.29202831852743,-33.555074602136031,0],[151.29202549512254,-33.555047002177517,0],[151.2920170958746,-33.555018191698281,0],[151.29200392747083,-33.554989946414636,0],[151.29198679749669,-33.554963986647657,0],[151.29196652970725,-33.554942087369326,0],[151.2919407848895,-33.5549244821512,0],[151.29190962682392,-33.55491080342501,0],[151.29183954565531,-33.554890473234522,0],[151.29175821578275,-33.554871200835407,0],[151.29171023137351,-33.554864396653407,0],[151.29161303545644,-33.554853550685792,0],[151.29156521274396,-33.554845715656199,0],[151.29148750398031,-33.554828182285711,0],[151.29137230762151,-33.554797624459454,0],[151.29120044104303,-33.554740658366057,0],[151.29115652690041,-33.554729757733789,0],[151.29111733609949,-33.5547249261503,0],[151.29108530756636,-33.554723940219773,0],[151.29103591639543,-33.55472242501596,0],[151.29099748736587,-33.554718203556192,0],[151.2909631106366,-33.554707625575702,0],[151.29093965203126,-33.554692395677165,0],[151.2908796113326,-33.554631243984026,0],[151.29085637640782,-33.554615305878016,0],[151.29082198171221,-33.554602505233611,0],[151.29078381319405,-33.554595002568334,0],[151.29070276988406,-33.554586244467217,0],[151.29066321167221,-33.554580194122778,0],[151.29051929527549,-33.554548138968805,0],[151.29036663827105,-33.554510490112023,0],[151.29013850571479,-33.554449660197108,0],[151.28989254249839,-33.554389341547754,0],[151.28972956834292,-33.554346682096572,0],[151.28965990039941,-33.55432567052739,0],[151.28945268870774,-33.554258333455678,0],[151.28938277013424,-33.554238065995939,0],[151.28926623798063,-33.554208224393115,0],[151.28908947738051,-33.554169132791131,0],[151.28889072871715,-33.554137641946767,0],[151.28884217028445,-33.554126777921006,0],[151.28878696162377,-33.554110131523814,0],[151.28873292616277,-33.554090366355993,0],[151.2885552061619,-33.554017731084748,0],[151.2885085314964,-33.553998655379203,0],[151.28838061499317,-33.553940309042545,0],[151.28831576112128,-33.553917460247654,0],[151.28824950767407,-33.553904452879145,0],[151.28819689873777,-33.553901387257348,0],[151.28814288124312,-33.553902364962397,0],[151.2880887298995,-33.553907258727797,0],[151.28803570773815,-33.553915962996705,0],[151.28798509755333,-33.553928360233783,0],[151.28777940131963,-33.553885628686849,0],[151.28704705247918,-33.553761164326801,0],[151.28668997305201,-33.553670385790525,0],[151.28636844355395,-33.553508451497727,0],[151.28626705250451,-33.55344977318714,0],[151.28604664545966,-33.55336084194326,0],[151.2860314073375,-33.553357426691782,0],[151.28593727647211,-33.5533363340299,0],[151.2858834206742,-33.55330424322873,0],[151.28582619439737,-33.553274939569,0],[151.28576645822758,-33.553248819079563,0],[151.28570506466608,-33.553226229876884,0],[151.28564281860346,-33.553207557509033,0],[151.28557857378925,-33.553193977330359,0],[151.28551237424102,-33.553185434693177,0],[151.28531012933462,-33.553170509219441,0],[151.28512439546307,-33.553152500876216,0],[151.28506240991183,-33.553148440295615,0],[151.28500044142859,-33.553146755124665,0],[151.28493057675399,-33.553148736005319,0],[151.28486070219796,-33.553154105194785,0],[151.2847209090684,-33.55316853732289,0],[151.28465096264713,-33.553174354941639,0],[151.28456702406694,-33.553178236598001,0],[151.28439870763046,-33.553182440165877,0],[151.28431493973025,-33.553186545662754,0],[151.28423185185463,-33.553194496880792,0],[151.28418107997311,-33.553201462150149,0],[151.28407998446934,-33.553218323579685,0],[151.28398002713107,-33.553239003025887,0],[151.28387260299613,-33.553237856122649,0],[151.28376160176973,-33.553245708516627,0],[151.2836497040247,-33.553255801563083,0],[151.28353960021525,-33.553261359400942,0],[151.28348556475433,-33.55326204963886,0],[151.28339367518555,-33.55325526404588,0],[151.28308166603287,-33.553232217431095,0],[151.28269642082833,-33.553209350481723,0],[151.28260041697558,-33.553201354347209,0],[151.28238016264439,-33.553178056926349,0],[151.28227035438064,-33.553164046279655,0],[151.28216106534316,-33.553147919996277,0],[151.2820525380771,-33.553129239376538,0],[151.28196963076286,-33.553111822444329,0],[151.28172305848875,-33.553051476658737,0],[151.28164001642725,-33.553034821819388,0],[151.28150231996557,-33.553012627090474,0],[151.28136356708512,-33.552995514828609,0],[151.28129397909163,-33.552989697197802,0],[151.28117081467622,-33.552984175276876,0],[151.28104729991793,-33.552983852615782,0],[151.28086303658858,-33.552989140963113,0],[151.28082264474014,-33.552992619114306,0],[151.28078303262933,-33.552998732455151,0],[151.28074533932008,-33.553008118071943,0],[151.28073145406066,-33.553012698959307,0],[151.28070845269784,-33.55302029983293,0],[151.28059870641792,-33.553060682597909,0],[151.28038843865764,-33.553120570962712,0],[151.28033698495483,-33.553137674216259,0],[151.28028528062202,-33.553157359498364,0],[151.28018393448826,-33.553200852763965,0],[151.28008424574625,-33.553247044074816,0],[151.28002513749888,-33.553275827445418,0],[151.27979218098949,-33.553396186269381,0],[151.27967166929918,-33.553453251319837,0],[151.27948852616893,-33.553535244925946,0],[151.27938997649071,-33.553559411408258,0],[151.27928893488584,-33.553580691921411,0],[151.27918678116671,-33.553596952877079,0],[151.27908479812743,-33.553606068922754,0],[151.27898432066462,-33.553605907967707,0],[151.27890957005323,-33.553599507945222,0],[151.27883448796342,-33.553588697004372,0],[151.2787600778135,-33.553573664546477,0],[151.27868737086936,-33.553554615693514,0],[151.27861735348114,-33.553531775780129,0],[151.27832393496325,-33.553328328923527,0],[151.27831722095482,-33.553320557389199,0],[151.27830851717806,-33.553310482317436,0],[151.27817352823863,-33.553154356735163,0],[151.27814103437817,-33.553067943588047,0],[151.27812589417235,-33.5529674395721,0],[151.27812756144556,-33.552881492637248,0],[151.27821491542036,-33.55278237787153,0],[151.27823365876881,-33.552696664327058,0],[151.27828685969484,-33.552597083697123,0],[151.278326302024,-33.55232538571633,0],[151.27837921638752,-33.552240129137466,0],[151.27836574345491,-33.552053677897398,0],[151.27818505631865,-33.551678705704312,0],[151.27810103689012,-33.551605927659999,0],[151.27808837962775,-33.551588322510653,0],[151.27801785109818,-33.551490175758531,0],[151.27783328234162,-33.551315745439254,0],[151.27779792914359,-33.551294501051942,0],[151.27761370983166,-33.551183822328746,0],[151.27749497321233,-33.551139226784237,0],[151.27739386872545,-33.55106622443909,0],[151.27729192970364,-33.551036185594221,0],[151.27708917365575,-33.550918820334203,0],[151.27676628231171,-33.55082848126473,0],[151.27603314564882,-33.550746918559682,0],[151.27579482889212,-33.550700708693093,0],[151.27569234369466,-33.550699319192468,0],[151.27553888000304,-33.550682915447247,0],[151.27545319330139,-33.550696083512619,0],[151.27536806265684,-33.550680602856545,0],[151.27527387789257,-33.550679321161709,0],[151.27519724531064,-33.550678290265822,0],[151.27482032748875,-33.550730496107178,0],[151.27473435422448,-33.550757997873909,0],[151.27463159144759,-33.550770924112975,0],[151.27454561728499,-33.550798416134356,0],[151.27434008274801,-33.550824286566147,0],[151.27406509496478,-33.550906522235906,0],[151.27389344308369,-33.55094718224121,0],[151.27354929849832,-33.551071467984791,0],[151.27277568015541,-33.551449201577093,0],[151.27272127728347,-33.551475761317569,0],[151.27246114314352,-33.551672834831024,0],[151.27152615503624,-33.552304911927287,0],[151.27098823575929,-33.552727446738565,0],[151.27076883303096,-33.55294730656361,0],[151.27069197587014,-33.55302431625018,0],[151.27046404902808,-33.553322108551875,0],[151.27032152142681,-33.553621066189521,0],[151.27021568371663,-33.553791569799856,0],[151.27021456351747,-33.553848867411865,0],[151.27016191775022,-33.553919790718716,0],[151.27012237750472,-33.553999040920949,0],[151.27007719044926,-33.554076319923304,0],[151.27005262871273,-33.554113959237178,0],[151.27002830053823,-33.554147520782713,0],[151.26994861098936,-33.554245021449091,0],[151.26989796487203,-33.55431344403312,0],[151.26984969300185,-33.554385191190761,0],[151.26967213469777,-33.554659255815828,0],[151.26958151804183,-33.554796261974964,0],[151.26956052441358,-33.554831184990775,0],[151.26953836567051,-33.554872527385072,0],[151.26951208276191,-33.554928246944719,0],[151.26947859356812,-33.554999259947948,0],[151.26945717863003,-33.555040933149989,0],[151.2693665619741,-33.555190138874202,0],[151.26934525483389,-33.555227940152044,0],[151.26932526462386,-33.55526797303105,0],[151.26927067400405,-33.555390080833199,0],[151.2692510700696,-33.55543027533728,0],[151.26922270756111,-33.555481692264614,0],[151.26913044159829,-33.555633327217564,0],[151.26903787919142,-33.555800164660347,0],[151.26902028299162,-33.555839417972351,0],[151.26900770657767,-33.555879442333264,0],[151.26900314403434,-33.555904684658422,0],[151.26899614346328,-33.556007501448349,0],[151.2689941087792,-33.556090158141387,0],[151.26899122159386,-33.556117140166322,0],[151.26898856886885,-33.556127233625915,0],[151.26898440966906,-33.556143099586741,0],[151.26897058729179,-33.5561718288414,0],[151.26895179812931,-33.556199411222551,0],[151.26892975616721,-33.556226087782306,0],[151.26881623606471,-33.556352068257759,0],[151.26879114611887,-33.556373115267078,0],[151.26876314293648,-33.556388928031907,0],[151.26873825870481,-33.55639682505565,0],[151.26871142063737,-33.55640151356225,0],[151.26862750002354,-33.556409652383927,0],[151.26847382971945,-33.556430134932008,0],[151.26837296777771,-33.556446144569129,0],[151.26834081348039,-33.556447542960527,0],[151.26831130382334,-33.556442945037453,0],[151.26829367169091,-33.55643656244311,0],[151.26826007469927,-33.556418759898158,0],[151.26823109414991,-33.556396565290079,0],[151.26821773799824,-33.556381980986004,0],[151.26819695996571,-33.556348168777518,0],[151.26816784466908,-33.556291749439609,0],[151.2681450310541,-33.556240950593846,0],[151.26773853260829,-33.556486222548315,0],[151.26745988778356,-33.55666271455739,0],[151.26749330511211,-33.556691067841278,0],[151.26752504618437,-33.556721249199931,0],[151.26755482533608,-33.556752972665912,0],[151.26758235330959,-33.556785924573845,0],[151.26760734533912,-33.556819808476632,0],[151.2676258111081,-33.556848851918218,0],[151.26765735455098,-33.556909564859325,0],[151.26772094539166,-33.557055310329091,0],[151.26775074161131,-33.557140557664248,0],[151.26776220680927,-33.557183682860362,0],[151.26776958377437,-33.55721953915981,0],[151.26777976707646,-33.557292031002753,0],[151.26778560253254,-33.557364863395847,0],[151.26778690239473,-33.557406966647505,0],[151.26778138045071,-33.557575794918428,0],[151.26777792014025,-33.557749068000312,0],[151.26776530779364,-33.557929746542698,0],[151.26775344015039,-33.558020542312008,0],[151.26775152134897,-33.55805058995719,0],[151.26775329641998,-33.558080287252039,0],[151.26775747358604,-33.558108138515905,0],[151.26776441217325,-33.558135460518422,0],[151.26777772340918,-33.558161868485499,0],[151.26779777560293,-33.558187765158564,0],[151.26782275864929,-33.558209359687211,0],[151.26784062344538,-33.558217239327014,0],[151.26788447560429,-33.558226973967479,0],[151.26790237633296,-33.558232441654958,0],[151.26791221019039,-33.55824075173075,0],[151.26791390441298,-33.558250154744108,0],[151.26791235302244,-33.558260544395253,0],[151.26790215265243,-33.558293360982312,0],[151.26788432289069,-33.558377461009158,0],[151.26788139168789,-33.55841965434616,0],[151.26788349823724,-33.558462036306281,0],[151.26788893034976,-33.558504166720795,0],[151.26790038656458,-33.558562971103299,0],[151.26790839145207,-33.558592103788982,0],[151.26791848492266,-33.558620555252702,0],[151.26793110625232,-33.5586479399742,0],[151.26794725885946,-33.558673451729263,0],[151.26800885993177,-33.558745163825023,0],[151.26801526851301,-33.558753544966933,0],[151.26802773802746,-33.558769859595451,0],[151.2680444916075,-33.558796679837883,0],[151.26808943701616,-33.558879704410238,0],[151.2681060738152,-33.558906595733923,0],[151.26813924051376,-33.55895331623546,0],[151.26819385808307,-33.55902085101561,0],[151.26821553263426,-33.559042382455139,0],[151.26826354399293,-33.559083239999403,0],[151.2682844837222,-33.559104565563729,0],[151.26829980359102,-33.559127835934483,0],[151.26830436613434,-33.559138270394833,0],[151.26831167213254,-33.559159837736942,0],[151.268316377508,-33.559181798826657,0],[151.26837103100996,-33.559173875108613,0],[151.26842643730001,-33.55916809307719,0],[151.26848221998424,-33.559164462464281,0],[151.26853802153306,-33.559163010967644,0],[151.26859347273887,-33.559163781256458,0],[151.26865611226364,-33.559168523510664,0],[151.2687185379894,-33.559177299113102,0],[151.26890560675741,-33.559210062202673,0],[151.26917560170426,-33.559246285961962,0],[151.26938412224129,-33.559279318513795,0],[151.26945452500675,-33.559291786844717,0],[151.26952401418549,-33.559306470218445,0],[151.2695920507885,-33.559324442844144,0],[151.26965342728201,-33.55934443288502,0],[151.2697137725095,-33.559367075882577,0],[151.26983199888576,-33.559417497852337,0],[151.26998739844672,-33.559487775805003,0],[151.27003531099069,-33.559510777333386,0],[151.27008170807684,-33.559535418987359,0],[151.27012576594996,-33.55956242763336,0],[151.27017457501259,-33.559598265728106,0],[151.27022028219258,-33.559637527794159,0],[151.27026133699763,-33.559676807808181,0],[151.27026373100793,-33.559679093957911,0],[151.2703969260117,-33.559817560109408,0],[151.27044476758877,-33.559871917817645,0],[151.27053577860519,-33.559983600474531,0],[151.27057956788201,-33.56004028838418,0],[151.27065001556326,-33.560136480633183,0],[151.27075002680044,-33.560283669141505,0],[151.27086508841197,-33.560470434233956,0],[151.27094970791507,-33.560595561889016,0],[151.27097788177727,-33.56063467229113,0],[151.27100832388567,-33.560672096902834,0],[151.27104213557462,-33.560706876812453,0],[151.27106393588997,-33.560724428452382,0],[151.27111183046762,-33.560756528474002,0],[151.27113423175589,-33.560773362977571,0],[151.27115313680102,-33.560792259028318,0],[151.2711762459617,-33.560831377575582,0],[151.27118998749063,-33.560876744378696,0],[151.27119671048223,-33.560925660852057,0],[151.27119879906522,-33.560975446380809,0],[151.27119755310198,-33.561066242691197,0],[151.27119432635348,-33.561110023165696,0],[151.27118745963139,-33.561153292349644,0],[151.27117547520717,-33.561194571084485,0],[151.27115688367411,-33.56123239892851,0],[151.27113277019689,-33.561261962633928,0],[151.27110223017218,-33.561288603196317,0],[151.27103463284539,-33.561339303257597,0],[151.27100393112391,-33.561366473028635,0],[151.27098044556914,-33.561396009740001,0],[151.27093768755824,-33.561462325451458,0],[151.27091482902756,-33.561487944167787,0],[151.27088854701728,-33.561501085135085,0],[151.27086468506837,-33.561502967762827,0],[151.27083855487339,-33.561501130048661,0],[151.27081225489678,-33.561495967231977,0],[151.27078787282338,-33.561487899254203,0],[151.27077276855019,-33.561480073809093,0],[151.27076749723608,-33.561477331085477,0],[151.27072843219935,-33.561487084072517,0],[151.27068794243451,-33.561494479095124,0],[151.2706466989832,-33.56149944504066,0],[151.27060536570033,-33.561501892082489,0],[151.27056460644096,-33.561501740124875,0],[151.27050389380247,-33.56149668435225,0],[151.27044385310387,-33.561486052557036,0],[151.27041479170609,-33.561478693464572,0],[151.27038418879928,-33.561466905890441,0],[151.27032576147488,-33.561435146727788,0],[151.27029636859882,-33.561421557362763,0],[151.27026581959095,-33.561413740145852,0],[151.27022061367092,-33.561417030069173,0],[151.2701735706961,-33.561433344943104,0],[151.2700759175365,-33.561478567706509,0],[151.27002628382041,-33.561494219344844,0],[151.26996761484924,-33.561502681064447,0],[151.26990758313372,-33.561506302596342,0],[151.26978586949761,-33.561508149293083,0],[151.26972538952273,-33.561510963877467,0],[151.26960410707798,-33.561518654579039,0],[151.2695640655725,-33.561522787376447,0],[151.26952467714221,-33.561529115698697,0],[151.26948098668007,-33.561541719194082,0],[151.26939596383335,-33.561577449423545,0],[151.26935351933449,-33.56159225816657,0],[151.26931038492947,-33.561599465291906,0],[151.26928170890901,-33.561598425543593,0],[151.2691951167055,-33.561586682150747,0],[151.26918539962904,-33.561587238330119,0],[151.26918703995275,-33.561598335716511,0],[151.26921754494319,-33.561637615587337,0],[151.26922170414295,-33.561650622539872,0],[151.26921945386317,-33.561663952119126,0],[151.26921369925549,-33.561678034745874,0],[151.2692051832266,-33.561691677966721,0],[151.26919466844618,-33.561703707294413,0],[151.26918288973616,-33.561712948990824,0],[151.26916272076139,-33.561715674490138,0],[151.26913519278781,-33.561709004839109,0],[151.26910402484071,-33.561698660516321,0],[151.26907291977568,-33.561690431617492,0],[151.26904559751637,-33.561690064075471,0],[151.26902251530507,-33.561698114068932,0],[151.26900019486527,-33.561710734756495,0],[151.26897926411911,-33.561726520344628,0],[151.26896032314136,-33.561744080760008,0],[151.26894398188804,-33.561761981765493,0],[151.26892747893797,-33.561792334268951,0],[151.26892007502335,-33.561827750749394,0],[151.26891270614308,-33.56190384601728,0],[151.268902873184,-33.561939549897502,0],[151.26888605672187,-33.561969337178994,0],[151.26884223151239,-33.562026338926998,0],[151.26882347019773,-33.562055077453103,0],[151.26881230952861,-33.562084981469276,0],[151.26881100158155,-33.562113504392187,0],[151.26881584170434,-33.562142781099745,0],[151.2688308291965,-33.562202328564332,0],[151.26883415475967,-33.562229830421614,0],[151.2688344152711,-33.562231981764143,0],[151.26883522195826,-33.562291905689328,0],[151.26883338400518,-33.562321899449813,0],[151.26882839116882,-33.562350987451524,0],[151.26881897053647,-33.562378461565032,0],[151.26880130247145,-33.562404914645022,0],[151.26877667785286,-33.562429054692167,0],[151.26872368353932,-33.562476411053936,0],[151.26870378316087,-33.562502586391432,0],[151.2686909372523,-33.562530051474127,0],[151.26868149865359,-33.562558969484733,0],[151.26866871562711,-33.56261885800118,0],[151.26865270675043,-33.562711330082678,0],[151.26864719378952,-33.56277434742713,0],[151.26864764204888,-33.562805676430493,0],[151.26865256301997,-33.562837363977046,0],[151.26867949990208,-33.562931960950515,0],[151.26868206369392,-33.562963316844375,0],[151.26867799342733,-33.56299682405033,0],[151.26866787300739,-33.563046959453359,0],[151.26864629727086,-33.563180934922649,0],[151.26863948444776,-33.563214209246695,0],[151.26861654596695,-33.563297601598926,0],[151.26861235083456,-33.56331861323126,0],[151.26860253494345,-33.563378787913081,0],[151.26859999810114,-33.563409140596818,0],[151.26860164740799,-33.563438309074961,0],[151.26860941963182,-33.563465264102454,0],[151.26862221074316,-33.563483335418859,0],[151.26865977918666,-33.563516447941261,0],[151.26867541166919,-33.563532870208661,0],[151.26868287038104,-33.563550125600173,0],[151.26867797546103,-33.563569819737502,0],[151.26866268343994,-33.563590006410699,0],[151.26862140405603,-33.56363196665049,0],[151.26860566377565,-33.563653821058757,0],[151.26857808998798,-33.563708671886332,0],[151.26856736949335,-33.563737204003978,0],[151.2685622508929,-33.563764615547655,0],[151.26856537882665,-33.563789473064503,0],[151.26857745398073,-33.563807688032689,0],[151.26863832831594,-33.56385623681016,0],[151.26865134400612,-33.563874496676611,0],[151.26865564693634,-33.563902428411261,0],[151.2686498195651,-33.563933524209837,0],[151.26863776327565,-33.563966296723216,0],[151.26860089461977,-33.564056294942233,0],[151.26856751232552,-33.564130866470869,0],[151.26855806474362,-33.564156108630186,0],[151.268538272163,-33.564240244866141,0],[151.26853093023217,-33.564260512224514,0],[151.26851271599151,-33.56428813918032,0],[151.26847342637592,-33.564329786193184,0],[151.26846109250701,-33.564342855617213,0],[151.26844315494745,-33.564366394797659,0],[151.26844077980184,-33.564384995139562,0],[151.26845279207384,-33.564397446265616,0],[151.26851277887357,-33.564426202716007,0],[151.26852737200534,-33.564438599941681,0],[151.26853655099094,-33.56446354634005,0],[151.26853552062329,-33.564495117255539,0],[151.26852707645963,-33.564529897871139,0],[151.26851403382003,-33.564564453912766,0],[151.2684991981431,-33.564595388538393,0],[151.26847786405344,-33.564624593293964,0],[151.26844932278019,-33.564651000773935,0],[151.26838596550149,-33.56470190770164,0],[151.26835875912482,-33.564729624340032,0],[151.26834587818195,-33.564749022538372,0],[151.26832388922048,-33.564791027126887,0],[151.26831099031128,-33.564809358654671,0],[151.268294281647,-33.564823029076464,0],[151.26828067396704,-33.564828882588309,0],[151.26826569545804,-33.564832960584532,0],[151.26821874231476,-33.564842928769458,0],[151.26816254730386,-33.564861591885283,0],[151.26807997955285,-33.564893378231979,0],[151.2679496169371,-33.564952737415993,0],[151.26791575943403,-33.564964426456946,0],[151.26786536394664,-33.564975667127044,0],[151.26781296970765,-33.564982184574255,0],[151.26765221888252,-33.564992178940493,0],[151.26750935081972,-33.565004674890766,0],[151.2674139290753,-33.565009784352121,0],[151.26726997674598,-33.56502143745594,0],[151.26722919053711,-33.565018882725646,0],[151.26720108854008,-33.565006808199449,0],[151.26718670112251,-33.564990251477056,0],[151.26717508410923,-33.564969975307605,0],[151.26716691752497,-33.564947816580791,0],[151.26716287510624,-33.564925585989393,0],[151.2671636278944,-33.564905121175144,0],[151.26714328823979,-33.564906815099029,0],[151.26710179415846,-33.564906779169597,0],[151.26706101693279,-33.56490227002341,0],[151.26703467204047,-33.564896873868591,0],[151.26700819240082,-33.564889496353565,0],[151.26698249249887,-33.564880165173413,0],[151.2669584517852,-33.564868897543761,0],[151.2669369559988,-33.564855711428571,0],[151.26691904538865,-33.564839469060139,0],[151.26690428247525,-33.564820222833909,0],[151.26687723779537,-33.564778952568837,0],[151.26686149661663,-33.564760038677086,0],[151.26682321221585,-33.564726549371542,0],[151.26676193363872,-33.564678959953106,0],[151.26668773010127,-33.564608144286986,0],[151.26666177058621,-33.56458620927868,0],[151.26663322032988,-33.564567599997737,0],[151.26663212708013,-33.564567125427708,0],[151.26660845287915,-33.564556663927505,0],[151.26652783087906,-33.56453201322676,0],[151.2665032062605,-33.564520951398414,0],[151.26647643107515,-33.564504377366575,0],[151.26645106354985,-33.564485445449883,0],[151.26642738934879,-33.564464675877936,0],[151.26640566988189,-33.564442588880745,0],[151.26638619081325,-33.564419712174072,0],[151.26635276450151,-33.564373655585946,0],[151.26633873551171,-33.564349138820695,0],[151.26632839141126,-33.564324210354123,0],[151.26632312908035,-33.564299308079086,0],[151.26632255595518,-33.564281954030562,0],[151.26632699273432,-33.564246501129844,0],[151.26633840403338,-33.564212715953275,0],[151.26630787299183,-33.564026032310508,0],[151.26631318832338,-33.563753876990376,0],[151.2662661363654,-33.563538311361256,0],[151.26622730399231,-33.563399020292117,0],[151.26620882025702,-33.563391687561698,0],[151.26618456394772,-33.563366928738127,0],[151.26613407862877,-33.563301626520847,0],[151.26610552837241,-33.563275352617687,0],[151.26606838213712,-33.563253373106711,0],[151.26602795435608,-33.563234584636341,0],[151.26598544697509,-33.563218028322659,0],[151.26586521376257,-33.563176193637347,0],[151.26579674686653,-33.563154805452015,0],[151.2657274104013,-33.563135595529019,0],[151.2656148496996,-33.563109124707772,0],[151.26555580343597,-33.563099228931655,0],[151.26529569624549,-33.56306246708661,0],[151.26525278552097,-33.563059222138698,0],[151.26520668398055,-33.563058380024202,0],[151.26517645656963,-33.563057814871776,0],[151.26510001263389,-33.563060836004382,0],[151.26506208576257,-33.563063982144115,0],[151.26484028992226,-33.563046054460848,0],[151.2643941344499,-33.563140274687306,0],[151.26423853815785,-33.563174239185734,0],[151.2640852181967,-33.563207701397147,0],[151.2636709924428,-33.563416974849645,0],[151.26346373673371,-33.563528773437469,0],[151.2632388300276,-33.56366898799687,0],[151.2631343640449,-33.563767851486553,0],[151.2628558890018,-33.563984412847091,0],[151.26271788801117,-33.5640917202252,0],[151.26214174631721,-33.564714295905333,0],[151.26194877022789,-33.564969562867752,0],[151.26168351658913,-33.565424440161209,0],[151.26158990584827,-33.565554068253739,0],[151.26156339925919,-33.565706473718393,0],[151.26155060814784,-33.565827693986151,0],[151.26156692245172,-33.565902453361026,0],[151.261579086539,-33.565958164308086,0],[151.26161879656613,-33.566045438082689,0],[151.26168889480269,-33.566167832301346,0],[151.26178636919752,-33.566274019428299,0],[151.26181167473908,-33.566293668033296,0],[151.26183409399366,-33.566317010570195,0],[151.26185398449064,-33.566342808987685,0],[151.26187168848827,-33.566369834966203,0],[151.26188757249915,-33.56639687066702,0],[151.26190013094683,-33.566423636893227,0],[151.26192606441077,-33.566508606264087,0],[151.26193660614064,-33.566536341035473,0],[151.26195330582175,-33.566568270480722,0],[151.26196527227961,-33.566587409279592,0],[151.26201160738196,-33.566661496578753,0],[151.26204688961312,-33.566738183404702,0],[151.2620557461035,-33.566760745121201,0],[151.26205971665706,-33.566781309048054,0],[151.26205575508664,-33.566798223965151,0],[151.26203849036517,-33.566809993595768,0],[151.26201002095723,-33.566817891163723,0],[151.26195287552872,-33.566830727423451,0],[151.2619408722399,-33.56683996931968,0],[151.2619413204992,-33.566851586247871,0],[151.26194606270562,-33.566864010820311,0],[151.26197075829108,-33.566901103386762,0],[151.26198504689398,-33.566916261520873,0],[151.2620220772466,-33.566944175055845,0],[151.26203627601799,-33.566957711155922,0],[151.26204191474304,-33.566971497257036,0],[151.26203784537478,-33.566986781128847,0],[151.26202723177974,-33.567003597202095,0],[151.26201229728815,-33.56701962508906,0],[151.26199526612865,-33.56703253317594,0],[151.26197834186871,-33.567039991347137,0],[151.26195975931876,-33.567038261536517,0],[151.26189452905271,-33.567005928068589,0],[151.26187539942873,-33.567003848702143,0],[151.26186022329031,-33.567014434907342,0],[151.26184879492328,-33.56703522257876,0],[151.26182684189436,-33.567086684993313,0],[151.26181114563141,-33.567107042253447,0],[151.26178750826131,-33.5671216172613,0],[151.26170000157285,-33.567151798717511,0],[151.26167518920641,-33.567165836287195,0],[151.26165374731892,-33.567185996670432,0],[151.26163572980926,-33.567209374894603,0],[151.26161989969728,-33.56723469774159,0],[151.26157186138914,-33.567316718684623,0],[151.26152271186501,-33.567410830957172,0],[151.26150380681986,-33.567440977132406,0],[151.26148690950939,-33.567460662148719,0],[151.26144684105446,-33.567499619740197,0],[151.26143294681194,-33.567518094406424,0],[151.26142934277107,-33.567535340767982,0],[151.26144028784441,-33.567550426934055,0],[151.26150993871997,-33.567590791678107,0],[151.26152123323808,-33.567606030529859,0],[151.26152094577719,-33.56762257851716,0],[151.26151472494385,-33.56764060480166,0],[151.26150429999501,-33.56765896341922,0],[151.26149148103588,-33.567676514394691,0],[151.26147803505265,-33.567692147694025,0],[151.26145200367236,-33.567717067703249,0],[151.26143699821384,-33.567728236906994,0],[151.26142104233782,-33.56773725415546,0],[151.26140445045448,-33.567743162110666,0],[151.261387122851,-33.56774462319364,0],[151.26136865708202,-33.567742391149856,0],[151.26133026398503,-33.567734708487606,0],[151.26127854168595,-33.567732692013195,0],[151.26126216450001,-33.567733256386511,0],[151.26124823522323,-33.567735650107764,0],[151.2612386259446,-33.567740831264089,0],[151.26123633074909,-33.567750082044988,0],[151.26124043604997,-33.567763411431216,0],[151.26125456385438,-33.567795332189171,0],[151.26125796038448,-33.567810490166266,0],[151.26125655362276,-33.567850012720939,0],[151.26125275285077,-33.567869849590473,0],[151.26124596697716,-33.567886334652812,0],[151.26123549711252,-33.567896911767754,0],[151.26122203316302,-33.567900452941537,0],[151.26120571885915,-33.567900013569535,0],[151.2611697018061,-33.567895549489926,0],[151.26115258890002,-33.567895746346537,0],[151.26111491355692,-33.567903885582041,0],[151.26107335659361,-33.567918111652517,0],[151.26103492846238,-33.567935842216251,0],[151.26100666476856,-33.567954514394138,0],[151.26099556698153,-33.567971599740218,0],[151.26099976211393,-33.567985610230501,0],[151.26103194336071,-33.568027777166762,0],[151.26103562735167,-33.568041545881435,0],[151.2610323197548,-33.568049613246913,0],[151.26102910109114,-33.568057465791291,0],[151.26101376415431,-33.568073143931841,0],[151.26095115068068,-33.568118420852812,0],[151.26088290746517,-33.568178604914344,0],[151.26086212943264,-33.568192086928782,0],[151.26084594897773,-33.568195009079524,0],[151.26083723621781,-33.568191056241872,0],[151.26081368778097,-33.568172850431871,0],[151.26080501993675,-33.568168413312399,0],[151.26078340736933,-33.568168009869851,0],[151.26075713434221,-33.568177197730826,0],[151.26069817791011,-33.568206814447848,0],[151.26066924227655,-33.568218548706852,0],[151.26063441728786,-33.568228023238497,0],[151.26049219511381,-33.568259415382869,0],[151.26045449282137,-33.568271175832265,0],[151.26038015453662,-33.568298264829785,0],[151.26034267592465,-33.568309810454217,0],[151.26030442655818,-33.568317511029299,0],[151.26026978033431,-33.568319948895912,0],[151.26023459691785,-33.568319303688362,0],[151.2601635752132,-33.568315225108286,0],[151.26005537134063,-33.568315610586119,0],[151.26001899496148,-33.568316954893334,0],[151.25998407205648,-33.568321168203454,0],[151.25995170306186,-33.568329889732269,0],[151.25992161938132,-33.568342914389326,0],[151.25989165338009,-33.568359507145395,0],[151.2598640975587,-33.568378950186791,0],[151.25984125789265,-33.568400526448649,0],[151.2598254268824,-33.568423518866652,0],[151.25981917909957,-33.568439690201927,0],[151.25981346042445,-33.568474649617016,0],[151.25981332567719,-33.568510084314809,0],[151.25981548612546,-33.568527510117967,0],[151.25982953308153,-33.568579608615174,0],[151.2598323115707,-33.568597079314202,0],[151.25983304639266,-33.568621237091286,0],[151.25982864554607,-33.568669992741725,0],[151.2598195105779,-33.568718335194198,0],[151.25981238424274,-33.568744474208785,0],[151.25978345759228,-33.568821761724237,0],[151.25975801820175,-33.568901487020661,0],[151.25975045259045,-33.568928531659211,0],[151.25974752138765,-33.568954267171307,0],[151.2597521108805,-33.568977591773567,0],[151.25975841256221,-33.568988617103244,0],[151.25978494610072,-33.56901941766035,0],[151.25980372538172,-33.569047743684237,0],[151.2598120527644,-33.569065518925655,0],[151.25981237525963,-33.569073846671387,0],[151.25980410177584,-33.569081116045773,0],[151.25974305676075,-33.569098174971671,0],[151.2597287690561,-33.569107371715603,0],[151.25972149000737,-33.569121409715834,0],[151.25971862168669,-33.569138709648669,0],[151.25971922176129,-33.569157660005985,0],[151.25972234161028,-33.569176654520184,0],[151.25973108131964,-33.569205169112699,0],[151.25974220605616,-33.569226897860631,0],[151.25975707676739,-33.569246546542161,0],[151.25977850967172,-33.569260208028041,0],[151.25980773186791,-33.569269620320533,0],[151.25983861325247,-33.569277570806427,0],[151.25986489526269,-33.569286875314141,0],[151.25988039389625,-33.569300321227907,0],[151.2598852439005,-33.569316367400823,0],[151.25988617635176,-33.56933496742495,0],[151.25988347781268,-33.569354213393375,0],[151.25987741867607,-33.569372159227733,0],[151.25987005877892,-33.569384036290259,0],[151.2598682926911,-33.56938688654548,0],[151.25985153911103,-33.56939835193576,0],[151.25982753343172,-33.569405487302895,0],[151.25974322744059,-33.569419820160164,0],[151.25965379386588,-33.569441692564304,0],[151.25962483128282,-33.56945035185521,0],[151.25959726737659,-33.569461135361991,0],[151.25956994511731,-33.569475119413397,0],[151.25954385085487,-33.56949120073287,0],[151.25951880492647,-33.569508796993809,0],[151.25947115289389,-33.569546095755776,0],[151.25942739056649,-33.569585860026628,0],[151.25936543196477,-33.569648688974333,0],[151.25927900954278,-33.569729705398196,0],[151.25925970115412,-33.569751290304367,0],[151.2592170419579,-33.569804025774694,0],[151.25919797521595,-33.569831697363092,0],[151.25918297874063,-33.569860032102333,0],[151.25917400546928,-33.569888860833728,0],[151.2591714335926,-33.569909441979235,0],[151.25917284933746,-33.569951877431052,0],[151.25918227985133,-33.569993057650784,0],[151.25919370821839,-33.570014840091389,0],[151.25922830952646,-33.570055859356678,0],[151.25924373629491,-33.57007649435333,0],[151.25925273651566,-33.570098133812195,0],[151.25925477119983,-33.570123654160483,0],[151.25925163428286,-33.570150734343443,0],[151.25924410460411,-33.570178020351165,0],[151.25923297088448,-33.570204150690522,0],[151.25921903172625,-33.570227761624537,0],[151.25920606095184,-33.570242337602586,0],[151.2591574854512,-33.570281393487249,0],[151.25914508780195,-33.570296094452956,0],[151.25913552343914,-33.570318037741053,0],[151.25913110462622,-33.570342141894265,0],[151.25912698944393,-33.570392779755316,0],[151.25912192474235,-33.57041720648364,0],[151.25910303766352,-33.570477328315711,0],[151.25909176111173,-33.570506980919312,0],[151.25907982160334,-33.570529004989758,0],[151.25906766649919,-33.570537879734282,0],[151.25905730353409,-33.570537727044048,0],[151.25897492442925,-33.570550931003552,0],[151.25888907692911,-33.570582018420026,0],[151.25880483292178,-33.570616359471067,0],[151.25872724093909,-33.570639316120349,0],[151.25866138275069,-33.570636250344045,0],[151.25863230338663,-33.570623127233503,0],[151.25860499909359,-33.57060636425885,0],[151.25857893178068,-33.570587280241476,0],[151.25846908758433,-33.570500168238837,0],[151.25838573111247,-33.570424198806414,0],[151.25833569405287,-33.570372422521416,0],[151.25833554223757,-33.570372251867305,0],[151.2582639734589,-33.570292383471674,0],[151.25818063585169,-33.570204741993116,0],[151.25815487306767,-33.57017459678287,0],[151.25813220318312,-33.570143078840943,0],[151.25811126345383,-33.57010678405544,0],[151.25809330882626,-33.570068946626137,0],[151.25807792607534,-33.570030061300145,0],[151.25805313167521,-33.56995114241731,0],[151.25803414578169,-33.569864138303487,0],[151.25800222504634,-33.569743268007173,0],[151.25798972948073,-33.569703369080869,0],[151.25796540130619,-33.569635520804333,0],[151.25793019094036,-33.569551528296067,0],[151.25791657427729,-33.569524215144703,0],[151.25789648615086,-33.569490205240527,0],[151.25782691702207,-33.569391593059187,0],[151.25780587847808,-33.569357861541683,0],[151.25778633652737,-33.569320114351683,0],[151.25773527808329,-33.569203859998531,0],[151.25771643592017,-33.569165790140595,0],[151.25765756033647,-33.569065536889504,0],[151.25752562836396,-33.568859527096038,0],[151.25747210494268,-33.568753366352169,0],[151.25745569182411,-33.568728437660056,0],[151.25743070877778,-33.568700228296983,0],[151.25740174619469,-33.568674151394269,0],[151.25734077304477,-33.568623442166412,0],[151.25731321812174,-33.568596326324958,0],[151.2572854206536,-33.568560354240617,0],[151.25723799230153,-33.568483012599224,0],[151.25721257087733,-33.568445803197925,0],[151.25718214673523,-33.568412340770841,0],[151.25714425579659,-33.568380841646579,0],[151.25714343114313,-33.568380258565007,0],[151.25710232243907,-33.568351564808438,0],[151.25705732313162,-33.568325094089118,0],[151.25701021727468,-33.568301984878829,0],[151.25696197325237,-33.56828281128044,0],[151.2569126898793,-33.568181840687835,0],[151.25682867045074,-33.568109053344955,0],[151.25677938617932,-33.56800808329767,0],[151.25669536675082,-33.567935286826291,0],[151.25634924946507,-33.567285783536924,0],[151.25623303172185,-33.567112249645355,0],[151.25614929885589,-33.567025137879071,0],[151.25585049403952,-33.566576867184487,0],[151.25579732814779,-33.56646592884605,0],[151.25571917112478,-33.566302838129268,0],[151.25568697281011,-33.566202101004741,0],[151.2555878401252,-33.566028800719188,0],[151.25522211890507,-33.56550797559288,0],[151.25518964211264,-33.565421562828242,0],[151.25515744379786,-33.565320834406428,0],[151.25507539617135,-33.565147766641502,0],[151.25500874926217,-33.565060878949069,0],[151.25499335842639,-33.564974699278253,0],[151.25486231398938,-33.564686345719984,0],[151.25481302971795,-33.564585375412918,0],[151.25471431834291,-33.564412800955282,0],[151.25471390601624,-33.564412074876813,0],[151.25463017315025,-33.564324954398174,0],[151.25464811070984,-33.564282222754862,0],[151.25461478231452,-33.564238774741433,0],[151.25459769725612,-33.564238541198208,0],[151.25449716589435,-33.564136871982591,0],[151.25408104020363,-33.563572365528145,0],[151.25401553145983,-33.563428188773649,0],[151.2539671077744,-33.56328423634173,0],[151.25370446284325,-33.562736169189002,0],[151.25351508091336,-33.562431815350784,0],[151.25338972910032,-33.562230367882968,0],[151.25329004934142,-33.562085716549959,0],[151.2532575815321,-33.561999303354959,0],[151.25319092563976,-33.561912415488834,0],[151.25310804527498,-33.561782330549676,0],[151.252825231369,-33.561391590237776,0],[151.25267458299757,-33.561231915357432,0],[151.25259029407442,-33.561173442908171,0],[151.25254016808159,-33.561115436774102,0],[151.25217052930847,-33.560795145498325,0],[151.25208596280598,-33.560750997318195,0],[151.25198515386478,-33.560663634353283,0],[151.25193709848864,-33.560638562595067,0],[151.25190057927739,-33.560619504820139,0],[151.25164799188411,-33.560429764488191,0],[151.25154718294297,-33.56034241018115,0],[151.25144750318407,-33.560197767663091,0],[151.25128457394436,-33.559794334838948,0],[151.25126760566698,-33.559726594056862,0],[151.25130847182589,-33.559338614933203,0],[151.25132385457678,-33.559231916981354,0],[151.25134924006841,-33.55908449536922,0],[151.25135627747034,-33.559033436162508,0],[151.25136178054976,-33.558970195256791,0],[151.25136136822303,-33.558949336025798,0],[151.25135838312133,-33.558928934173373,0],[151.25135065671165,-33.558905475106293,0],[151.2513391825305,-33.55888254528066,0],[151.25126412739016,-33.558767519523641,0],[151.25122932935099,-33.558720754755171,0],[151.25119866356212,-33.558685786151102,0],[151.25117719472516,-33.558656088315814,0],[151.25115049050672,-33.558626068578924,0],[151.25110641466733,-33.558586671307751,0],[151.25106757420937,-33.558555817622761,0],[151.25098134941683,-33.558512961105372,0],[151.25095890411117,-33.558506676728676,0],[151.25083777348161,-33.558472775521558,0],[151.2506783584513,-33.558464160793562,0],[151.25054735893002,-33.558449182333689,0],[151.25044553668926,-33.558430474414052,0],[151.25035643459282,-33.558432231346224,0],[151.25026655275877,-33.558429891265284,0],[151.25017667990781,-33.558423508817732,0],[151.25008761374406,-33.558413128917813,0],[151.25000013490339,-33.558398822679905,0],[151.2499189388798,-33.558380634268609,0],[151.24983886305532,-33.558357883964504,0],[151.24975965769843,-33.558332076424293,0],[151.24947324064988,-33.55823164440865,0],[151.24934529809553,-33.558182888853217,0],[151.2491748391771,-33.558113633160083,0],[151.24912173616735,-33.558090936684096,0],[151.2490707666565,-33.558065980958993,0],[151.24902320445548,-33.558037556261837,0],[151.24897529191148,-33.558001404608852,0],[151.24893104539217,-33.557961119973122,0],[151.24888965012551,-33.557918021365808,0],[151.24885027966161,-33.557873434537775,0],[151.2487830497457,-33.557793484962225,0],[151.24872815459702,-33.557721055673312,0],[151.24867739169864,-33.557646619345448,0],[151.24865062549645,-33.557596465835552,0],[151.2486497828767,-33.557594439392687,0],[151.24860673740491,-33.557490385567803,0],[151.24858009696686,-33.557441541259756,0],[151.24854397211598,-33.557400235278962,0],[151.24853697962985,-33.557395358929135,0],[151.24847649067189,-33.557185852294907,0],[151.24828884788039,-33.556803054799914,0],[151.24808618166409,-33.556660447042887,0],[151.24771839791202,-33.556622914391404,0],[151.24712728669212,-33.556613869781316,0],[151.24711442281725,-33.556607890696135,0],[151.24705622905483,-33.556584073915353,0],[151.24693780594751,-33.556539352398822,0],[151.24687997959612,-33.556515284068553,0],[151.24682466223922,-33.556487970536793,0],[151.24677627538472,-33.556459868717006,0],[151.24672931236,-33.556429714216733,0],[151.24668379382626,-33.556397837916826,0],[151.24659717467327,-33.556330330281334,0],[151.24656580999516,-33.556302613941739,0],[151.24655080363831,-33.556287787073828,0],[151.24647704836022,-33.556214937303217,0],[151.24644630172304,-33.556186637762671,0],[151.24637536984989,-33.556127547291936,0],[151.24626467405071,-33.556042514555912,0],[151.24616245744943,-33.555973268375766,0],[151.24612913803722,-33.555949639320588,0],[151.24609790810638,-33.555924333376851,0],[151.24604459938243,-33.55587513034839,0],[151.24601966125189,-33.555849179830723,0],[151.24599700933368,-33.555822144570861,0],[151.24597752128193,-33.555793943718058,0],[151.24595947682275,-33.555760140262691,0],[151.24594499148881,-33.55572441885581,0],[151.24593373290332,-33.555687514630129,0],[151.24592539653753,-33.555650116305834,0],[151.24591713113855,-33.555584841192662,0],[151.24591702334078,-33.555527991653179,0],[151.24592252731853,-33.555471464728072,0],[151.24593661919033,-33.555402173173398,0],[151.24595892166394,-33.555334046405278,0],[151.24597297670488,-33.555301059507279,0],[151.24599207937939,-33.555215363434051,0],[151.24602852672538,-33.555144198639645,0],[151.24624598370289,-33.554788794511566,0],[151.24644433890413,-33.554519095502293,0],[151.24653383536094,-33.554434242349181,0],[151.24657251502043,-33.554377760374273,0],[151.24666028132197,-33.554249593287366,0],[151.24673193005074,-33.554178849920852,0],[151.24678648473792,-33.554079268753561,0],[151.24693027626887,-33.553909141521054,0],[151.24703736892542,-33.553824512356726,0],[151.24732245916235,-33.553627448243297,0],[151.24753589168733,-33.553501118676238,0],[151.24773197864249,-33.553360267743805,0],[151.24798236965492,-33.553134142917941,0],[151.24810705851129,-33.553049719617107,0],[151.24828754801817,-33.552794111980518,0],[151.24831833957114,-33.552707169936063,0],[151.24833446522879,-33.552661633393356,0],[151.24835153321922,-33.552268096826225,0],[151.24835678566868,-33.552076195537083,0],[151.24841462190159,-33.551784400070886,0],[151.24846194245583,-33.551574095996152,0],[151.24858286647284,-33.551345389649576,0],[151.24873533483108,-33.551050967695801,0],[151.24879842351348,-33.550974728858009,0],[151.24883522928732,-33.550979990376867,0],[151.24896929475867,-33.550769677606169,0],[151.24922429323013,-33.550383249894743,0],[151.24942933549033,-33.550112483769524,0],[151.24952660327267,-33.550028356979588,0],[151.24975268407684,-33.549673472339322,0],[151.2499097149784,-33.549495878242453,0],[151.24997350255009,-33.54942373622152,0],[151.24999621735037,-33.549398359488997,0],[151.25017591813648,-33.54919765574504,0],[151.25034704899471,-33.549012836024559,0],[151.25037308127335,-33.548984725035098,0],[151.25037656763496,-33.548977024982186,0],[151.25052554873324,-33.548648235451857,0],[151.25068065274854,-33.548522058819835,0],[151.25071670573413,-33.548483055982985,0],[151.25080945678724,-33.548382731555805,0],[151.25084826131251,-33.548290751735429,0],[151.25095141844989,-33.548046241125519,0],[151.25103028424357,-33.547830675974275,0],[151.2510434247996,-33.547683469241527,0],[151.25108548392123,-33.547633521823791,0],[151.25112229059329,-33.547544142122661,0],[151.25118012592796,-33.547541506766578,0],[151.25132470617967,-33.547178734260854,0],[151.25141145918164,-33.547028892543111,0],[151.25148768931834,-33.546755499991995,0],[151.25155603943335,-33.546705552786563,0],[151.25162438954837,-33.546547822806552,0],[151.251721658229,-33.546145617728577,0],[151.25183731991513,-33.545840672362253,0],[151.25193721437134,-33.545764442403623,0],[151.25195824393211,-33.545654032865833,0],[151.25210283316702,-33.545367490299142,0],[151.25230787542725,-33.545009971297596,0],[151.25246823189198,-33.544647198645919,0],[151.25265488024843,-33.544415865466235,0],[151.25282049814575,-33.544155614243799,0],[151.25293616073017,-33.543824386527803,0],[151.25307811430804,-33.543603558610208,0],[151.25317866273775,-33.543402469294421,0],[151.25318406879916,-33.543391668308431,0],[151.25325424698582,-33.543251301039049,0],[151.25339355682175,-33.542863850643343,0],[151.25342249245534,-33.542783372056796,0],[151.25359336370047,-33.542396943819512,0],[151.25368011670238,-33.542028910115015,0],[151.25380629406723,-33.541663502142704,0],[151.25395088330211,-33.541405886411155,0],[151.2540402629779,-33.540961613542542,0],[151.25417170177536,-33.540580438563204,0],[151.25427684957936,-33.540272866433838,0],[151.25439252024862,-33.540088853491284,0],[151.25455813904426,-33.539828602716213,0],[151.25464750973688,-33.539563089692557,0],[151.2547947256457,-33.539415874117722,0],[151.2549577168692,-33.539016295423586,0],[151.2551601324555,-33.538690329746004,0],[151.25529682460072,-33.538185594653704,0],[151.25545718106545,-33.537580974148021,0],[151.25543615150465,-33.537302320056767,0],[151.25533956464525,-33.536931623737921,0],[151.25534025544979,-33.536896296637885,0],[151.25524678754104,-33.536436515884624,0],[151.25521403316921,-33.536364428105202,0],[151.25514994106862,-33.536148619664225,0],[151.2551527554904,-33.536005366811672,0],[151.25510629552218,-33.535761160641144,0],[151.25507664213467,-33.535531503418639,0],[151.25504389674595,-33.535459415633341,0],[151.25501282761354,-33.535301380589466,0],[151.25489321244189,-33.535016164249299,0],[151.25484964774384,-33.534912280913851,0],[151.25468476377006,-33.534609128207883,0],[151.25458482439811,-33.534478809717058,0],[151.25450281360258,-33.534305742312249,0],[151.25445270467768,-33.534247745095648,0],[151.25418845535543,-33.533785625232099,0],[151.25417278604192,-33.533713761379879,0],[151.25409077524637,-33.533540702178009,0],[151.25374197738782,-33.533034434912111,0],[151.25371352594618,-33.532996579745671,0],[151.2534589667508,-33.532658019604405,0],[151.25337499223807,-33.532585222546125,0],[151.25330837227827,-33.532498344036277,0],[151.25310793747715,-33.532266338105359,0],[151.25290919689863,-33.531948394498741,0],[151.25277566951814,-33.531788952748613,0],[151.25269168602225,-33.531716156456206,0],[151.25255788016403,-33.531571038438862,0],[151.25249126020429,-33.531484159658696,0],[151.25215562176638,-33.531178657857104,0],[151.25214967851244,-33.53117091278606,0],[151.25202238184676,-33.531004891183862,0],[151.25195519594837,-33.53094666111501,0],[151.25192215501386,-33.530886889176237,0],[151.25170776398653,-33.530499089816971,0],[151.25165991432459,-33.530326488454897,0],[151.25161149962236,-33.530182544518752,0],[151.25158072603566,-33.530010185146566,0],[151.25154798064693,-33.52993809725043,0],[151.2512316865303,-33.529518232941157,0],[151.25116081753922,-33.52937143907937,0],[151.25111028730447,-33.529241945402909,0],[151.25104866916425,-33.529137972008094,0],[151.25091826073441,-33.529153721612374,0],[151.25084714111341,-33.529195834865959,0],[151.25072298046641,-33.529251635382046,0],[151.25050836486017,-33.529449551096477,0],[151.25040130813622,-33.529534189155108,0],[151.25006453153281,-33.529673363339775,0],[151.24974634646253,-33.529755473861961,0],[151.24962293950207,-33.529768319372955,0],[151.2495168772131,-33.529795686280679,0],[151.24940900481883,-33.529807877304485,0],[151.24928766847509,-33.529821583218187,0],[151.24895463874472,-33.52974598986885,0],[151.24874402064154,-33.529714812872314,0],[151.24862161799757,-33.529670387467455,0],[151.24806038294744,-33.529563420739727,0],[151.24783216864441,-33.529532037747238,0],[151.24772711157027,-33.52950213369639,0],[151.24728802853411,-33.529453898846505,0],[151.24684844423808,-33.529434303267237,0],[151.24677040399601,-33.529424272587441,0],[151.24672553853753,-33.529418508783806,0],[151.24662048954815,-33.529388604693722,0],[151.2463920156321,-33.529371537177141,0],[151.24618139842715,-33.529340378766541,0],[151.2457591588026,-33.529335305386368,0],[151.24553094539797,-33.52930392231108,0],[151.24507502793335,-33.529212516764836,0],[151.24495212313116,-33.52919672224089,0],[151.24484706515867,-33.529166818074096,0],[151.24472416035644,-33.529151014555744,0],[151.24460176579731,-33.529106588861175,0],[151.24449670782482,-33.52907667642598,0],[151.24437430518086,-33.529032241707156,0],[151.24414729192537,-33.528980707948406,0],[151.24404129341679,-33.52895663943049,0],[151.2438306753136,-33.528925462898179,0],[151.24340893784725,-33.528891749277051,0],[151.2430920077235,-33.528902255533431,0],[151.24212438202525,-33.528890602050694,0],[151.24171999012876,-33.528871409969845,0],[151.24150937202555,-33.528840233406804,0],[151.24146599507543,-33.528839713709949,0],[151.24108713240096,-33.528835142025024,0],[151.24089386076594,-33.52881849599779,0],[151.24043795228454,-33.528727071966159,0],[151.24020973887986,-33.528695680432861,0],[151.24010468989056,-33.528665776841642,0],[151.23966561583754,-33.528617523552917,0],[151.23934868571374,-33.528628011121477,0],[151.2391375654523,-33.528625465798804,0],[151.23879991927973,-33.528598466203519,0],[151.2387158378674,-33.528591734088458,0],[151.2383989068453,-33.528602230646285,0],[151.23831069228441,-33.528615488941981,0],[151.23788845355813,-33.52861038781203,0],[151.23766049886822,-33.528564671579616,0],[151.23731066165894,-33.528445872464886,0],[151.23722294027317,-33.528430498652526,0],[151.23699599978124,-33.528327512011394,0],[151.23690929977991,-33.528254867816223,0],[151.23677157726704,-33.528081352122463,0],[151.23665321704186,-33.527807833739644,0],[151.23665473160145,-33.527721923188743,0],[151.23577383285405,-33.527938376456831,0],[151.23318825329426,-33.528573636003848,0],[151.23176384954544,-33.528923625239969,0],[151.22917824393454,-33.529558885037211,0],[151.22916625861205,-33.529594427056203,0],[151.22915146785084,-33.52962968225647,0],[151.22913407826366,-33.529664238029909,0],[151.22911427669982,-33.529697727448067,0],[151.22909226977197,-33.52972972891817,0],[151.22905960523158,-33.529768875008251,0],[151.22902209068701,-33.5298058779168,0],[151.22898102689877,-33.529840846976192,0],[151.22893770384755,-33.529873914732569,0],[151.22889342229396,-33.529905189768947,0],[151.22884030131794,-33.529938679842658,0],[151.22878408834069,-33.529969219501659,0],[151.22872574186468,-33.529997474461396,0],[151.22860644020508,-33.530049680814358,0],[151.22851433504067,-33.530085491462266,0],[151.22837391488699,-33.530135501439354,0],[151.22818877300529,-33.530206280963355,0],[151.22814138867071,-33.530221331713946,0],[151.22808893154968,-33.530234947702432,0],[151.22803557791002,-33.530246377103666,0],[151.22787397548197,-33.5302769443607,0],[151.22765986203399,-33.530320849766014,0],[151.22754936296579,-33.530346298746089,0],[151.22737858155222,-33.530390079061661,0],[151.22732109566223,-33.530402753745314,0],[151.22722180128065,-33.530420825238046,0],[151.22702997233995,-33.530450173340228,0],[151.22694395415988,-33.530463332507168,0],[151.22687988811049,-33.530472295985739,0],[151.22681569719524,-33.530479431572964,0],[151.22675138051576,-33.530483752313394,0],[151.22666616902291,-33.530485437177482,0],[151.22658085871527,-33.530483312751095,0],[151.2265384231996,-33.53048070458145,0],[151.22647772852744,-33.53047484200286,0],[151.22641717668742,-33.530466577181684,0],[151.22635689344361,-33.530456367651581,0],[151.22623763669972,-33.530431815052147,0],[151.22609813911592,-33.530397985200949,0],[151.22605262058212,-33.53038444037692,0],[151.2259678663317,-33.530353353470105,0],[151.22588909036952,-33.530317998970581,0],[151.22585120841399,-33.530298296504391,0],[151.22581475208483,-33.530277159275002,0],[151.22576415088315,-33.53024332936333,0],[151.22571613952448,-33.53020598517513,0],[151.22567075483974,-33.530165898750901,0],[151.22562802377826,-33.530123893052739,0],[151.2255604534009,-33.530049447178676,0],[151.22550839064033,-33.529984432041424,0],[151.22548589053736,-33.529950521141245,0],[151.2254671022732,-33.529915570098161,0],[151.2254496848382,-33.529872767519244,0],[151.22543633766966,-33.529827992489977,0],[151.22542723054937,-33.529782132376269,0],[151.22542256020819,-33.529736147182788,0],[151.22542250630923,-33.529690942251307,0],[151.22537859216658,-33.529518376717853,0],[151.22536354179235,-33.529374997558016,0],[151.22536303065095,-33.529403637614557,0],[151.22531279596191,-33.529259810458683,0],[151.22360995400092,-33.529432187801085,0],[151.22093483306855,-33.529702926611343,0],[151.2194027276054,-33.529858012497364,0],[151.21672758960506,-33.530128751471992,0],[151.21672452365502,-33.530300555724772,0],[151.21666841847565,-33.530486037737909,0],[151.21652307645252,-33.53074202212148,0],[151.21637593240902,-33.531098241775581,0],[151.21635527924229,-33.531269830687812,0],[151.21635194469599,-33.531455958351025,0],[151.21636825899989,-33.531527760430279,0],[151.21636366950705,-33.531785465506957,0],[151.21632694458165,-33.531870945944021,0],[151.21621831850084,-33.532041458773264,0],[151.2161285624309,-33.532140600323295,0],[151.216052556873,-33.532259902057064,0],[151.2160199282653,-33.532311113369552,0],[151.21584092636849,-33.532480765695496,0],[151.21541356005861,-33.532761938596217,0],[151.21528963297357,-33.532803379160043,0],[151.21507620943177,-33.532929646133759,0],[151.21474013171766,-33.533025766728912,0],[151.21461621361578,-33.533067207166312,0],[151.21410368881362,-33.533189807605311,0],[151.21394508945352,-33.533202177863728,0],[151.21383901009659,-33.533229518225227,0],[151.21371537855725,-33.533244729442558,0],[151.21352154996674,-33.533268582608763,0],[151.21339839453455,-33.53326707676316,0],[151.21329257479073,-33.533280092479814,0],[151.21251768353508,-33.533313537066853,0],[151.21220073454663,-33.533323962663914,0],[151.21176089063741,-33.533318566034175,0],[151.21102875739268,-33.533378723423191,0],[151.21100306647389,-33.533380847778432,0],[151.21077332862814,-33.533435303738898,0],[151.21043827319684,-33.533474135900647,0],[151.2102095477525,-33.53347133013731,0],[151.20987604281333,-33.533424269378429,0],[151.20950785661606,-33.533348129556998,0],[151.20866232903299,-33.533395001658917,0],[151.20843385511688,-33.533377872033711,0],[151.20836861586767,-33.533359289726192,0],[151.20832880612758,-33.533347922887181,0],[151.20750241715157,-33.533309109388874,0],[151.20738003157561,-33.5332646386561,0],[151.20703047284408,-33.533131451711014,0],[151.20696009612973,-33.533130582347766,0],[151.20683771145204,-33.533086112271988,0],[151.20668386238327,-33.53310929305438,0],[151.20652884819947,-33.533127122117243,0],[151.20645116638534,-33.5331340066355,0],[151.20635145159213,-33.533139439219433,0],[151.20605078995814,-33.533142397001015,0],[151.20595076165293,-33.53314577635998,0],[151.20586870504329,-33.533151530929473,0],[151.20573970427355,-33.533163148644078,0],[151.20562293047314,-33.533173663367094,0],[151.20554087476185,-33.53317789411625,0],[151.20538581566234,-33.53318188300117,0],[151.20530818774702,-33.533181793893377,0],[151.20523096227703,-33.533178943192269,0],[151.20515450037499,-33.533172291555978,0],[151.20505429150839,-33.533160226057035,0],[151.20495143889997,-33.533144889025529,0],[151.20485119499907,-33.533123491907673,0],[151.20475882123841,-33.533093202715136,0],[151.20467957006741,-33.533051233633017,0],[151.20463632786459,-33.533018846259317,0],[151.20459532695841,-33.532982533628129,0],[151.20455815287534,-33.53294312765928,0],[151.20452642078618,-33.532901454283277,0],[151.20450168926811,-33.532858355156947,0],[151.20448443352987,-33.53281473633615,0],[151.20447245719049,-33.532768294484633,0],[151.20446596776085,-33.532720542941057,0],[151.20446517005692,-33.532673033985382,0],[151.20447027967418,-33.532627281711655,0],[151.20206950153465,-33.532067750412345,0],[151.20181700397291,-33.532408327917636,0],[151.20170834285781,-33.532578822464437,0],[151.20152753894061,-33.533018703237282,0],[151.20145068177987,-33.533205736184726,0],[151.20128924104858,-33.533375585936859,0],[151.20097099219794,-33.533457561902722,0],[151.20079170373856,-33.533641511086586,0],[151.20070037921019,-33.533826545638391,0],[151.20036871222408,-33.534653033659609,0],[151.20034930502067,-33.534753026586017,0],[151.20028779377995,-33.534896145982721,0],[151.200275827322,-33.534923970275663,0],[151.20019848596931,-33.535309662919346,0],[151.20017804750003,-33.535466936433423,0],[151.20002799111828,-33.535980608375745,0],[151.20000910403942,-33.536051979143743,0],[151.19992010075774,-33.536108156363909,0],[151.19965619189693,-33.536104884945082,0],[151.1994445434261,-33.536130907285326,0],[151.19932189823697,-33.536100743443917,0],[151.19914879467836,-33.535941077229445,0],[151.19901114403075,-33.53576752529446,0],[151.19898566870759,-33.53572079599887,0],[151.19890893641264,-33.535580088304158,0],[151.19880544779701,-33.535464246796494,0],[151.19849314220025,-33.535216930880537,0],[151.19803959179646,-33.534996497298081,0],[151.19779611242188,-33.534835952958844,0],[151.19764086557444,-33.53466218614826,0],[151.19755600352619,-33.534489280101241,0],[151.1974675823528,-33.534000088740392,0],[151.19746001674147,-33.533958235413465,0],[151.19742637483407,-33.533871894423491,0],[151.19709805137754,-33.533538452776739,0],[151.19701136934248,-33.533465772524202,0],[151.19687398818945,-33.533277905222533,0],[151.19677463990891,-33.53293298057261,0],[151.19667192204773,-33.532774183864817,0],[151.19658550860899,-33.532687187981765,0],[151.19653453999643,-33.532586316557932,0],[151.19653635908489,-33.532486090491652,0],[151.19655679755419,-33.532328817545313,0],[151.19665090147012,-33.532268866098157,0],[151.19681641246794,-33.532150568536444,0],[151.19686670914066,-33.532110481516128,0],[151.19687633638557,-33.532101033724423,0],[151.1969103816366,-33.532067651568795,0],[151.19694365613299,-33.532021155401296,0],[151.19696076814085,-33.531979239713458,0],[151.19697033250367,-33.531934474011997,0],[151.19698126859393,-33.531841571366726,0],[151.19698984750488,-33.531795980397504,0],[151.19701446224204,-33.531680327014406,0],[151.19702883169333,-33.531622867934772,0],[151.1970490904996,-33.531568483468199,0],[151.19707861722466,-33.531519307007244,0],[151.19711633748344,-33.53148069936227,0],[151.19716250280422,-33.531446797285916,0],[151.19726369712265,-33.53138335946695,0],[151.19731046161968,-33.531348946656514,0],[151.19735485186948,-33.531309567649508,0],[151.19752228077041,-33.531143546313587,0],[151.19777632882435,-33.530904010309079,0],[151.19790838656098,-33.530783588707429,0],[151.19795011330595,-33.530742129952486,0],[151.19798814797508,-33.530698627629832,0],[151.19804786528024,-33.530619162112544,0],[151.19807476622975,-33.530577784152108,0],[151.19809817183446,-33.530535375784552,0],[151.19811696908178,-33.530492026118907,0],[151.19813156221355,-33.53043879788158,0],[151.1981388861781,-33.530383588957953,0],[151.19814157483572,-33.530327241028893,0],[151.19814348465403,-33.530214438726581,0],[151.19814389698075,-33.53020932870497,0],[151.19814942790794,-33.530140853337876,0],[151.19814929316067,-33.530116596437331,0],[151.1981460035301,-33.530092859968128,0],[151.19813361486399,-33.530060150237247,0],[151.19811390313174,-33.530028669328026,0],[151.19806637596497,-33.529966772315589,0],[151.19804549911777,-33.529935040513244,0],[151.19802417401129,-33.529893617295443,0],[151.19796755769048,-33.529766463760616,0],[151.19794607987035,-33.529725113099055,0],[151.19791783414286,-33.52967741528856,0],[151.19785581265899,-33.529584055674476,0],[151.19778704123414,-33.529494317335654,0],[151.19775495880205,-33.52932208314526,0],[151.1976173171376,-33.529148522416094,0],[151.19722018542524,-33.528728309055928,0],[151.19701579803683,-33.528353435598262,0],[151.19698216511259,-33.528267094253081,0],[151.19697497589539,-33.528221360615731,0],[151.19696638800127,-33.528166661739796,0],[151.19698117876243,-33.528009371201534,0],[151.19698975767338,-33.527859197459328,0],[151.19699273379189,-33.527768850011483,0],[151.19699242027991,-33.527593711325814,0],[151.19699126324977,-33.527551311978662,0],[151.19698646804278,-33.527509799254105,0],[151.19697591732984,-33.527469838136355,0],[151.19695316659693,-33.527425323213208,0],[151.1969212997605,-33.52738321059504,0],[151.19684752651614,-33.527301288778474,0],[151.19681425201972,-33.527259005360662,0],[151.19673575453521,-33.52713168095643,0],[151.19671375659055,-33.5271011762404,0],[151.19667094468076,-33.527050485294012,0],[151.19662374000913,-33.527001605058111,0],[151.19657274444711,-33.526955117399254,0],[151.19651859310349,-33.526911588458972,0],[151.19646190491747,-33.526871555174239,0],[151.1961672404363,-33.526624454314486,0],[151.19601071169299,-33.526522264559034,0],[151.19573035467937,-33.526456298708744,0],[151.19562523382481,-33.526431558506452,0],[151.19552123316939,-33.526344348057485,0],[151.19538360947126,-33.526170787342544,0],[151.19533420033397,-33.525984014011868,0],[151.19526875447229,-33.525711105315096,0],[151.19523667204024,-33.525538862840484,0],[151.19522089582722,-33.525438430154097,0],[151.19521622548604,-33.525360353455063,0],[151.19521596497461,-33.525281658864898,0],[151.19522008824174,-33.525202856365247,0],[151.19522856833802,-33.525124484396834,0],[151.19524136933086,-33.525047053694003,0],[151.19524960688196,-33.525012309605366,0],[151.19527964564679,-33.524908802168426,0],[151.1952864575716,-33.524873977145539,0],[151.19529422979539,-33.524797622355685,0],[151.19529533202831,-33.524759166727286,0],[151.19529417589649,-33.524720854866473,0],[151.19529043800659,-33.524682927912288,0],[151.19527619431949,-33.524603784875843,0],[151.1952652582292,-33.524564585523663,0],[151.195250834879,-33.5245267034338,0],[151.19523217237898,-33.524490973609538,0],[151.19520754776042,-33.524454714311872,0],[151.19517833454734,-33.524419306476716,0],[151.19514515886559,-33.524386157253026,0],[151.1951086486375,-33.524356665554173,0],[151.19506943987031,-33.524332239281556,0],[151.1950319343089,-33.524316175766501,0],[151.19499118403263,-33.524304396602446,0],[151.19490536348201,-33.524286639110841,0],[151.19472571659486,-33.524246014491546,0],[151.19468035885947,-33.52423482768409,0],[151.19463589674453,-33.524221677304745,0],[151.19458559108861,-33.524202010144798,0],[151.19456146054347,-33.524190401710548,0],[151.19443984572194,-33.524131894459124,0],[151.19438910078989,-33.524113840374177,0],[151.19434880775617,-33.524103540976824,0],[151.19430769006894,-33.524095106298958,0],[151.19422417279867,-33.524081875018915,0],[151.19418234634074,-33.524076075661668,0],[151.19410814280329,-33.524069146237991,0],[151.19395772709549,-33.524065148694973,0],[151.19388289563568,-33.524061768981106,0],[151.19380924815545,-33.524053253419673,0],[151.19375082083104,-33.524041241316823,0],[151.19357834429653,-33.523993382356473,0],[151.19352023138242,-33.523979551204157,0],[151.19343752978247,-33.523966634438075,0],[151.19326863033939,-33.523951180447547,0],[151.19318582094155,-33.52394019055874,0],[151.19310635507318,-33.523921392790648,0],[151.19303638260072,-33.523897046525853,0],[151.19296766507475,-33.523868254868411,0],[151.19290105319988,-33.523835509083092,0],[151.19283743630803,-33.523799339376978,0],[151.1927776552225,-33.523760229526623,0],[151.19272704413945,-33.52372285857426,0],[151.19267828089085,-33.52368275416687,0],[151.19263244794675,-33.52364014845584,0],[151.19259059453933,-33.52359531927501,0],[151.19255376181604,-33.523548491287464,0],[151.19251484949285,-33.523486854743325,0],[151.19248219303739,-33.523420718826415,0],[151.19245644911797,-33.523351821700651,0],[151.19243826092838,-33.523281903032881,0],[151.19242826627254,-33.523212683024326,0],[151.19242168611305,-33.523175679541247,0],[151.19236439785246,-33.522853872662026,0],[151.19235277185606,-33.522524356933737,0],[151.19228375788606,-33.521478107979441,0],[151.19218829122588,-33.520930041514525,0],[151.19215625370958,-33.520746181370441,0],[151.19214178634192,-33.520574152933236,0],[151.19192944796495,-33.519669320439192,0],[151.19191367085361,-33.519568887677188,0],[151.1918800469125,-33.519482546548794,0],[151.19186428866581,-33.519382096344621,0],[151.19183064675838,-33.519295764016931,0],[151.19176678732151,-33.518936953882033,0],[151.19175256160068,-33.518750610542938,0],[151.19173868532445,-33.518709654542945,0],[151.19163565305294,-33.518405470669883,0],[151.19160384909864,-33.518218903752299,0],[151.19155444804622,-33.518032129725903,0],[151.19150634775431,-33.51777376129543,0],[151.19147272381326,-33.517687419873127,0],[151.19147453481688,-33.517587193764328,0],[151.19144091985888,-33.517500852904782,0],[151.19140911500628,-33.517314294521391,0],[151.19141092600989,-33.517214076967591,0],[151.19137731105195,-33.517127736484603,0],[151.19137912205557,-33.51702750972737,0],[151.19134549811449,-33.51694116905815,0],[151.19129921691109,-33.516582582828704,0],[151.19128335984965,-33.516497407081019,0],[151.19126715244528,-33.516410340149847,0],[151.19125241648138,-33.516252627541313,0],[151.19115336374654,-33.51589338686717,0],[151.19113889637896,-33.515721359264489,0],[151.1910385446802,-33.515433705640341,0],[151.19092502457781,-33.514902436828315,0],[151.19089270049892,-33.514744509513847,0],[151.19085751708246,-33.514744070620537,0],[151.19079208918706,-33.51447116240886,0],[151.19075821371774,-33.514399136457087,0],[151.19075973815873,-33.514314740482781,0],[151.19075976510823,-33.514313235056129,0],[151.19056063915244,-33.513652006442392,0],[151.19049547087013,-33.513364791579015,0],[151.19005762481413,-33.512285304941635,0],[151.19000929994348,-33.512150396720131,0],[151.18999064642654,-33.512098306890401,0],[151.18993969488196,-33.511997426431478,0],[151.18990607094088,-33.511911085236193,0],[151.18985537990773,-33.511795889108818,0],[151.18972090210971,-33.511450525253451,0],[151.18966995954827,-33.511349644039264,0],[151.18946382403828,-33.511074988197727,0],[151.1894299404841,-33.511002962414722,0],[151.18934407411936,-33.510887335902396,0],[151.18913950706792,-33.510526768939137,0],[151.18897762706044,-33.510077602196375,0],[151.18892176352787,-33.509922596937621,0],[151.18844487040141,-33.509057420445117,0],[151.18827730675318,-33.508597075221978,0],[151.18805490185514,-33.508250617012983,0],[151.18797007573949,-33.508077711340555,0],[151.18791705357813,-33.508010822110002,0],[151.18783248707561,-33.507904150675685,0],[151.1877666827861,-33.507770013860615,0],[151.18773694046536,-33.507751323434434,0],[151.18770868575473,-33.507729881833647,0],[151.18768254657658,-33.507706253072605,0],[151.18765917780283,-33.507681019142609,0],[151.18763919747423,-33.507654754545293,0],[151.18762670999345,-33.507631887523502,0],[151.18760100200666,-33.507557701676966,0],[151.18758964460653,-33.507534126049805,0],[151.18755755319128,-33.507488427889761,0],[151.1875201284783,-33.507445033715612,0],[151.18748130598669,-33.507403342061011,0],[151.18732584354359,-33.507254289044567,0],[151.18730947534078,-33.507235742320738,0],[151.18729230045082,-33.507212714146782,0],[151.18713318905114,-33.506949764533644,0],[151.18705526559012,-33.506807819812899,0],[151.18703272146976,-33.506773900574963,0],[151.18700936078076,-33.506744139960666,0],[151.18690553170359,-33.506630351132813,0],[151.18682072265594,-33.506531577329348,0],[151.18676578259146,-33.506464804502464,0],[151.18666440950827,-33.506332532058096,0],[151.18655470814414,-33.506181614337713,0],[151.18650348800324,-33.506120023095662,0],[151.18649668416327,-33.506112466036697,0],[151.18645883814037,-33.506070389482694,0],[151.18641049530336,-33.506023623916413,0],[151.18639020146273,-33.5060077667329,0],[151.18632589376654,-33.505962938152251,0],[151.18630797417322,-33.505945825565,0],[151.1862918035998,-33.505923917613345,0],[151.18627877892649,-33.505900055407345,0],[151.18624541459855,-33.505825008925079,0],[151.18617610508278,-33.505684221129371,0],[151.18612501968923,-33.505586746586516,0],[151.18608988118856,-33.505525109978436,0],[151.18607004369213,-33.505495457546196,0],[151.1860422192745,-33.505460964025374,0],[151.18594680651327,-33.505363489980112,0],[151.18591728877132,-33.505329722232474,0],[151.18588593217802,-33.505283683590285,0],[151.1858325336226,-33.505185769654481,0],[151.18580279130185,-33.505139471016072,0],[151.18576590467964,-33.505098613439593,0],[151.18573801737995,-33.505076185433865,0],[151.18567608572766,-33.505036125564502,0],[151.18558849819078,-33.504984913832203,0],[151.18551770106495,-33.504945947532974,0],[151.18549602651379,-33.50493116578739,0],[151.1854634598898,-33.504902328867033,0],[151.18543481980188,-33.5048698253363,0],[151.185356295368,-33.50476562789158,0],[151.18521477208316,-33.504588795463803,0],[151.18513938546451,-33.504498842431303,0],[151.1850186312291,-33.504362015726414,0],[151.18497742371036,-33.50431702599554,0],[151.18495923641913,-33.504298237446449,0],[151.18452848076566,-33.503853157450685,0],[151.18395954625524,-33.50321594406801,0],[151.18359309829799,-33.502828834883353,0],[151.18354568791224,-33.502814869260284,0],[151.18349884256682,-33.502796564283187,0],[151.18345378037719,-33.50277454916661,0],[151.18341170328929,-33.502749387207402,0],[151.1833738482832,-33.502721688144781,0],[151.18335174343903,-33.50270176141359,0],[151.18333146666643,-33.502680203205095,0],[151.18324665851713,-33.502577636846191,0],[151.18323359791117,-33.502561842702264,0],[151.18319441699171,-33.502510532875888,0],[151.18317736696767,-33.502483865207431,0],[151.18316322209517,-33.502455503131884,0],[151.1831299296324,-33.502366661003094,0],[151.18311565899586,-33.502338370800089,0],[151.18309363500001,-33.50230657567807,0],[151.18301381070387,-33.502216872711315,0],[151.18298933879888,-33.502185911263432,0],[151.18294634722605,-33.50212077930135,0],[151.18289744923018,-33.502035809545625,0],[151.18283753339736,-33.501911093751481,0],[151.18277017861567,-33.501783769491773,0],[151.18275279711324,-33.501756177987247,0],[151.1827326640711,-33.501730325831694,0],[151.18271394767214,-33.50171240714922,0],[151.18265058141029,-33.501663132064202,0],[151.18263372901555,-33.501644531706695,0],[151.18261987070565,-33.501617809837832,0],[151.18261181191932,-33.501588210749681,0],[151.18259868843128,-33.501527211007705,0],[151.18258640756304,-33.501499252372483,0],[151.18256712612381,-33.501472782149534,0],[151.18254389209727,-33.501447996599047,0],[151.18238440430341,-33.501301032251568,0],[151.18233264696997,-33.501248538877974,0],[151.18230984233819,-33.501215757563877,0],[151.18227169178641,-33.501143552784342,0],[151.18224955011127,-33.5011124568667,0],[151.18222083905653,-33.501090262291015,0],[151.18218541309497,-33.501076538341302,0],[151.18216640923509,-33.501071491768549,0],[151.1821278373734,-33.501064803954314,0],[151.18210154638004,-33.501065225688151,0],[151.18204638173671,-33.501075695622859,0],[151.18202061985102,-33.501078527905911,0],[151.18199812873124,-33.501074942794368,0],[151.18198286276129,-33.501067404021967,0],[151.18196838641049,-33.50105742698301,0],[151.18195517309096,-33.501045702331524,0],[151.18193452980572,-33.501019796029745,0],[151.18192653390145,-33.501000595517965,0],[151.18192311850675,-33.500978991940762,0],[151.18192320743989,-33.500956133642319,0],[151.181925726316,-33.500933177207813,0],[151.18193315807829,-33.500896245845588,0],[151.18194343929673,-33.500866467479419,0],[151.18195757608439,-33.500838060677893,0],[151.1819255116186,-33.500823583857525,0],[151.1818948727792,-33.500814628542862,0],[151.18187067036888,-33.500810011929879,0],[151.18184608168292,-33.500807663547199,0],[151.18182271290908,-33.500808407388995,0],[151.18180215855705,-33.500813024002106,0],[151.18178530616234,-33.500820867674364,0],[151.1817684986834,-33.500831776602531,0],[151.18175352017431,-33.500844693826458,0],[151.18174214480788,-33.500858551899121,0],[151.18173616562134,-33.500872293861434,0],[151.18173665879647,-33.50088380354908,0],[151.18175330457868,-33.500920465995328,0],[151.18175648641142,-33.50093283637446,0],[151.18175712331697,-33.500944946819573,0],[151.181755294347,-33.500969705547092,0],[151.18175243500943,-33.500981681151956,0],[151.18174803416292,-33.500992957859999,0],[151.18173911479042,-33.501006394923913,0],[151.18172683392214,-33.501018792257781,0],[151.18171238362251,-33.501030409793991,0],[151.18166049154183,-33.50106684820225,0],[151.18163761504476,-33.501080249298717,0],[151.18154002476729,-33.50112934493572,0],[151.18146159016484,-33.501164501622554,0],[151.18140233818704,-33.501187081956523,0],[151.18133596885721,-33.501208702710649,0],[151.18126829068203,-33.50122689116683,0],[151.18119930366146,-33.501242003890049,0],[151.181152708946,-33.501249282715975,0],[151.1811213352847,-33.501252366684717,0],[151.1811066163888,-33.5012530296219,0],[151.1810728217678,-33.501254562991789,0],[151.18104272101925,-33.501267829224524,0],[151.18080847452913,-33.501287559277493,0],[151.18068994362406,-33.501304779155234,0],[151.18059465662685,-33.501292847790843,0],[151.18053251836204,-33.501258228996669,0],[151.1804804466183,-33.501223744274277,0],[151.18044953828428,-33.501197784841004,0],[151.1802904547323,-33.501179606116764,0],[151.17992607829015,-33.501091319996128,0],[151.17977852191987,-33.501047682907831,0],[151.17949226656808,-33.501010303642417,0],[151.1793933216311,-33.501008851169246,0],[151.17928534143905,-33.500965796826755,0],[151.17916764506882,-33.500914307772128,0],[151.17894197659137,-33.500819765020815,0],[151.17874511888164,-33.50076711030195,0],[151.17858847335737,-33.500673114223076,0],[151.17842154571633,-33.500621365061157,0],[151.17827294999526,-33.500627478359995,0],[151.17814345605046,-33.500667036883641,0],[151.17806438454249,-33.500672271500683,0],[151.17783618012098,-33.500687394058886,0],[151.17735063711669,-33.500713425557528,0],[151.17691439635007,-33.500748465555866,0],[151.17638042067719,-33.50072402063217,0],[151.17578812547779,-33.500648947189305,0],[151.17538280113001,-33.500626528517714,0],[151.17517516902686,-33.500615045762984,0],[151.17482936525317,-33.500585070290157,0],[151.17460248674499,-33.500548550777602,0],[151.17450659069007,-33.500502045906728,0],[151.17331694457283,-33.500739940957864,0],[151.17291934753311,-33.500964040224702,0],[151.1728612786365,-33.501025847126499,0],[151.17278942329523,-33.501102336758159,0],[151.17263960856036,-33.501166464967255,0],[151.17218963434973,-33.501383742753028,0],[151.17182870923486,-33.501602329382671,0],[151.17164920517988,-33.501666027250586,0],[151.17073332873019,-33.501952498159604,0],[151.17066913781503,-33.50197141231348,0],[151.17060419321319,-33.501988605088492,0],[151.17053868446945,-33.502004023301339,0],[151.17047282628099,-33.502017586052887,0],[151.17040191237419,-33.502093734728497,0],[151.1703361251526,-33.502173227201546,0],[151.17030535246423,-33.502213995521146,0],[151.17025899041244,-33.502284075786918,0],[151.17021814132156,-33.502356971008489,0],[151.17014314008017,-33.502506248191622,0],[151.17010410199285,-33.502580137991139,0],[151.17000927223816,-33.50274582838248,0],[151.16995508496191,-33.502843652194159,0],[151.16994773404795,-33.502856918932423,0],[151.16991954221942,-33.502916717731814,0],[151.16986882423677,-33.503039085252993,0],[151.16983912683179,-33.503097673436535,0],[151.16980174703448,-33.503151851834268,0],[151.16976270894725,-33.503191714822719,0],[151.16971783540384,-33.503228108126358,0],[151.16962440342778,-33.50329897783336,0],[151.16958278358231,-33.503337684199998,0],[151.16954329723572,-33.503384879681683,0],[151.16950807788663,-33.503434853411079,0],[151.16944144894373,-33.503537410514539,0],[151.16940548489134,-33.503587142958111,0],[151.16937302696346,-33.503626619979634,0],[151.16927152721783,-33.503742793269438,0],[151.1692400816913,-33.503782763850275,0],[151.16921453450297,-33.50381964154677,0],[151.16914355771405,-33.503933224333764,0],[151.1691178578121,-33.503970012079186,0],[151.16907273363876,-33.504028323230358,0],[151.16902497291002,-33.504085602890775,0],[151.16897446153988,-33.504141251068113,0],[151.16892108095075,-33.504194702977287,0],[151.16886474220939,-33.504245349640101,0],[151.16883482920878,-33.50426889844811,0],[151.16874080614124,-33.504335984576009,0],[151.16871178965926,-33.504360142340779,0],[151.16868607179097,-33.504385618434597,0],[151.16861551631195,-33.504467136491272,0],[151.16859070394551,-33.504493392318246,0],[151.1685550183708,-33.504526343924205,0],[151.16844106887368,-33.50462027739264,0],[151.1684003455469,-33.50465736147067,0],[151.16832052125076,-33.504730041213811,0],[151.16829500011349,-33.504757156871882,0],[151.16827270662313,-33.504785787851525,0],[151.16824793917243,-33.504830115178052,0],[151.16822990369641,-33.504877821447202,0],[151.1682162250496,-33.504927553120567,0],[151.16818108654897,-33.505072231956056,0],[151.16816178714339,-33.505161979153534,0],[151.16813640973666,-33.505296842840885,0],[151.16810760885031,-33.505476570378995,0],[151.16810101970773,-33.505539900611154,0],[151.16809311363488,-33.505667575141018,0],[151.16808475031957,-33.505730268547019,0],[151.16806872257828,-33.505791089301937,0],[151.1680563348105,-33.505820034537223,0],[151.16801163104876,-33.505904985597141,0],[151.16800118813356,-33.505934136780624,0],[151.16799882197108,-33.505991496825139,0],[151.16801245570215,-33.506052918126564,0],[151.16802990906984,-33.506114537130806,0],[151.16803894432488,-33.506172407900316,0],[151.16802736324433,-33.506222624206778,0],[151.16799738736157,-33.506256947392387,0],[151.16795533722311,-33.506286089468851,0],[151.16786029187281,-33.506340886073765,0],[151.16781990092267,-33.506372601064896,0],[151.16779224628667,-33.506401626252639,0],[151.16779854796837,-33.506448113722087,0],[151.16780260026863,-33.506495013136465,0],[151.16780439330597,-33.506542091544958,0],[151.16780390911399,-33.506589116746355,0],[151.16780115667595,-33.506635846053378,0],[151.16778792628841,-33.506734189792262,0],[151.16778401771867,-33.506750791382458,0],[151.16776449463262,-33.506833752845537,0],[151.16773083475891,-33.506931800491728,0],[151.16768694666737,-33.507025608508243,0],[151.16763282227319,-33.507112433957992,0],[151.16761140733513,-33.507139164616923,0],[151.16754069015934,-33.507216093020851,0],[151.16752050411657,-33.507243281304916,0],[151.16749118220739,-33.507305114433002,0],[151.16747416003111,-33.507372317302938,0],[151.16744954439565,-33.507511698675231,0],[151.16742821928912,-33.507578291676907,0],[151.16740046673675,-33.507631726482835,0],[151.1673327445441,-33.507735026889534,0],[151.16730112833767,-33.507787135075411,0],[151.16727657558431,-33.507841070849793,0],[151.1672668055073,-33.507875188160895,0],[151.16724682428045,-33.507979869475967,0],[151.16723641729789,-33.508013762025442,0],[151.16720974002888,-33.508068487128305,0],[151.16717513063591,-33.508121034040357,0],[151.1670967939499,-33.508223832767811,0],[151.16706042745227,-33.508276173604834,0],[151.16702299375609,-33.508341368346606,0],[151.16695430317955,-33.508474985954877,0],[151.16691619664516,-33.508539400818641,0],[151.16687099162345,-33.508599549228293,0],[151.16683631036526,-33.508635198730467,0],[151.16672039715093,-33.508734905654912,0],[151.16668476457684,-33.50877007123669,0],[151.16668272090962,-33.508772473332492,0],[151.16664240990951,-33.508819578964655,0],[151.16660322899011,-33.508871229598,0],[151.16656641333481,-33.508924349768215,0],[151.16646716476728,-33.509080090099594,0],[151.16635757030258,-33.509274886646871,0],[151.16623862796908,-33.509479542728329,0],[151.16620139100397,-33.509548547525128,0],[151.16616769609595,-33.509618636832151,0],[151.16614405782752,-33.509674527875603,0],[151.16612225751226,-33.509731027826575,0],[151.16608274421611,-33.509845175096913,0],[151.16601537955296,-33.509851494470198,0],[151.16600191560349,-33.509852758045184,0],[151.1659132887159,-33.509868149390847,0],[151.16587282590058,-33.509896180223251,0],[151.16583602821154,-33.509922525033012,0],[151.1658231472687,-33.509933174406804,0],[151.16579027611584,-33.509960361837202,0],[151.16574362750143,-33.510004070081528,0],[151.1656896109051,-33.510060175840536,0],[151.16557354497712,-33.51020206654136,0],[151.16547683325192,-33.510309016019256,0],[151.16544632826151,-33.510345445278134,0],[151.16541900600217,-33.510383336574606,0],[151.16539878312847,-33.510416198304675,0],[151.16538021046,-33.510449911637451,0],[151.16534751807183,-33.510519078193724,0],[151.16533318545149,-33.510554135943295,0],[151.16532140674147,-33.510590332908777,0],[151.16529456777573,-33.510701271079618,0],[151.16528136433772,-33.510736920464929,0],[151.16526179633587,-33.510769585073909,0],[151.16523221481361,-33.510806534693131,0],[151.16521140893329,-33.510832530192317,0],[151.16519141063844,-33.510863931204995,0],[151.16518209690554,-33.510896048997445,0],[151.16518520777143,-33.510925594719524,0],[151.16519611691217,-33.510955471488387,0],[151.16522732079187,-33.511015789738977,0],[151.16524058711201,-33.511046043222102,0],[151.16529198691592,-33.511207412929366,0],[151.16534248031971,-33.511355345382533,0],[151.1653714429028,-33.511426806131119,0],[151.16541983065559,-33.511530385126697,0],[151.16543917497697,-33.511574962906863,0],[151.16545079288846,-33.51160174761273,0],[151.16548144071103,-33.511675207215738,0],[151.16549506545894,-33.511712300254466,0],[151.16550660252213,-33.511749760282761,0],[151.16551521646738,-33.511784962088818,0],[151.16552796356126,-33.511856288413448,0],[151.16553710661424,-33.511928027372278,0],[151.16553822681345,-33.51195850448412,0],[151.16553577081945,-33.512020660801909,0],[151.16553837054383,-33.512050206139961,0],[151.16554764834413,-33.512077313512464,0],[151.16556698368231,-33.512109018911367,0],[151.16557893217393,-33.512124015888325,0],[151.16559253087064,-33.512137040030034,0],[151.16560885415771,-33.512141665775687,0],[151.16562437974073,-33.512147134131745,0],[151.16564474634484,-33.512145466886125,0],[151.16567370892795,-33.512143933709183,0],[151.16569788438883,-33.512146909435558,0],[151.16572756472587,-33.512148657571785,0],[151.16576054277823,-33.512146389638417,0],[151.1657735584684,-33.512140733286493,0],[151.16580376701478,-33.512325606373622,0],[151.16582148897874,-33.512412117923795,0],[151.1658432533614,-33.512499463006918,0],[151.16586218535602,-33.512586476202159,0],[151.16587142722364,-33.512672028793617,0],[151.16586409427597,-33.512754954620767,0],[151.16585173345766,-33.512795973358394,0],[151.16583470139989,-33.512836240099404,0],[151.16579710690525,-33.512916324136818,0],[151.16578176008696,-33.512957073914073,0],[151.16576489960738,-33.513032649731677,0],[151.16576123268442,-33.513049053880884,0],[151.16575197285042,-33.513143408761159,0],[151.16574190632932,-33.513334269274921,0],[151.16572843339671,-33.51342831077217,0],[151.16570575452906,-33.513524897185334,0],[151.16567872871371,-33.513620955463651,0],[151.16564816173954,-33.513716439921538,0],[151.16561484232736,-33.513811278659418,0],[151.16557957806256,-33.513905400527143,0],[151.1655437667238,-33.513994591814864,0],[151.16550539249147,-33.514083147134663,0],[151.16542277084156,-33.514258509408826,0],[151.16527869274802,-33.514547947233702,0],[151.1652411611355,-33.514613600111048,0],[151.16519895828344,-33.514676795583277,0],[151.16510026487472,-33.514795989591455,0],[151.16498437860983,-33.514909169260036,0],[151.16485518110903,-33.515014110194215,0],[151.16477591197176,-33.515068109619463,0],[151.16471650817863,-33.515108582016389,0],[151.16457222347262,-33.515190378322004,0],[151.16447830820292,-33.515236354023742,0],[151.16438072601022,-33.515279121155814,0],[151.16428025842885,-33.515317047739728,0],[151.16417772831562,-33.515348484572876,0],[151.16407394325589,-33.515371800428944,0],[151.16398029658248,-33.515385712347403,0],[151.16388430979777,-33.515394281938264,0],[151.1637874004432,-33.515397374390488,0],[151.16369100223008,-33.515394828678438,0],[151.16359653090319,-33.515386509988964,0],[151.16347474630015,-33.515365426784811,0],[151.16335343600753,-33.515333012565449,0],[151.16323444875826,-33.51529137489171,0],[151.16311963777673,-33.515242664764699,0],[151.1630108419144,-33.515189006225654,0],[151.16292716294731,-33.515139417509346,0],[151.16284805640512,-33.515083769663676,0],[151.16269539940069,-33.514964987981536,0],[151.16261778046857,-33.514907215214663,0],[151.16248088260915,-33.514816517202988,0],[151.16243678880343,-33.514785089913076,0],[151.16241420875045,-33.514766659394901,0],[151.1623955363689,-33.514751420960415,0],[151.16233818522625,-33.514693289296595,0],[151.16228744837903,-33.514629842183922,0],[151.16224090756248,-33.514563132527456,0],[151.162075477413,-33.514317448003823,0],[151.16196587486345,-33.514149552330487,0],[151.16192115403371,-33.514085800737057,0],[151.1618284299301,-33.513959077088636,0],[151.16178777846852,-33.513894159954269,0],[151.16175584875009,-33.513826920955779,0],[151.16173937274945,-33.513775897924191,0],[151.16172730747684,-33.513723664521166,0],[151.16171798476083,-33.513670723306134,0],[151.16168804570901,-33.513486047826781,0],[151.16166818126314,-33.513328030296542,0],[151.16165618785584,-33.513249416134464,0],[151.16163961304051,-33.513171600311907,0],[151.16160975393879,-33.513065959843146,0],[151.16157414921253,-33.512960928915241,0],[151.16153302254213,-33.51285709922557,0],[151.1614866155746,-33.51275505273739,0],[151.1614559318194,-33.512695657696725,0],[151.16143516277006,-33.512655436578221,0],[151.1613244301399,-33.512468133741272,0],[151.1608574607024,-33.512032592185356,0],[151.1603219974194,-33.511495945691784,0],[151.15990568308248,-33.511175609081654,0],[151.1598033236491,-33.511002460586653,0],[151.15979372335363,-33.510950756548638,0],[151.15978732285726,-33.510916334858962,0],[151.15988532635978,-33.510373404051712,0],[151.15988692176776,-33.510287511386949,0],[151.1599076827323,-33.510115931777968,0],[151.15996362711326,-33.509944791495442,0],[151.15997024230703,-33.50958686910198,0],[151.15994142255607,-33.509242813193438,0],[151.15989342107883,-33.508984435742079,0],[151.15984409189161,-33.508797644026856,0],[151.15984559836636,-33.508716305319169,0],[151.15984727462268,-33.508625831515268,0],[151.15975179897939,-33.508080454260778,0],[151.15970247877533,-33.507893662841376,0],[151.1596707377031,-33.507707095726495,0],[151.15970129569408,-33.507005780142038,0],[151.15970289110197,-33.50691988787981,0],[151.15972179614718,-33.506848525277775,0],[151.15974282570795,-33.506662630040999,0],[151.15974629500161,-33.506474870802492,0],[151.15975579648239,-33.505961091017667,0],[151.15986820536878,-33.505590188443762,0],[151.1599220252341,-33.505533598900044,0],[151.16001737511331,-33.505133832932358,0],[151.16011033996543,-33.504862931826736,0],[151.16014868814656,-33.504691567675884,0],[151.16018571849926,-33.504591798415902,0],[151.16023786210826,-33.504470596370304,0],[151.16024663775025,-33.504442754789196,0],[151.1602527148531,-33.504413791865062,0],[151.16025602245003,-33.504384300098806,0],[151.16025649765876,-33.504354898958077,0],[151.16025406861428,-33.504326168960617,0],[151.16024233482,-33.504289013580447,0],[151.16023909908839,-33.504283419635584,0],[151.16022141305709,-33.504252843941451,0],[151.16019702200049,-33.504216961175793,0],[151.16017490727478,-33.504180683642588,0],[151.16016077138548,-33.504143312471683,0],[151.16015600222968,-33.504093706189245,0],[151.16016042194087,-33.504042530603165,0],[151.16017076604132,-33.50399053102317,0],[151.16021696639643,-33.503796380255388,0],[151.16022927421415,-33.503751219444837,0],[151.16024362569911,-33.503706641379615,0],[151.16026063889225,-33.503662941939666,0],[151.16027893487967,-33.50362636005547,0],[151.16034388756626,-33.503519661494153,0],[151.16036160953021,-33.503482963444796,0],[151.16037542292429,-33.50343025491533,0],[151.16038529271435,-33.503318285700495,0],[151.16039574461266,-33.50326605272646,0],[151.16041947181427,-33.503221000253518,0],[151.16044451774275,-33.50319591857405,0],[151.16047440289557,-33.503173643633509,0],[151.16053997452141,-33.503132283255312,0],[151.16061229608835,-33.50308265017614,0],[151.16069869066246,-33.503026813302547,0],[151.16073293354276,-33.502996551023358,0],[151.16075378344053,-33.502963132915518,0],[151.16075623045137,-33.502935900590018,0],[151.16074388759938,-33.502874578200633,0],[151.16074126092545,-33.502848752596449,0],[151.16074908614991,-33.502831649131366,0],[151.16076704167583,-33.502824021372867,0],[151.1607903026518,-33.502821457313296,0],[151.16084353052727,-33.502822237093042,0],[151.16086889895092,-33.502820919482488,0],[151.1609899217826,-33.502805976324311,0],[151.16104982773396,-33.502795228694616,0],[151.16110555741759,-33.502779398635127,0],[151.16115427664869,-33.502756316091549,0],[151.16117832634546,-33.502739508490336,0],[151.16120066475168,-33.50272057652662,0],[151.16130223546421,-33.50261499895521,0],[151.16132157978552,-33.502592813004533,0],[151.16133683677228,-33.502569955132259,0],[151.16134555851536,-33.502546388633391,0],[151.16134591694322,-33.502539593816067,0],[151.16134632926995,-33.502531625204746,0],[151.16133906010262,-33.502486025527801,0],[151.16133967814358,-33.502471208155782,0],[151.16134857056656,-33.502448215418575,0],[151.16136428479581,-33.502426217442057,0],[151.16140196013879,-33.502382616982146,0],[151.16141677784947,-33.502359714110035,0],[151.16143281367559,-33.502308009402654,0],[151.16143718847104,-33.502252379522538,0],[151.16143711660578,-33.502195135353546,0],[151.16143980616178,-33.502138545837262,0],[151.16145248139043,-33.502084905389722,0],[151.16146720837116,-33.502051487678948,0],[151.16150385334657,-33.501986489700172,0],[151.16154558098981,-33.50192358009577,0],[151.1615661712745,-33.501895917473604,0],[151.16163313169574,-33.501815403005288,0],[151.16164218581548,-33.501802763833723,0],[151.16165309495628,-33.501787507385615,0],[151.16166842290997,-33.501762040265085,0],[151.16172311234445,-33.501657134945631,0],[151.16177369647815,-33.501572407436292,0],[151.16182755137774,-33.501489060397525,0],[151.16185568122251,-33.501447996599047,0],[151.16188821999879,-33.501414865540063,0],[151.16194887963664,-33.501345179336113,0],[151.16200273453623,-33.501271979884486,0],[151.16204463285939,-33.501207618040034,0],[151.16206687245088,-33.501162933044178,0],[151.16207497525474,-33.501134033443641,0],[151.1620853651693,-33.501043488041155,0],[151.16209319937693,-33.501014480532696,0],[151.16212105074402,-33.500961583978096,0],[151.16216048319168,-33.500911403571621,0],[151.1622073734529,-33.50086340147493,0],[151.16230699931288,-33.500771744895317,0],[151.16236183157949,-33.500728978083899,0],[151.1624856607481,-33.50065115250068,0],[151.1625384044317,-33.500609658328706,0],[151.16257419780425,-33.500562166942416,0],[151.16258800221519,-33.500506365897316,0],[151.16258473953405,-33.500444990099574,0],[151.16255794548408,-33.500315020895073,0],[151.16254986064655,-33.500251188694904,0],[151.16254264447988,-33.500056347865915,0],[151.16254255464835,-33.499958837770379,0],[151.16254767324884,-33.499861891632463,0],[151.16255473670194,-33.499807462476241,0],[151.16256011491549,-33.49976600460549,0],[151.16257356988183,-33.499696587497425,0],[151.16258979525253,-33.49962720629027,0],[151.16260929138915,-33.499558380856904,0],[151.16263255326334,-33.499490640060955,0],[151.16266007225377,-33.499424521756907,0],[151.16269008406914,-33.499371015214201,0],[151.16276373154938,-33.499268001467719,0],[151.16279675541588,-33.499215867177931,0],[151.16282019605487,-33.499161580693553,0],[151.16283300513254,-33.499102858004207,0],[151.16283805186779,-33.499042135925357,0],[151.16283733501223,-33.498980365062252,0],[151.16282662350076,-33.498857531854476,0],[151.16281658392913,-33.498797500276318,0],[151.16276787368122,-33.498618794131509,0],[151.16275565569501,-33.498558807334085,0],[151.16274554425814,-33.498481224008174,0],[151.1627402010788,-33.498422428943115,0],[151.16269615218886,-33.498123579318374,0],[151.1626213386954,-33.497916789135999,0],[151.16253237134626,-33.497630165536265,0],[151.16253045344311,-33.497624195855451,0],[151.16243577550378,-33.497330159538691,0],[151.1623433119116,-33.497209360837346,0],[151.16232944461854,-33.497116269574704,0],[151.16232503478878,-33.496950328689692,0],[151.16233533397357,-33.496837687372768,0],[151.16238993357649,-33.496737353212687,0],[151.16238401817031,-33.496695572498737,0],[151.16238987159275,-33.496409119401562,0],[151.16242957263677,-33.496137465836348,0],[151.1625931208157,-33.495427133596337,0],[151.1626169827646,-33.495323491878388,0],[151.16265610170026,-33.495080487075882,0],[151.16267404734469,-33.495037764648416,0],[151.16267522144275,-33.494980467014685,0],[151.16275082365709,-33.494623368967993,0],[151.16277346659211,-33.494351473820188,0],[151.16274194021727,-33.49422208728987,0],[151.16274515888091,-33.494064536511935,0],[151.16266887484528,-33.49361932298946,0],[151.16260614548895,-33.493346226048764,0],[151.16256802098835,-33.493198992486718,0],[151.16254283222779,-33.493101769084205,0],[151.16239620920709,-33.492755849673259,0],[151.16201912070537,-33.492095132093873,0],[151.16200053007049,-33.492062548088896,0],[151.16173586842149,-33.491643321040215,0],[151.16146798900718,-33.491381644162367,0],[151.16113241345133,-33.49109035108048,0],[151.16104911087834,-33.490988879012917,0],[151.16080475295144,-33.490412342563708,0],[151.16075107681661,-33.49015442208826,0],[151.16064926355889,-33.489665132087417,0],[151.16065131620934,-33.489564878768391,0],[151.1606206863531,-33.489392519384722,0],[151.16058772626701,-33.489334746778226,0],[151.16048968683182,-33.489118454649578,0],[151.16022415561361,-33.488742182389359,0],[151.16002399929022,-33.488510113799755,0],[151.15975437175433,-33.488334366712309,0],[151.15963576000084,-33.488289717026923,0],[151.159570054526,-33.488244045417794,0],[151.15955157079074,-33.488231199734898,0],[151.15938233088616,-33.488157166579406,0],[151.15895819042646,-33.488022205016307,0],[151.15892404725912,-33.48802172028649,0],[151.15880513995992,-33.487991386832825,0],[151.15844753052681,-33.487943321382922,0],[151.15805489937395,-33.487937754851288,0],[151.15796895305914,-33.487965185187335,0],[151.15761385351888,-33.488016727644087,0],[151.15760929097556,-33.488017382441448,0],[151.15716310046892,-33.488125666676389,0],[151.15692234568454,-33.488208206961637,0],[151.15671603051157,-33.488276907312105,0],[151.15664774327863,-33.488275939353699,0],[151.156407580484,-33.488329830346707,0],[151.15620243042599,-33.488341242059072,0],[151.15601465288719,-33.488338570435886,0],[151.15507515613547,-33.488353871958026,0],[151.15498670891091,-33.488375214969686,0],[151.15423427194412,-33.488556807165665,0],[151.15416540170457,-33.488584479294374,0],[151.15387431431483,-33.4886233203516,0],[151.15373833094037,-33.488592735380429,0],[151.15350109934852,-33.488503391301542,0],[151.15340044312097,-33.488416001024802,0],[151.1533174360938,-33.488300204988882,0],[151.15328624119724,-33.48815649380245,0],[151.1533311776227,-33.48760659876848,0],[151.15333185046086,-33.487598387540409,0],[151.1533530318369,-33.487398114247171,0],[151.15350312504953,-33.486741216452742,0],[151.1537909587413,-33.486028965564238,0],[151.15386217717699,-33.485886716072521,0],[151.15414354749032,-33.485489567051502,0],[151.15414803906674,-33.48547969760326,0],[151.1542150444038,-33.485332984110279,0],[151.15429050288762,-33.485238117913497,0],[151.15441123017362,-33.485019970969148,0],[151.15461023036522,-33.484711134373583,0],[151.1548996953976,-33.484371382053304,0],[151.15499794953007,-33.484276077253881,0],[151.15520093913992,-33.48422759092319,0],[151.15532552019843,-33.484100427965217,0],[151.15537956374425,-33.483972206906316,0],[151.15549188279917,-33.483817973062472,0],[151.15558955392507,-33.483749541895854,0],[151.15562276553942,-33.48369627740891,0],[151.15562159144133,-33.483670299983388,0],[151.15561840062546,-33.483599439682635,0],[151.15561638300932,-33.483504403758509,0],[151.15581161836161,-33.483249638727109,0],[151.15595655704109,-33.482763736747309,0],[151.15605912308703,-33.482464214202473,0],[151.1561218533416,-33.482228596095652,0],[151.15617702606974,-33.482046636237293,0],[151.15618089870691,-33.481863905768456,0],[151.15614411089942,-33.481630627439102,0],[151.15619677373462,-33.481510079564089,0],[151.15620478760525,-33.481491757345331,0],[151.15630447634729,-33.481286500128306,0],[151.15639667942804,-33.48093255692914,0],[151.15658406260644,-33.480623228481377,0],[151.15676252641234,-33.480278204796406,0],[151.1570302180788,-33.479855848709967,0],[151.15773999495113,-33.478385317256489,0],[151.15794129932141,-33.478103489599306,0],[151.15816676118638,-33.477843139255576,0],[151.15824190615825,-33.477606947364599,0],[151.15911739974257,-33.476284482518103,0],[151.15959645331725,-33.47541830222211,0],[151.15961210376614,-33.475381173400621,0],[151.15976938619602,-33.475073601740782,0],[151.15986943336583,-33.474892304979299,0],[151.1601188470112,-33.474320779202273,0],[151.16032086823711,-33.473866817050272,0],[151.16042122891898,-33.473523200659507,0],[151.16047043234207,-33.473319646507839,0],[151.16047373993888,-33.473291248653361,0],[151.16050176108754,-33.47305130971553,0],[151.16057751601545,-33.472805140953,0],[151.1606387487785,-33.472639388024596,0],[151.16071325774311,-33.472452336555897,0],[151.16081239042796,-33.472314030983533,0],[151.1610557709879,-33.472027327142136,0],[151.16126741945871,-33.471724049267863,0],[151.16141921587712,-33.471522009799486,0],[151.16163142848998,-33.471296153568645,0],[151.16170318591486,-33.471219780733293,0],[151.16176441867785,-33.471129477561803,0],[151.16194861912521,-33.470891923046167,0],[151.162095467623,-33.470725883205581,0],[151.16218411247692,-33.470601059372498,0],[151.16236653785327,-33.470447578048244,0],[151.1625127584287,-33.470311576522469,0],[151.1626876370583,-33.470176005659724,0],[151.16284088515422,-33.470046117666769,0],[151.16295781076991,-33.469939723928256,0],[151.16308907080256,-33.469833536880664,0],[151.16329209544665,-33.46972240995963,0],[151.16344456380489,-33.469671145119221,0],[151.16353495678032,-33.469640757280992,0],[151.16372336224151,-33.469565011696133,0],[151.16382456554311,-33.469538290419052,0],[151.16403232341051,-33.469483430807372,0],[151.16408323902246,-33.469464875243432,0],[151.16427224455822,-33.469328497496655,0],[151.16446105246465,-33.469121491683715,0],[151.16461232875849,-33.468820069551704,0],[151.16481802499229,-33.468436653096042,0],[151.16498293501715,-33.468113349281744,0],[151.16503042625132,-33.468047795276441,0],[151.16506928557385,-33.468064808943176,0],[151.16509807747701,-33.468009680874033,0],[151.16513029465636,-33.46794135712004,0],[151.16517246067747,-33.46780692459069,0],[151.16525670468488,-33.467495650369663,0],[151.16527418410365,-33.467431064837896,0],[151.16533634033476,-33.466838689335098,0],[151.16535994267056,-33.466308191672141,0],[151.16528291482993,-33.465838658732117,0],[151.16520676643987,-33.465327505758118,0],[151.16522529419262,-33.465253140532411,0],[151.16520449819382,-33.465243441139215,0],[151.16518468764684,-33.465196658019785,0],[151.16519088153075,-33.465143771062209,0],[151.16515811817567,-33.465061642700732,0],[151.1650881996022,-33.464840143111836,0],[151.16503617277417,-33.464701174164723,0],[151.16498581321935,-33.464582778240334,0],[151.16488838374028,-33.464337827929249,0],[151.16484845811746,-33.464253943705714,0],[151.164675560273,-33.46389069601581,0],[151.16444394943997,-33.463529250628362,0],[151.16429356068161,-33.463369520946962,0],[151.16395807495726,-33.46307823708792,0],[151.16385655724537,-33.463033820192749,0],[151.16372060980353,-33.463003244173166,0],[151.1634663731034,-33.46291368485133,0],[151.16334778919767,-33.462869026560739,0],[151.1633136541152,-33.462868533446624,0],[151.16316614266069,-33.462777656515257,0],[151.16290903763988,-33.462619254162966,0],[151.16262418096494,-33.46235734422249,0],[151.16249115484442,-33.462183533039351,0],[151.16212389211523,-33.461777178118268,0],[151.16147060579962,-33.461166193145658,0],[151.16139593603654,-33.461090509851658,0],[151.16126991138535,-33.460962764353333,0],[151.1612193012005,-33.460933398682613,0],[151.16116927312402,-33.460875383767082,0],[151.16052926300998,-33.460450840687038,0],[151.15995780872512,-33.460012932296024,0],[151.15980598625561,-33.459924816302141,0],[151.15934872491133,-33.459746406171583,0],[151.15928046372957,-33.459745437894433,0],[151.15899182335068,-33.459669710641961,0],[151.15892471919895,-33.459611453560548,0],[151.15874290288042,-33.459498489390299,0],[151.15868873357044,-33.459464838658221,0],[151.15806845315495,-33.458911599594579,0],[151.15674274281486,-33.457994037617269,0],[151.15616647625504,-33.457595176387137,0],[151.15547355986232,-33.457255809388229,0],[151.15544001676963,-33.457226676294091,0],[151.15525406820072,-33.457138076313143,0],[151.15488333617793,-33.456903578741816,0],[151.15461440753131,-33.456699173135334,0],[151.15458014758303,-33.456665441123796,0],[151.15350963334376,-33.457401913146569,0],[151.15142842996829,-33.458833675729956,0],[151.15029789299669,-33.459600732796389,0],[151.15026200979261,-33.459625078409552,0],[151.14816918042069,-33.461044946060632,0],[151.14815711514817,-33.461168209857064,0],[151.14804715417085,-33.461288730574715,0],[151.14788365090769,-33.461402026656359,0],[151.14766688383634,-33.461495224501526,0],[151.1472599101817,-33.461514864691125,0],[151.14702597720364,-33.461521166607774,0],[151.1469528938654,-33.461523129352344,0],[151.14675393858948,-33.461500863178145,0],[151.14659412830045,-33.461440607109566,0],[151.14651894739606,-33.461368752125807,0],[151.14656633173061,-33.461305170757647,0],[151.14671736547933,-33.461056661888193,0],[151.14674276983558,-33.460977528123443,0],[151.14677874197281,-33.460940525014756,0],[151.14679099589162,-33.460794887370419,0],[151.14676730372432,-33.460618010122005,0],[151.14668884217244,-33.460432643667431,0],[151.14664536640763,-33.460324537659019,0],[151.14652000561142,-33.460192193987581,0],[151.14634054647215,-33.460020650010527,0],[151.14621420830895,-33.459934344668923,0],[151.14608639960358,-33.459917089585822,0],[151.14605785833032,-33.459921195012882,0],[151.14589354029519,-33.459944895269238,0],[151.14571833917043,-33.460003681230049,0],[151.14557415327911,-33.460095893569253,0],[151.14554890163643,-33.460094002738401,0],[151.14549631875133,-33.460041778168595,0],[151.1454056661627,-33.459976125877944,0],[151.14531406315655,-33.459955463854769,0],[151.14524924521726,-33.459974736418893,0],[151.1451250486376,-33.459945030168214,0],[151.14461426387214,-33.459880417276729,0],[151.14451217303505,-33.459864631833753,0],[151.1441873359401,-33.459888637876823,0],[151.14399873374791,-33.459928921728846,0],[151.1438778007477,-33.459998822621358,0],[151.14368860746401,-33.460067755933359,0],[151.14363741337431,-33.460067020734918,0],[151.14356856110103,-33.460094692970344,0],[151.14355439826227,-33.460096458645147,0],[151.14346587018929,-33.460107547321755,0],[151.14341497254361,-33.460092487375718,0],[151.14329491809582,-33.460119424405015,0],[151.14324283736889,-33.460161662681372,0],[151.14315663054271,-33.460203407807889,0],[151.14313926790487,-33.460217481476306,0],[151.14310218365327,-33.460360223523509,0],[151.14313424722076,-33.460460970042348,0],[151.1432513354315,-33.460577268686436,0],[151.14330046698936,-33.460678257019744,0],[151.14329928390811,-33.460735545118176,0],[151.14321130201085,-33.460863228748529,0],[151.14307300547458,-33.460947212180258,0],[151.14305505084698,-33.460989934184937,0],[151.14300267457435,-33.461046487636708,0],[151.1428967380495,-33.461216893451372,0],[151.14287730389663,-33.461331247068159,0],[151.14278901747056,-33.461473236357072,0],[151.14276988874491,-33.461573256139374,0],[151.14255062974695,-33.462272133110162,0],[151.14242554653015,-33.462542549184192,0],[151.14223689043899,-33.462739945228684,0],[151.14200679416552,-33.462980690604738,0],[151.14155036645789,-33.463590205191601,0],[151.14139263576868,-33.463788524366343,0],[151.1413411380484,-33.463802114086214,0],[151.14130581988471,-33.463858910009407,0],[151.14121871653984,-33.463943628702175,0],[151.14121457530635,-33.464144143567111,0],[151.1412954757842,-33.464360202037831,0],[151.14134311883359,-33.464532812815541,0],[151.14130662657186,-33.464646906513401,0],[151.14127648090752,-33.464686473228809,0],[151.14116625043562,-33.464831142859445,0],[151.14116536290015,-33.464874107253202,0],[151.14114740827256,-33.464916829570797,0],[151.14114622519133,-33.464974118615174,0],[151.14116240474789,-33.465017342978136,0],[151.14116151811069,-33.465060307279586,0],[151.14139896439988,-33.465135335884391,0],[151.14146753011053,-33.465121997420546,0],[151.14173999901772,-33.465154554089978,0],[151.14179060111766,-33.465183929571722,0],[151.14189241347702,-33.465214030456188,0],[151.14209424695503,-33.465360206233633,0],[151.14217780914109,-33.465447362727623,0],[151.14224282470977,-33.465605891055198,0],[151.14224194615744,-33.46564885506492,0],[151.14225811762921,-33.465692070848121,0],[151.1422563425582,-33.465777999510244,0],[151.14221924932346,-33.465920741394143,0],[151.14214891842326,-33.466020008906668,0],[151.14202767101276,-33.466104243632316,0],[151.14194027212207,-33.466203286119267,0],[151.14193048407878,-33.466211219105467,0],[151.141731922265,-33.466372221248882,0],[151.14166129581909,-33.466485821680166,0],[151.14158829243081,-33.466714000037392,0],[151.14149261107332,-33.467214073554914,0],[151.14140047087463,-33.467542271882394,0],[151.1412400694941,-33.467869493286905,0],[151.14106407964846,-33.468124858827082,0],[151.14094771817477,-33.468262420219517,0],[151.14083658220108,-33.468393805121146,0],[151.14069590153602,-33.468592365840998,0],[151.14067883444395,-33.468592123796405,0],[151.14060820709966,-33.468705724315555,0],[151.14053845830776,-33.468776360748919,0],[151.14034687999703,-33.468959862186786,0],[151.14031155285016,-33.469016658477138,0],[151.1401558757097,-33.469114706233377,0],[151.14013821662783,-33.4691431129501,0],[151.13999990212525,-33.469227087610491,0],[151.13993133731287,-33.469240435184282,0],[151.13986217961238,-33.469282431469786,0],[151.13974212516459,-33.469309358899125,0],[151.13905321615638,-33.46960033856211,0],[151.13893880043355,-33.469638426786929,0],[151.1388469288311,-33.469669011706266,0],[151.13850499769467,-33.469692757256183,0],[151.13843643198393,-33.469706104758274,0],[151.13811274293596,-33.469672803441192,0],[151.1379250103129,-33.469670105764202,0],[151.13782319705521,-33.469639995186959,0],[151.13770312464112,-33.469666923254572,0],[151.13731029585892,-33.469675609025224,0],[151.1371737564273,-33.469673646465253,0],[151.13712225870702,-33.469687235262434,0],[151.13631333118357,-33.469466398685228,0],[151.13606973502795,-33.46939991350316,0],[151.1359343786776,-33.469340643085246,0],[151.13588318548619,-33.469339916957743,0],[151.13579844021896,-33.469310040065423,0],[151.13522439609116,-33.469000926403766,0],[151.13463506802705,-33.46860562358885,0],[151.13434819373603,-33.468443904704714,0],[151.13411075643003,-33.468368857981659,0],[151.1340102520177,-33.468346224128396,0],[151.13377089591029,-33.468292332693217,0],[151.13356787036787,-33.468203445773185,0],[151.1334331239735,-33.468115544930498,0],[151.13326423351361,-33.468027151663286,0],[151.13265993592364,-33.467531344522655,0],[151.13232157289545,-33.467383206048048,0],[151.13215358793735,-33.467251839098182,0],[151.13186439150132,-33.467034041036314,0],[151.13164931865265,-33.466872080167839,0],[151.13149780071194,-33.466769603288121,0],[151.13085998697878,-33.46624465514298,0],[151.13070876458389,-33.466127854520167,0],[151.13048958643432,-33.465995761010909,0],[151.13004973264358,-33.465803169963806,0],[151.12979701140137,-33.465641935201973,0],[151.12977873338028,-33.465627108528146,0],[151.12929336105586,-33.465233518425819,0],[151.12807949456189,-33.464499663887032,0],[151.12762198168937,-33.464291511198013,0],[151.12723394901255,-33.464114965575348,0],[151.12720040591981,-33.464085824294486,0],[151.12589707890163,-33.463551239000743,0],[151.12520788333083,-33.463299628767537,0],[151.12450783251811,-33.46304404816869,0],[151.12411831223113,-33.462895147365657,0],[151.12347459027833,-33.462656607281495,0],[151.12315213821043,-33.462565981182358,0],[151.12281201807761,-33.462503744396386,0],[151.12272729077662,-33.462473867395822,0],[151.12271060816343,-33.462471626639122,0],[151.12225065816159,-33.462409658076879,0],[151.12207969708493,-33.46242150861513,0],[151.12192640407329,-33.462404970470224,0],[151.12148270459485,-33.462398542715675,0],[151.12122642422747,-33.462409155967137,0],[151.12107193016826,-33.462449897291265,0],[151.12078032265401,-33.462517306589248,0],[151.12055641217955,-33.462620419504354,0],[151.12053901271082,-33.462628424012941,0],[151.12036745964434,-33.462668923172863,0],[151.11964262341471,-33.463045240483197,0],[151.11933334873373,-33.463141038517442,0],[151.11849264330706,-33.463343749509789,0],[151.11837197980145,-33.463399299466253,0],[151.1181153949052,-33.463424237544388,0],[151.11807592652485,-33.463434644582911,0],[151.11806389628657,-33.46343781757907,0],[151.1174306720462,-33.463514585465319,0],[151.11719175521489,-33.463511116455827,0],[151.11652469143772,-33.463573066244912,0],[151.11592648891695,-33.463607353877237,0],[151.11575523229459,-33.463633519424064,0],[151.11541400094572,-33.463719716915527,0],[151.11484397228722,-33.463840766912952,0],[151.1142681980042,-33.464071230418867,0],[151.11411878661289,-33.464160781050737,0],[151.11376219047935,-33.4643745178372,0],[151.11319755800082,-33.464748674724802,0],[151.11276001737201,-33.465184574799558,0],[151.1124373676748,-33.465586340220504,0],[151.11232823135089,-33.46579970104586,0],[151.11227344310171,-33.465906784806648,0],[151.11199540733475,-33.466225499378041,0],[151.11176274726941,-33.466425297050769,0],[151.11145876995366,-33.466624001665302,0],[151.11103884349095,-33.466904663906924,0],[151.11070555414753,-33.467138812194648,0],[151.11057456271109,-33.467256419282009,0],[151.11044591228432,-33.467384783481393,0],[151.11032660164156,-33.467503825285192,0],[151.10997696116328,-33.467833403605503,0],[151.10979730529306,-33.468021423486903,0],[151.10958269866993,-33.468246024819408,0],[151.10927429265988,-33.468647996362492,0],[151.10915289343407,-33.468981053360444,0],[151.1089795661949,-33.469448641182453,0],[151.10890488744872,-33.469551027969295,0],[151.10857550577671,-33.469789783627796,0],[151.10843870673199,-33.469912966797821,0],[151.10833968184502,-33.47000214945723,0],[151.10788367544723,-33.471026176193277,0],[151.10781996782561,-33.471132570096643,0],[151.10771906006971,-33.471364073780933,0],[151.10762341464476,-33.471551689602549,0],[151.10751634893762,-33.471764691797212,0],[151.10744597312168,-33.471904682003036,0],[151.10734680450417,-33.472109410687011,0],[151.10731812848371,-33.472062923513938,0],[151.10703226749229,-33.473224368514664,0],[151.10701189190499,-33.473239472637282,0],[151.10699017243809,-33.473355251340678,0],[151.10673675140819,-33.474705935001843,0],[151.10671641265185,-33.474780165483111,0],[151.10642614093243,-33.476106261165832,0],[151.10549619956041,-33.478139739845588,0],[151.10470264580474,-33.479354869595603,0],[151.10387189101652,-33.479987234016257,0],[151.10362214499446,-33.480096092486818,0],[151.10290474861191,-33.480408809480544,0],[151.10161863331462,-33.480705311375637,0],[151.10146470339745,-33.480717385688479,0],[151.10132754592487,-33.480744027093763,0],[151.10105474464106,-33.480725560855213,0],[151.10085154931707,-33.480720926687383,0],[151.0993140117414,-33.480685850861519,0],[151.09866720677056,-33.480590401895391,0],[151.09818464886789,-33.480486473435526,0],[151.09795334256373,-33.480436652047167,0],[151.09728886054467,-33.480369592356183,0],[151.09723796289899,-33.480354514951451,0],[151.09705050785541,-33.480337438511818,0],[151.09671094377967,-33.480246498977564,0],[151.09605750564879,-33.47996019826445,0],[151.09583016989811,-33.479930895225287,0],[151.09562648139899,-33.47986440908101,0],[151.09531335204716,-33.479762220298554,0],[151.09462560815385,-33.479476125532749,0],[151.09400970253384,-33.479244702714112,0],[151.09344875404625,-33.479006475869646,0],[151.09323690884435,-33.478846271949479,0],[151.09303554159192,-33.478693982343195,0],[151.09263408988139,-33.478257042031927,0],[151.09233277427381,-33.477839123842209,0],[151.09170880986738,-33.476998777424704,0],[151.09157877873,-33.476823666357923,0],[151.09140292273335,-33.476514821520517,0],[151.09111074209395,-33.476097045535965,0],[151.09088785300392,-33.475435432831986,0],[151.09075314254224,-33.475168610947236,0],[151.09049417261886,-33.474655638222913,0],[151.09016477298059,-33.473854625638289,0],[151.08984218706377,-33.473046074927467,0],[151.08973219823866,-33.472770378888043,0],[151.08959502279984,-33.472370692444017,0],[151.08937185523212,-33.471732654653273,0],[151.08916509269812,-33.471178976090556,0],[151.08913624599771,-33.470874784044589,0],[151.08912055961622,-33.470709335404969,0],[151.089066255559,-33.470281323042371,0],[151.08899141511603,-33.469959794580767,0],[151.0888336853252,-33.469682744380243,0],[151.08867645679427,-33.469382828160263,0],[151.08859932205411,-33.469196278476907,0],[151.08861031204327,-33.46869555021248,0],[151.0886118445691,-33.468626213859366,0],[151.088552457844,-33.468273597775607,0],[151.08839425284438,-33.46783504397775,0],[151.08813877916413,-33.467240239511781,0],[151.08796823041419,-33.467072514070082,0],[151.0879387126723,-33.467022836342764,0],[151.08783280309689,-33.466716984819058,0],[151.08779618507094,-33.46657357055247,0],[151.087752136181,-33.466401032032557,0],[151.08769857592878,-33.465991081841423,0],[151.0874904237011,-33.465211591930434,0],[151.08737270846623,-33.464348038515112,0],[151.08728418937645,-33.463861526931581,0],[151.08721756941668,-33.463507037428059,0],[151.08720631981438,-33.463164658456009,0],[151.08719028308991,-33.462676453297156,0],[151.087097720683,-33.461054277953863,0],[151.08708503647119,-33.4609102892477,0],[151.08702493289053,-33.460228408259198,0],[151.0869275034114,-33.459395233365392,0],[151.08686273038791,-33.459152345109935,0],[151.08676092611336,-33.458894344307929,0],[151.0867250339262,-33.458681198815562,0],[151.08664392863244,-33.458199465424087,0],[151.08657210024063,-33.457706294124002,0],[151.08654411412624,-33.457281589380358,0],[151.08645485123145,-33.456829724170454,0],[151.0863224260838,-33.456460363431781,0],[151.08632142176731,-33.456456024755973,0],[151.0862242887323,-33.456036080534091,0],[151.08611303687596,-33.455644668332837,0],[151.08601965879879,-33.455379863072778,0],[151.0858284748484,-33.455051172006662,0],[151.08571000682539,-33.454799839895259,0],[151.08555295795756,-33.454423164515198,0],[151.08551884084133,-33.454311150680795,0],[151.08542191352052,-33.453991441203016,0],[151.08522799599675,-33.453599679502211,0],[151.08510998521618,-33.453327560411324,0],[151.08496596102168,-33.453110488106049,0],[151.08477509058332,-33.452767939162207,0],[151.08465448906148,-33.452613606306706,0],[151.08442216137283,-33.452277340000556,0],[151.08441273984212,-33.452266144642273,0],[151.08409590763472,-33.451889540702354,0],[151.08384751627207,-33.451532236550072,0],[151.08353361526741,-33.451146202775099,0],[151.08324558484458,-33.450712050448352,0],[151.08301840180758,-33.450339426466428,0],[151.08286666827124,-33.450090541386416,0],[151.08269847759894,-33.449845367995017,0],[151.08247731776586,-33.449377600230854,0],[151.08236788589625,-33.44909175669266,0],[151.08228340024209,-33.448799361275405,0],[151.0821334148273,-33.448478235088551,0],[151.08201593315445,-33.448253472359205,0],[151.08200242428921,-33.448227629719845,0],[151.08165961460043,-33.447654006291636,0],[151.08124213514853,-33.447093094435111,0],[151.08086200854447,-33.446712958623969,0],[151.08051757739653,-33.446394540353715,0],[151.0804731601973,-33.446353476671931,0],[151.08015716252478,-33.446064424050519,0],[151.07986411141786,-33.445858897787041,0],[151.07962708643851,-33.445737408926583,0],[151.07947249356471,-33.445535011315329,0],[151.07938530038822,-33.445388342629997,0],[151.07915566135719,-33.445207879511877,0],[151.07884149175626,-33.445101916273934,0],[151.07857085181905,-33.445072451535779,0],[151.07848301365226,-33.445088345360524,0],[151.07818496970899,-33.445142281202436,0],[151.07785099944255,-33.445250834890565,0],[151.07776645988946,-33.445325334954305,0],[151.07757589487832,-33.445423481462925,0],[151.07728083603675,-33.445475768055992,0],[151.07694029459401,-33.445539986167184,0],[151.07653126828896,-33.445634726421027,0],[151.07638631164312,-33.44571461325593,0],[151.0761444097102,-33.445748775278076,0],[151.07597030273334,-33.445810133612049,0],[151.07574946539549,-33.445887958994561,0],[151.07545984854789,-33.446035102805119,0],[151.07507103613338,-33.446237571956566,0],[151.07475016150715,-33.446434761515604,0],[151.07450476333113,-33.44662681468305,0],[151.07420578783487,-33.446855952265103,0],[151.07403655691343,-33.447011271281461,0],[151.07387702510215,-33.447190281769451,0],[151.07385881894623,-33.447210692737322,0],[151.0737116308853,-33.447391639643989,0],[151.07357309180387,-33.447522164215933,0],[151.07353389291811,-33.447591060974865,0],[151.07363056960898,-33.447649425821744,0],[151.07382601965861,-33.447671414473582,0],[151.07392819134407,-33.447730854862556,0],[151.07370978394906,-33.448106015256023,0],[151.07364472346461,-33.448330580489134,0],[151.0735375589428,-33.448568144364557,0],[151.0734726511719,-33.448738011801794,0],[151.0734096433379,-33.448822470190514,0],[151.07332662732753,-33.448889538551789,0],[151.07319516158066,-33.448921217616132,0],[151.07319343142544,-33.448921647848699,0],[151.07294930706044,-33.448900761329178,0],[151.07289818483594,-33.448908506266456,0],[151.07283535666494,-33.448984413061318,0],[151.07293569938054,-33.449006796378804,0],[151.07291318220962,-33.449056725779414,0],[151.07281551916859,-33.449029250896182,0],[151.07276025660886,-33.449154128277797,0],[151.07276931881353,-33.449205537169064,0],[151.07289043147674,-33.449258684192678,0],[151.07302247933194,-33.449277822719701,0],[151.07302173552685,-33.449311984087998,0],[151.07294910044797,-33.449370662579497,0],[151.07287665401523,-33.449420797891328,0],[151.0727728869218,-33.449504629008885,0],[151.07272929527431,-33.44963210581853,0],[151.07270306626467,-33.449896561362685,0],[151.07270169453722,-33.449958152862948,0],[151.07269398609373,-33.450306528447626,0],[151.0726798313398,-33.450485727759421,0],[151.0727286853182,-33.450580476852124,0],[151.07277736861678,-33.45068375986348,0],[151.07289715446834,-33.450796688298084,0],[151.07293812842508,-33.450912027781506,0],[151.07290898707726,-33.450948537491108,0],[151.0728776753997,-33.451205777194346,0],[151.07287954928535,-33.451699809178152,0],[151.07292546217954,-33.452144655762297,0],[151.07296392714173,-33.452517279482883,0],[151.07312823709202,-33.453196390265177,0],[151.07316284648493,-33.45336875869846,0],[151.07323326811499,-33.453659809858934,0],[151.07338928571696,-33.454134757865717,0],[151.07348850823334,-33.454344308751516,0],[151.07360956699767,-33.454599952471646,0],[151.07386803386444,-33.455076495470955,0],[151.07390186441802,-33.45521630652285,0],[151.07389100827783,-33.45521308825699,0],[151.07375721230113,-33.455262354542739,0],[151.07367348841834,-33.455355194741301,0],[151.07363927338574,-33.455517263317269,0],[151.07370483602844,-33.455783582846259,0],[151.07391531040125,-33.456388965244145,0],[151.07393519191507,-33.456446137760707,0],[151.07407975420051,-33.45683349847986,0],[151.07413492782695,-33.457108207955933,0],[151.07421354209242,-33.457246360919505,0],[151.0743038712875,-33.457316217508186,0],[151.07442614906566,-33.457326687485228,0],[151.0746506703945,-33.4573301747293,0],[151.07478220800661,-33.457383564095913,0],[151.07482151469011,-33.457452640385839,0],[151.07487008120768,-33.457564653909358,0],[151.07486522311865,-33.457778122164953,0],[151.07498636183303,-33.457839902176815,0],[151.07521976660169,-33.45790343887068,0],[151.07534198149779,-33.457941212967071,0],[151.07545298182589,-33.457975526809456,0],[151.07557336865034,-33.458071531299915,0],[151.07557128905046,-33.458165635068227,0],[151.07548566523087,-33.458344027467085,0],[151.07527077114688,-33.458828503786251,0],[151.07510085930247,-33.459125390542887,0],[151.07487897363069,-33.459464264584895,0],[151.07464687860568,-33.459802986664968,0],[151.07453766143342,-33.45986144971355,0],[151.07449192730402,-33.459885921159305,0],[151.07429517649388,-33.460011237816154,0],[151.07407877683346,-33.46010201647352,0],[151.07359682888688,-33.460197222707549,0],[151.07336190955866,-33.460202126271319,0],[151.07323113461621,-33.460114511843358,0],[151.07303949342344,-33.460008835866546,0],[151.07274656808065,-33.459867347802493,0],[151.07218166700574,-33.459559032346235,0],[151.07217319679091,-33.45955459489911,0],[151.07102110115085,-33.458950467444978,0],[151.07093076207428,-33.458880602430192,0],[151.07038649619986,-33.458564039506946,0],[151.07008621185824,-33.458294062193687,0],[151.07001542281725,-33.45822598034971,0],[151.06970637181681,-33.457928717283991,0],[151.0694882959001,-33.45763434011446,0],[151.06929026409236,-33.457357407155108,0],[151.06926252950626,-33.45722100211475,0],[151.06920528526305,-33.457040386743699,0],[151.06900127426877,-33.456801227979284,0],[151.06891673471574,-33.456702131281048,0],[151.06865124841329,-33.45624442092663,0],[151.06854563528199,-33.455943240315094,0],[151.06844309618558,-33.455776582001988,0],[151.06795430846645,-33.454982257190601,0],[151.06775533522426,-33.454748091056636,0],[151.06764555301174,-33.454635127295354,0],[151.06743409228878,-33.454503445729266,0],[151.06733329233074,-33.454450585225565,0],[151.06723074514949,-33.454466191777556,0],[151.06707672540074,-33.4545065920708,0],[151.06671764632381,-33.454586559922859,0],[151.06662783635494,-33.454585152389804,0],[151.06645231273495,-33.454582428011221,0],[151.06628960717572,-33.454554218134398,0],[151.06620349107936,-33.454690058511517,0],[151.06618780379952,-33.45467277540326,0],[151.06617003691986,-33.454619556749051,0],[151.06614249996309,-33.454434746329987,0],[151.06609440775611,-33.454274694101514,0],[151.06605868624879,-33.454187313520094,0],[151.06603745995699,-33.453994480386037,0],[151.06598295916865,-33.453576525391426,0],[151.06599056969574,-33.453234406251177,0],[151.06597075016563,-33.45297742739502,0],[151.06595645257957,-33.452896186907466,0],[151.06593676779679,-33.45278438770633,0],[151.06588980477204,-33.452601836123563,0],[151.06585795590198,-33.452312577975221,0],[151.06579893748611,-33.452097765140365,0],[151.06576472155521,-33.451915419726014,0],[151.065768997536,-33.451722972034652,0],[151.06568542636683,-33.451464997844596,0],[151.06566396651294,-33.45128284972089,0],[151.06564083040286,-33.451175532785932,0],[151.06561652019462,-33.451121686140361,0],[151.06556835702068,-33.450992595563221,0],[151.0654970667197,-33.450756188839094,0],[151.06548814734725,-33.450683607711163,0],[151.06544304922502,-33.450316864357092,0],[151.06541001727371,-33.450081057658821,0],[151.06540321343374,-33.449825781376511,0],[151.06540413690189,-33.449782808026235,0],[151.06537124778271,-33.449725017253733,0],[151.06534389857387,-33.449409422277142,0],[151.06536774255648,-33.449094589925906,0],[151.06533547237649,-33.44900815003605,0],[151.06536269582119,-33.448535774847279,0],[151.06537302285369,-33.448443221916463,0],[151.0655318467926,-33.447019678990131,0],[151.06566051518564,-33.446199690072596,0],[151.06574940258471,-33.44563323853945,0],[151.06573295353354,-33.445604338402546,0],[151.06577447456431,-33.445261116684215,0],[151.06580077454086,-33.444831714903145,0],[151.06578777681699,-33.444386303860497,0],[151.0658349904717,-33.443955145237993,0],[151.06584689494582,-33.443846412278482,0],[151.06581110157333,-33.443557216378451,0],[151.0657885035541,-33.443309640097453,0],[151.0656370206477,-33.442859926858858,0],[151.06553100417284,-33.442575732675664,0],[151.06532686741443,-33.44228412560156,0],[151.06513562058197,-33.442045109793689,0],[151.06495654771831,-33.441889270661562,0],[151.0649554625534,-33.441888500078043,0],[151.0646939207534,-33.441702694801222,0],[151.06448769541194,-33.441505235873983,0],[151.06427432576902,-33.441313541669814,0],[151.06399818993893,-33.441103219443072,0],[151.06395036722645,-33.441043608850485,0],[151.0633815764464,-33.440734530835599,0],[151.06286179056181,-33.440506380057933,0],[151.0628253881315,-33.440490396940106,0],[151.06233780145993,-33.440317966182199,0],[151.06213519722738,-33.440273594598708,0],[151.06205747948056,-33.44029592319373,0],[151.06197897301294,-33.440353553085764,0],[151.06188006490692,-33.440381440002881,0],[151.06167739779232,-33.440344795413566,0],[151.06129947655228,-33.440291800346188,0],[151.06104697000734,-33.440281957983906,0],[151.06089841920206,-33.440332612780189,0],[151.060813682918,-33.440354834915659,0],[151.06078560787037,-33.440354395645308,0],[151.06074493754426,-33.440289012551538,0],[151.06067620205192,-33.440223190137452,0],[151.06050856653846,-33.440185245658284,0],[151.06037527271994,-33.440167881700191,0],[151.06020055578708,-33.440145113800824,0],[151.05982901617878,-33.440121645759596,0],[151.05967475568164,-33.440113345326203,0],[151.05953931848285,-33.440205405656087,0],[151.05930432818766,-33.440354771948591,0],[151.05912573861764,-33.440493238699986,0],[151.05909635472472,-33.44055163905638,0],[151.05911491032523,-33.44066376960938,0],[151.05912777330173,-33.440716943605146,0],[151.059112812759,-33.440757917753757,0],[151.05893035055178,-33.440755058761624,0],[151.05890969738508,-33.440737076493583,0],[151.0589325828652,-33.440655029209402,0],[151.05882914725015,-33.440571001387966,0],[151.05877405447208,-33.440523052810939,0],[151.05858378500673,-33.440555394584436,0],[151.05837408138845,-33.440607072433181,0],[151.0583367195575,-33.440616269347942,0],[151.05804833969,-33.440641189241525,0],[151.05779542980162,-33.440648997133557,0],[151.05755642313878,-33.440662909062326,0],[151.05745234253334,-33.440608309282958,0],[151.05728641022563,-33.440493866120988,0],[151.05721144491685,-33.440392627150246,0],[151.05722928276347,-33.440222203651672,0],[151.05723086020512,-33.440151594178396,0],[151.05728923363057,-33.440052443973435,0],[151.05750410076504,-33.439861565136034,0],[151.05767370808056,-33.439811250388964,0],[151.05770971615041,-33.439770607122306,0],[151.05769062335736,-33.439682016294,0],[151.05763501045479,-33.439657598366423,0],[151.05745346273247,-33.439609264732361,0],[151.05739733060364,-33.439604460452507,0],[151.05711714337161,-33.439580454791255,0],[151.05688673358603,-33.439523864851701,0],[151.05633285843297,-33.439491639633722,0],[151.05562499048071,-33.43943934343698,0],[151.05472556308223,-33.439360612729196,0],[151.05456000716865,-33.439346118139326,0],[151.05418859332451,-33.439316742899557,0],[151.05409776107288,-33.43929766814108,0],[151.05408411835867,-33.439279793515908,0],[151.05410687807475,-33.439203627106771,0],[151.05409173786893,-33.438938507781948,0],[151.05400077087,-33.438925312963505,0],[151.05376799492197,-33.438974632728907,0],[151.05356331108953,-33.439024391743416,0],[151.05340072231135,-33.439074814142337,0],[151.05325348933459,-33.439066621553998,0],[151.05292522786178,-33.438990830517284,0],[151.05278435046563,-33.439012165446698,0],[151.05268582683857,-33.439022393257503,0],[151.05253391453749,-33.438951622389091,0],[151.05246351177203,-33.438918832494316,0],[151.05233201907569,-33.43883436446292,0],[151.05180007808693,-33.438449289916981,0],[151.0513952469143,-33.43803089644328,0],[151.05090193258445,-33.437342857221473,0],[151.05082058384721,-33.437244522408214,0],[151.05037254640433,-33.436702909438281,0],[151.04981082806052,-33.436058910350589,0],[151.04942957137587,-33.435579597110348,0],[151.04930213097978,-33.435383008086568,0],[151.04905067366713,-33.434995137006041,0],[151.04868745245841,-33.434410927099897,0],[151.04827958318347,-33.433720835078077,0],[151.04809842982158,-33.433365592642836,0],[151.04787406120627,-33.432925587096271,0],[151.04769540875418,-33.432502057198001,0],[151.04751793129844,-33.432025944187906,0],[151.04744839810218,-33.431630417329167,0],[151.0473904190371,-33.431419145020079,0],[151.04732729442208,-33.431212167154222,0],[151.04727356438832,-33.431036024992579,0],[151.04718808340081,-33.430653397320839,0],[151.04718718778051,-33.430388431049749,0],[151.04715615368235,-33.430239727575376,0],[151.04721572905368,-33.430134347313164,0],[151.04722250504594,-33.429832054950069,0],[151.04705893979894,-33.429435049426161,0],[151.04683786081426,-33.429046156152694,0],[151.04680252468424,-33.428983990524728,0],[151.04636127311505,-33.428385393675377,0],[151.04600817322461,-33.428051145397923,0],[151.04554301389237,-33.427820305027346,0],[151.04521654635519,-33.427696834895791,0],[151.04491629794623,-33.427564947498297,0],[151.04481289826373,-33.427519545277569,0],[151.04443912724037,-33.427408472837961,0],[151.04395475833405,-33.427335093216719,0],[151.04328350840765,-33.42720618241448,0],[151.04278287909645,-33.427158834477289,0],[151.04228938510357,-33.427151044864182,0],[151.04217167076706,-33.427149189301787,0],[151.04160569351055,-33.427219144352023,0],[151.04033210971141,-33.427383086566877,0],[151.03979659252951,-33.427492948992111,0],[151.03964838218573,-33.427547494797189,0],[151.03959108404362,-33.427568587381998,0],[151.03947811999834,-33.427711428144988,0],[151.03934019985616,-33.427862623508787,0],[151.03909755411811,-33.427902620849828,0],[151.03840411849913,-33.428062574043537,0],[151.03805607432719,-33.428201686420131,0],[151.03728790606306,-33.428497820341583,0],[151.03713879021748,-33.428555305878035,0],[151.03676469669887,-33.42864998370959,0],[151.03666234535038,-33.428648433310883,0],[151.03644120438193,-33.428616422969377,0],[151.03616984669083,-33.428540676784593,0],[151.03598470480904,-33.428423257847271,0],[151.03580081787382,-33.428248550223849,0],[151.03570097641813,-33.428132421148618,0],[151.03561788045775,-33.428030877616358,0],[151.03553446200215,-33.42794364903105,0],[151.03550159084924,-33.42788584895861,0],[151.03547087116149,-33.427851023901546,0],[151.03525890019546,-33.427532650364597,0],[151.03500565882862,-33.427152290902455,0],[151.0348288533128,-33.426965221525265,0],[151.03456353769025,-33.426690027477449,0],[151.03413752424314,-33.426087118847896,0],[151.03386387225481,-33.425611732379743,0],[151.03371411052049,-33.425351561785234,0],[151.03352005824942,-33.424861510086387,0],[151.03349252129274,-33.42456023100857,0],[151.03333509603078,-33.423956130479944,0],[151.03332179287972,-33.423784003506682,0],[151.03330943206146,-33.423568922097118,0],[151.03331255999521,-33.423425704888764,0],[151.03335167893096,-33.423197069247472,0],[151.03337217938403,-33.423039787472199,0],[151.03338126045324,-33.422624244527562,0],[151.03338564333347,-33.422423944072925,0],[151.03341772576556,-33.421736756569913,0],[151.03349910055388,-33.421136277297748,0],[151.03353665103108,-33.420979254960351,0],[151.0335388375305,-33.42087900242322,0],[151.03363037855286,-33.420593858262386,0],[151.03371195007227,-33.420396650466884,0],[151.03424283284562,-33.419113187698436,0],[151.03439179687589,-33.418542388227578,0],[151.03439367884641,-33.418456451006527,0],[151.03444640546203,-33.418385617630143,0],[151.03444828743258,-33.418299688501691,0],[151.03447919486823,-33.418247069868208,0],[151.03459004427933,-33.418058289001728,0],[151.03466202448644,-33.417887453491986,0],[151.03487670297471,-33.417432262393397,0],[151.03526144602097,-33.416220340825568,0],[151.03524532844818,-33.416177116888697,0],[151.03524657441147,-33.416119827855944,0],[151.03524817970091,-33.416100878467553,0],[151.03526957667265,-33.415847968370763,0],[151.03523702801493,-33.415775843925317,0],[151.03526252130436,-33.415389416369003,0],[151.03527712431764,-33.415306374099231,0],[151.03534042769738,-33.414946469608232,0],[151.03534605654099,-33.41468867475762,0],[151.03526797138321,-33.414357975942963,0],[151.03521749594572,-33.413863316682246,0],[151.03512742546542,-33.412980490194549,0],[151.0351283579167,-33.412937525591182,0],[151.03510112548884,-33.412621922041289,0],[151.03508532142806,-33.412564381713679,0],[151.03508969622351,-33.41236387583951,0],[151.03499686522039,-33.411616109584187,0],[151.03498812551098,-33.411545715293499,0],[151.03498969396944,-33.411474102427256,0],[151.03492585249882,-33.411272565229169,0],[151.03486044256974,-33.411142631763724,0],[151.03486106959383,-33.41111398334197,0],[151.03478111144864,-33.410869221729122,0],[151.03476592632711,-33.410783033209135,0],[151.03471146955627,-33.410151834050488,0],[151.03470316013991,-33.409750561742861,0],[151.03465856417594,-33.409449013519414,0],[151.03465981912237,-33.409391742544756,0],[151.0346660678035,-33.409105298619387,0],[151.03468468538773,-33.409033945448684,0],[151.03470299035834,-33.408976925409867,0],[151.03479607199145,-33.408620168191518,0],[151.03503028254897,-33.408050650299295,0],[151.03505014699485,-33.407922017569625,0],[151.03505733621199,-33.407592609049352,0],[151.0350282298985,-33.407362943360567,0],[151.03441548814487,-33.406803832557884,0],[151.03432571410869,-33.406721910676538,0],[151.03404393146863,-33.406345145817369,0],[151.03396366789636,-33.406114699930228,0],[151.03391687555148,-33.405913422512981,0],[151.03387103452255,-33.405669171931379,0],[151.03385960525719,-33.405411117072788,0],[151.03388041922233,-33.405239510523664,0],[151.03383722193524,-33.405002781179029,0],[151.03373210108069,-33.404676259265614,0],[151.03371405662159,-33.404620243504596,0],[151.03355888163938,-33.404359974019314,0],[151.03331021179906,-33.404024560116738,0],[151.03298035491835,-33.403718547214076,0],[151.03258505217588,-33.403393074121951,0],[151.03234817002874,-33.403276282614073,0],[151.03194791038254,-33.403049288014955,0],[151.03152814561656,-33.402811240320808,0],[151.03105535868926,-33.402589158076076,0],[151.03085260174311,-33.402500118337109,0],[151.03080145346746,-33.402499338404702,0],[151.03039436303186,-33.402392864814622,0],[151.030191293472,-33.402318140415218,0],[151.03015781326133,-33.402288980626018,0],[151.02995475178631,-33.402214256887206,0],[151.02966673034666,-33.402123917871016,0],[151.02953030769606,-33.402121838292182,0],[151.02944504230422,-33.402120556647645,0],[151.02935914899001,-33.402147888144448,0],[151.02918830469432,-33.402159621674471,0],[151.02891671433952,-33.402098182985739,0],[151.02862995682943,-33.401950546220249,0],[151.0283267673363,-33.401774018470654,0],[151.02831644120204,-33.401769079357209,0],[151.02814106131251,-33.401685229876932,0],[151.02803937381901,-33.401655030455252,0],[151.02797210797047,-33.401611026079117,0],[151.02778796950693,-33.401450624438624,0],[151.02614195047926,-33.400453847802339,0],[151.02591929405293,-33.40031901220577,0],[151.02445708919694,-33.39932250457403,0],[151.02435603860897,-33.399263655751184,0],[151.02428907728938,-33.399205327363141,0],[151.02410030531553,-33.399095401400317,0],[151.02402822539548,-33.399061455004947,0],[151.02366442297676,-33.398890153900062,0],[151.0228647822367,-33.398600850216965,0],[151.02215393816584,-33.398435877201898,0],[151.02149671722927,-33.398350701556573,0],[151.02147799094888,-33.398348271651038,0],[151.02085663525003,-33.398276900645719,0],[151.02012400883015,-33.398265211589624,0],[151.01912410396889,-33.39826684352775,0],[151.01881226549608,-33.398270258148159,0],[151.01872162099232,-33.398271244360707,0],[151.01856853459319,-33.398252814558724,0],[151.01830293150977,-33.398214699489948,0],[151.018020109519,-33.398223726152523,0],[151.01757707389555,-33.398176020425211,0],[151.01731239428022,-33.398097271794164,0],[151.01703902885444,-33.398045486891895,0],[151.01689434978803,-33.398016075927551,0],[151.01655702611069,-33.397936170690997,0],[151.01634977040158,-33.39781770315291,0],[151.01622440870702,-33.397775967010212,0],[151.01615743031945,-33.397753664227324,0],[151.01602828581923,-33.39775160254333,0],[151.01593126866692,-33.397756819376241,0],[151.01584156649588,-33.397796028110321,0],[151.01567035478928,-33.397867802997133,0],[151.01549154064037,-33.397919130520854,0],[151.01516758299613,-33.397961368327479,0],[151.0147792089594,-33.397995790636045,0],[151.01455289549159,-33.398005713540044,0],[151.01431135198644,-33.397974742616199,0],[151.01412662243138,-33.397931160111838,0],[151.01396579974102,-33.397901489617567,0],[151.01385202900863,-33.39793353528092,0],[151.01379397807833,-33.398000343727446,0],[151.01371202028332,-33.398101816630522,0],[151.0136859619536,-33.398134086461809,0],[151.01360200540714,-33.398274991218344,0],[151.01362376170502,-33.398383715266213,0],[151.01361306726153,-33.398498696174258,0],[151.01355332210863,-33.398639986573251,0],[151.01354067382943,-33.398662423373004,0],[151.01347759502852,-33.398774249550385,0],[151.01344268919152,-33.398888835459495,0],[151.0134173926331,-33.398935851576923,0],[151.01334351159088,-33.398988856142218,0],[151.01323004538733,-33.399007357784718,0],[151.01292396152229,-33.399039762273439,0],[151.01267558722768,-33.39907062557279,0],[151.01223161016989,-33.399092461539837,0],[151.01180436064098,-33.399128882054704,0],[151.01159878927299,-33.399168699890268,0],[151.01153058199012,-33.399167660440497,0],[151.01127417675693,-33.39919237399338,0],[151.0111201579065,-33.399216864050182,0],[151.01086333046507,-33.399257694295493,0],[151.00983735829089,-33.399370874138263,0],[151.00949505076025,-33.39942291848741,0],[151.00889663354221,-33.399485352766192,0],[151.00848421879189,-33.39962227754463,0],[151.00838158986394,-33.399635024611349,0],[151.00824421679576,-33.399675891408201,0],[151.00728581499891,-33.399818732306557,0],[151.00696118451651,-33.399842388233537,0],[151.00619320489858,-33.399859222538154,0],[151.00604736970047,-33.399890219788851,0],[151.00487351866082,-33.400139750553961,0],[151.00341820747636,-33.400364226161223,0],[151.00234025338992,-33.400530489932486,0],[151.00227204610698,-33.40052944149955,0],[151.00191235707396,-33.400595523497181,0],[151.0016536476621,-33.400637923492276,0],[151.0013297978156,-33.400694244050911,0],[151.00096260605329,-33.400694244050911,0],[151.00051381492392,-33.400694244050911,0],[151.00017382055515,-33.400667038088621,0],[150.99995622883043,-33.400626243003273,0],[150.99968423513207,-33.400544644525688,0],[150.999385035057,-33.400463045221514,0],[150.99918104202905,-33.40035424952984,0],[150.99897704900104,-33.400286248216155,0],[150.99871865310115,-33.400150255928438,0],[150.99850107035959,-33.400082255205035,0],[150.99828346066849,-33.399946253598571,0],[150.99794347438461,-33.399728662284865,0],[150.99757627453749,-33.399483864843475,0],[150.99733148631751,-33.399239067462418,0],[150.99712748340804,-33.399062270966553,0],[150.9970186875457,-33.398871875722527,0],[150.99685548970967,-33.398572685138966,0],[150.99674669384734,-33.398436683419732,0],[150.99652910212259,-33.398205493583113,0],[150.99637950208503,-33.39791990149466,0],[150.99620085053121,-33.397299593832344,0],[150.99603681816035,-33.397010416100919,0],[150.9959895604882,-33.396837715982855,0],[150.99597412473665,-33.396765824747618,0],[150.99597606958929,-33.396679877980546,0],[150.99591991949413,-33.396403751722659,0],[150.99591467512948,-33.396377997893545,0],[150.99588219833703,-33.39630583778218,0],[150.99586709406381,-33.396219622814002,0],[150.99576997001196,-33.395988817824573,0],[150.99575486573877,-33.395902602541923,0],[150.99572238894632,-33.395830442785787,0],[150.99570728467313,-33.39574423559592,0],[150.99567479889748,-33.395672075708312,0],[150.99565969462429,-33.395585860111403,0],[150.99562721783181,-33.395513700092302,0],[150.99561210457551,-33.39542748433832,0],[150.99557962868138,-33.39535532493769,0],[150.99556452440819,-33.395269109026572,0],[150.99553203863255,-33.395196948744442,0],[150.99551693435936,-33.395110733426229,0],[150.99538734249816,-33.394807777636643,0],[150.99533975244938,-33.394649401945621,0],[150.99516355599121,-33.394247726532917,0],[150.99508024533347,-33.394057797745702,0],[150.99506514106028,-33.393971582047421,0],[150.99503265528463,-33.393899422188007,0],[150.9948484907699,-33.392993773057668,0],[150.99481601397741,-33.392921613136451,0],[150.99481794984692,-33.392835675318011,0],[150.99478742778845,-33.392677560040319,0],[150.99475494201289,-33.392605399856613,0],[150.99475656526857,-33.392533777378048,0],[150.99465644623353,-33.392041430679839,0],[150.99463378533218,-33.391930008353391,0],[150.99450452494929,-33.39161271967464,0],[150.99448942067616,-33.391526512801455,0],[150.99439390910018,-33.391305443510518,0],[150.99432735112416,-33.391151388377764,0],[150.99431224685097,-33.391065172796679,0],[150.99421514076539,-33.390834368369752,0],[150.9941695045523,-33.390590046149796,0],[150.99413701967501,-33.390517885733125,0],[150.99409139244509,-33.390273573124169,0],[150.99405891655096,-33.390201412444782,0],[150.99406054789148,-33.390129790235463,0],[150.99401295784273,-33.389971415020909,0],[150.99398404915851,-33.389741686254673,0],[150.99398599401113,-33.389655748292455,0],[150.99397056724277,-33.389583857116904,0],[150.99397900242332,-33.389211430488984,0],[150.99400090155328,-33.389098126408044,0],[150.99405628987705,-33.388811431066266,0],[150.99410906051014,-33.388740624520246,0],[150.99411101524416,-33.388654678067823,0],[150.99413130908471,-33.388511711562266,0],[150.99417027530683,-33.388297391873053,0],[150.99417222105771,-33.388211444982431,0],[150.99419089254093,-33.388140091904809,0],[150.99419576949455,-33.387925234255917,0],[150.99418033374303,-33.387853352150088,0],[150.99418552331048,-33.387624142830852,0],[150.99417009654206,-33.38755227022687,0],[150.99418015408003,-33.387108221447519,0],[150.9942174979447,-33.386965514922863,0],[150.99422428381831,-33.386868936725406,0],[150.9942426597558,-33.386607690734728,0],[150.99428161699473,-33.38639336185112,0],[150.99428324025041,-33.386321748505495,0],[150.99426780360062,-33.386249857573098,0],[150.994269776301,-33.386163910908422,0],[150.99425433965112,-33.386092019845492,0],[150.99425918965531,-33.385877161635321,0],[150.99427787012172,-33.385805808892059,0],[150.99428111573482,-33.385662564672224,0],[150.99429979620112,-33.385591220003704,0],[150.99430465518847,-33.385376353055072,0],[150.9942741232486,-33.385218246711716,0],[150.99426064133283,-33.385060408611402,0],[150.99419764248199,-33.384830151557217,0],[150.99419958823285,-33.384744204239134,0],[150.99417532204211,-33.384631141865384,0],[150.99416873379781,-33.384600430957278,0],[150.99417067954872,-33.384514484912323,0],[150.99413982511368,-33.384370702249491,0],[150.99414176996623,-33.384284755977447,0],[150.99410929407205,-33.384212595577516,0],[150.99406366684215,-33.383968282500533,0],[150.99403119094802,-33.383896122588062,0],[150.99389170234733,-33.383277751365398,0],[150.99370106547101,-33.382658582132507,0],[150.99370236533321,-33.382601284499103,0],[150.99365349338851,-33.382500215810374,0],[150.99367115247034,-33.38245296652002,0],[150.99367022900225,-33.382438856987314,0],[150.9935878948132,-33.382384535640085,0],[150.99358984056414,-33.382298588904952,0],[150.99351487435703,-33.382132011215035,0],[150.99349241916985,-33.382082108581308,0],[150.99336122291754,-33.381850766477264,0],[150.99309559288469,-33.381531316682548,0],[150.99267814038225,-33.381137816213915,0],[150.99257715267626,-33.381078895819279,0],[150.99239287138056,-33.380932684584046,0],[150.99222596170588,-33.380772426310109,0],[150.99206034291024,-33.380554862007834,0],[150.99197834918266,-33.380410281414719,0],[150.99192446733358,-33.380339484529365,0],[150.99191210561699,-33.38032324129432,0],[150.99187963870597,-33.380251081357379,0],[150.99169762475807,-33.380004617030991,0],[150.99139953679736,-33.379612989485757,0],[150.9913159207124,-33.379540022566289,0],[150.99124967624837,-33.379452991326588,0],[150.99116607004484,-33.379380024272876,0],[150.99099948286531,-33.379205433290316,0],[150.99089881765457,-33.379132188478359,0],[150.99081552406483,-33.379044897282917,0],[150.99074895800396,-33.378972190184719,0],[150.99027876091961,-33.378649495958129,0],[150.99022857204466,-33.378619690608055,0],[150.99020406420712,-33.378587725590826,0],[150.99016193322032,-33.378532740212712,0],[150.99010373047471,-33.378464883107235,0],[150.98998736001784,-33.378426104486891,0],[150.98969906099876,-33.378305323920259,0],[150.98933644974613,-33.378090036138772,0],[150.989252511166,-33.37803139423378,0],[150.98900037203202,-33.377869782597955,0],[150.98819152535697,-33.377441385035375,0],[150.98810694088814,-33.377411372979552,0],[150.98798240474531,-33.377347657338802,0],[150.98790464208278,-33.377307866264701,0],[150.98773611903377,-33.377219221462127,0],[150.98728039021537,-33.377011373279515,0],[150.98722990579478,-33.376981908688627,0],[150.98689221470642,-33.37683325930783,0],[150.98562473495966,-33.376325924749892,0],[150.98559065377611,-33.376325386884588,0],[150.98555654564305,-33.37632484001729,0],[150.98516795690907,-33.376169870897449,0],[150.9849215193822,-33.376111246451742,0],[150.98472472365626,-33.376120622734909,0],[150.984593527404,-33.376176845155157,0],[150.98441547592475,-33.37620496497852,0],[150.98434987734944,-33.376176845155157,0]],[[151.17859239899516,-33.513903329619474,0],[151.17861156455177,-33.513817643430393,0],[151.17859051702465,-33.513044087398058,0],[151.17855847052519,-33.512871835427447,0],[151.17849308754558,-33.512598927302008,0],[151.17844876916104,-33.512511143414628,0],[151.17844215396727,-33.512498046677777,0],[151.17833974961817,-33.512324916557802,0],[151.17830667275103,-33.512209935191578,0],[151.17820401687365,-33.512051120654384,0],[151.17815255418768,-33.511978870987328,0],[151.1781362758164,-33.511907069155548,0],[151.17806801553289,-33.511791649074709,0],[151.17805172817847,-33.511719838848684,0],[151.17798346699666,-33.511604418518083,0],[151.17796770874992,-33.511503977142084,0],[151.17793410277517,-33.511417636203433,0],[151.17794574673789,-33.511357380399481,0],[151.17795464814407,-33.511296514871944,0],[151.17796075219641,-33.511235317496755,0],[151.17796405979325,-33.511174057911632,0],[151.17796452601888,-33.511113022233047,0],[151.17796200714284,-33.511058530495468,0],[151.17795669181132,-33.511004046962597,0],[151.17793207617595,-33.510841001366337,0],[151.17791323401281,-33.510682482418545,0],[151.17790095404288,-33.510631808813834,0],[151.17788022002782,-33.510584667467107,0],[151.17786183510722,-33.51055712071237,0],[151.17784032135447,-33.510530803059893,0],[151.1778168268165,-33.510505318289034,0],[151.17771599092586,-33.510401541827804,0],[151.17771031626827,-33.510395697362199,0],[151.17753215788949,-33.510227946126584,0],[151.17750158103382,-33.510202506206738,0],[151.17746899734183,-33.510179289324192,0],[151.17741469328465,-33.510148596621377,0],[151.17735566588564,-33.510122385952322,0],[151.17729350965448,-33.510099904571163,0],[151.17722982089745,-33.510080372017406,0],[151.17716618514109,-33.510063017566658,0],[151.17713194315903,-33.510055801649436,0],[151.17706169220889,-33.510045385231408,0],[151.17702752119385,-33.51003866215833,0],[151.17699520609813,-33.510028551332525,0],[151.17696753439404,-33.510014495492591,0],[151.17689102667799,-33.509960863671353,0],[151.17686337294029,-33.509946745652897,0],[151.1768244426508,-33.509934706873899,0],[151.17678295665431,-33.50992717711226,0],[151.17665425232863,-33.509911723609555,0],[151.17658197567752,-33.509896807141899,0],[151.17643795148291,-33.509862797735877,0],[151.17636578262963,-33.509849504358257,0],[151.17629321941595,-33.509842512376352,0],[151.1762577215892,-33.509841624802853,0],[151.17618642230511,-33.509842889126972,0],[151.17611555331405,-33.509848177866601,0],[151.17604755174528,-33.509718451229652,0],[151.17605017841922,-33.509575269192482,0],[151.17608718182237,-33.509475491331308,0],[151.17612551203726,-33.509304135564783,0],[151.17618011164024,-33.509204582094824,0],[151.17620649246518,-33.509133452821914,0],[151.17621712402658,-33.509104794818043,0],[151.17621869248504,-33.509018893403905,0],[151.17620451167994,-33.508832549674622,0],[151.17617090570519,-33.508746209066437,0],[151.17617562096208,-33.50848850350031,0],[151.17639506770789,-33.508033007420856,0],[151.17646672541983,-33.507962299634237,0],[151.1766124088027,-33.507692044803186,0],[151.17677384953402,-33.507522231497433,0],[151.17688095117376,-33.507437655789992,0],[151.17700485130931,-33.507396251758749,0],[151.17711064410366,-33.507383253868497,0],[151.17727025676334,-33.507313657110139,0],[151.17730919693432,-33.507314149971286,0],[151.17744612982801,-33.507315871240053,0],[151.17762149264959,-33.507346707263117,0],[151.17772701684771,-33.507348042781437,0],[151.17793676448338,-33.507422273749413,0],[151.17816305998494,-33.507553999236535,0],[151.17837150865668,-33.507699825682948,0],[151.17863062141217,-33.507960839038468,0],[151.17925208490891,-33.508713212628145,0],[151.17949121733585,-33.509002713194938,0],[151.17967972071338,-33.509277163643681,0],[151.17995434108568,-33.509652933204535,0],[151.18021321219427,-33.509928270661689,0],[151.18041931177163,-33.510202954111179,0],[151.18052143854129,-33.510390390680016,0],[151.18057108124057,-33.510562858059899,0],[151.18056592670749,-33.510651852061216,0],[151.18054539032178,-33.511006467721337,0],[151.18052440567672,-33.51119237160281,0],[151.18052283721826,-33.511278273106306,0],[151.18072058246338,-33.512011096220242,0],[151.1807350327631,-33.512183115471572,0],[151.18098147927307,-33.512857547116269,0],[151.18100313585796,-33.512916816966033,0],[151.18107166563598,-33.513017921795935,0],[151.18113888656873,-33.51319062211369,0],[151.18120715583535,-33.513306023850824,0],[151.18131112954131,-33.513393252689148,0],[151.1815458871728,-33.514026289021452,0],[151.1816994936965,-33.514285984582123,0],[151.18178431082899,-33.514458890581594,0],[151.1819888599141,-33.514819466623727,0],[151.18204801307726,-33.514913095325767,0],[151.1822624589019,-33.515252507602362,0],[151.18282935872824,-33.516004262815976,0],[151.18291391624763,-33.516191484600355,0],[151.18297774873511,-33.516550294139883,0],[151.18301136369305,-33.516636644186576,0],[151.18300954370625,-33.516736861660348,0],[151.18304132969428,-33.516923419791127,0],[151.18305654176532,-33.516962502775087,0],[151.18307494465219,-33.517009770214351,0],[151.18315454526788,-33.517469012425529,0],[151.18323780202672,-33.517727829631731,0],[151.18334944914179,-33.5183593333849,0],[151.18330931690647,-33.518630905969836,0],[151.1832723045201,-33.518730683758001,0],[151.18323060472466,-33.519088176636743,0],[151.18319385195142,-33.519173638919149,0],[151.18318847373783,-33.519180693805701,0],[151.18313978145619,-33.519244562221729,0],[151.18301533424659,-33.519314606227979,0],[151.18280320158382,-33.51936923281454,0],[151.18259263827784,-33.519337957712466,0],[151.18238390304347,-33.519206456119569,0],[151.18174374919897,-33.518611301946727,0],[151.18134255710152,-33.518420109314405,0],[151.18108027149646,-33.518330899372252,0],[151.18090437058402,-33.518328694511368,0],[151.1808161560231,-33.518341907199265,0],[151.18069302754043,-33.51834036514493,0],[151.18058721677971,-33.518353362887119,0],[151.18056469871047,-33.518354483291652,0],[151.18035828562114,-33.518364801348,0],[151.1802792680121,-33.518373263546259,0],[151.18019699670515,-33.51837473295349,0],[151.18011405256001,-33.518369381824634,0],[151.18003301823316,-33.518357387655769,0],[151.17995648356759,-33.518338912962591,0],[151.17991523203142,-33.5183258171079,0],[151.17987434700791,-33.518310802482631,0],[151.17983452918293,-33.518293779962633,0],[151.179796449598,-33.518274668661874,0],[151.17976082690544,-33.518253378706753,0],[151.1797264232267,-33.518226926340247,0],[151.1796954708752,-33.518196843129495,0],[151.17963699863509,-33.518132804680484,0],[151.17960602831735,-33.51810233573508,0],[151.17954414966562,-33.518048569625044,0],[151.17948010248085,-33.517996309593144,0],[151.17941406462933,-33.517945690450759,0],[151.17934624272374,-33.517896890447886,0],[151.17927682630844,-33.517850017434654,0],[151.17893182023872,-33.51747336901623,0],[151.17882968448586,-33.517285923825341,0],[151.17876272406463,-33.517098917109685,0],[151.17874602348519,-33.516992523503667,0],[151.17863665449764,-33.516295394919993,0],[151.17863188534179,-33.515593631413005,0],[151.17863345380033,-33.515507729700154,0],[151.17860481461071,-33.515149359221645,0],[151.17855544949089,-33.514962576321118,0],[151.17855701794943,-33.514876674730623,0],[151.17854669181517,-33.514747422986744,0],[151.17852837875981,-33.514518303884984,0],[151.17854755240126,-33.514432625794633,0],[151.17855067225025,-33.514260813237328,0],[151.17859239899516,-33.513903329619474,0]],[[151.24129481930146,-33.536656931568444,0],[151.24132723321188,-33.536648048101263,0],[151.24135168715051,-33.536638796984526,0],[151.24140141878294,-33.536615822312946,0],[151.24142412460006,-33.53660885795297,0],[151.2414436575676,-33.536609377603114,0],[151.24145644867895,-33.536615778135193,0],[151.24146772523071,-33.536625441080787,0],[151.2414889434377,-33.536648388793907,0],[151.24152307762188,-33.536674984532105,0],[151.24154694945219,-33.536691209732943,0],[151.24157192261711,-33.536705856513883,0],[151.24159781116532,-33.536717545633238,0],[151.24162442465393,-33.536724860410878,0],[151.24164024668102,-33.536725640633811,0],[151.2416739595553,-33.536722386460156,0],[151.24168916264315,-33.536722323563083,0],[151.24170149741036,-33.536725963355586,0],[151.24170804972201,-33.536736908190512,0],[151.24170823836826,-33.536754585252837,0],[151.24170501072143,-33.536796841563827,0],[151.24170933161793,-33.536814796408933,0],[151.24172855017508,-33.536835314301911,0],[151.24175882160355,-33.536852166944662,0],[151.2417956992426,-33.536866258108653,0],[151.24180312202182,-33.536868535127923,0],[151.24190506912848,-33.536899828599765,0],[151.24193938297566,-33.536908792159778,0],[151.24197425288008,-33.536916169818177,0],[151.24200936532955,-33.536921521296946,0],[151.24204439603236,-33.536924407815732,0],[151.24207514266962,-33.536924353904112,0],[151.24210604112213,-33.536922058915771,0],[151.24235282899193,-33.536891410894327,0],[151.24245490186271,-33.536875894819197,0],[151.24251513929241,-33.536864931282537,0],[151.24258099837914,-33.536857177735619,0],[151.24264732279318,-33.536851386722873,0],[151.24271383495514,-33.536847882463647,0],[151.24278029411653,-33.536847030359567,0],[151.2428464038332,-33.536849163614839,0],[151.24295457177323,-33.536861480186765,0],[151.2430623193016,-33.53688376517308,0],[151.24316962665557,-33.53691249484136,0],[151.24338274566855,-33.536975277920149,0],[151.24348387710492,-33.537000493570936,0],[151.2435870252591,-33.537024006507224,0],[151.24368851602159,-33.537050691982479,0],[151.24378465462161,-33.537085382563781,0],[151.24387176605134,-33.5371329280308,0],[151.24396616551294,-33.537195917610156,0],[151.24401092317368,-33.537231020705477,0],[151.24404484266051,-33.537267970252742,0],[151.24406106713283,-33.53730634469234,0],[151.24405499002992,-33.537344683922768,0],[151.24403257975854,-33.537384573836171,0],[151.24397206385115,-33.537468108679363,0],[151.24395427990348,-33.537503955939272,0],[151.24395063094673,-33.537511297605981,0],[151.24393107192807,-33.537590171252702,0],[151.24390046902127,-33.53767954252956,0],[151.24387560275588,-33.5377363648768,0],[151.24381823364692,-33.537844900637694,0],[151.24379082155602,-33.537913708344426,0],[151.24378057537191,-33.53793603723657,0],[151.2437677842606,-33.537957111943655,0],[151.24373867794705,-33.537990126428618,0],[151.24368906219729,-33.538036649336412,0],[151.24360057005694,-33.538124119792933,0],[151.24350800765009,-33.538234206500476,0],[151.24348218288225,-33.538259556561023,0],[151.24346161954711,-33.538276140120942,0],[151.24339540203258,-33.538322295233343,0],[151.2433745701012,-33.538338690842373,0],[151.24332832483034,-33.538381188977247,0],[151.24328581744942,-33.538426519649136,0],[151.2432534933705,-33.538467162315229,0],[151.2431497083108,-33.538620526809304,0],[151.24311869307729,-33.538676444038899,0],[151.24310283601591,-33.538711905936516,0],[151.24309057311393,-33.538756439008978,0],[151.2430866914936,-33.538783680275507,0],[151.24308517693404,-33.538811253981294,0],[151.24308606446957,-33.53883868316835,0],[151.2430893810496,-33.538865512593247,0],[151.24308454991001,-33.538912609325344,0],[151.2430828646705,-33.538960495219598,0],[151.24308304343526,-33.539056284149922,0],[151.24308480053992,-33.539106741933892,0],[151.24309813872529,-33.539258170516803,0],[151.24309882054655,-33.539308512875117,0],[151.24309603217594,-33.539359168182294,0],[151.24309106628905,-33.539409796504707,0],[151.24307625756157,-33.539510704142998,0],[151.24307116591058,-33.539538582358119,0],[151.24304457038824,-33.539684058380551,0],[151.2430305413985,-33.539745210918902,0],[151.24301240710781,-33.539804382227445,0],[151.2429884023268,-33.539860308424885,0],[151.24297035696938,-33.539883175163297,0],[151.24293124791521,-33.539927439580993,0],[151.24284418050291,-33.540011270716363,0],[151.2428279650137,-33.540023309052984,0],[151.24281024304977,-33.540032577777403,0],[151.24279259295108,-33.540036558109833,0],[151.24278030309964,-33.540039336705199,0],[151.24274603416816,-33.540039273810592,0],[151.24270940715911,-33.540034782833672,0],[151.24263698677757,-33.54002205415496,0],[151.24259820021851,-33.540013906302086,0],[151.24248403422737,-33.539979421303769,0],[151.24244527461781,-33.539970941752273,0],[151.24239794418216,-33.539965213842855,0],[151.24234989778913,-33.539962551300761,0],[151.24220457373241,-33.539959449993212,0],[151.24166545250958,-33.539931043298701,0],[151.24158846149982,-33.539926507391357,0],[151.24149601587391,-33.539918556449905,0],[151.24143447768375,-33.53991625255609,0],[151.2414054881512,-33.539917731330945,0],[151.24128963781885,-33.5399303259994,0],[151.24124923698727,-33.539932387298926,0],[151.24102535346225,-33.539937218960866,0],[151.24093283597119,-33.539941387233064,0],[151.24080063540242,-33.53995528172188,0],[151.24079762335123,-33.539955595446628,0],[151.24069338104903,-33.539969623958775,0],[151.24062371310546,-33.539977324065553,0],[151.24045013433812,-33.539982917199843,0],[151.24034542581023,-33.539988815822255,0],[151.24027638578912,-33.539996578821956,0],[151.24023923865548,-33.540004359042172,0],[151.24012954627443,-33.540035428252516,0],[151.24009235512335,-33.540042357894116,0],[151.24006180611551,-33.540045145474274,0],[151.23996892121343,-33.540046875825482,0],[151.23985965014231,-33.540053051479347,0],[151.23982054917289,-33.540056395377114,0],[151.23978212104166,-33.540061629857192,0],[151.23974485712708,-33.540069679619897,0],[151.2397170695404,-33.540079137023163,0],[151.23963671613654,-33.540115378537628,0],[151.23960882883685,-33.540124207738849,0],[151.23958613200287,-33.540128501791202,0],[151.23949287968983,-33.540138693706695,0],[151.23942934364646,-33.540150418301572,0],[151.23936725029736,-33.540166177130885,0],[151.23933792838815,-33.540176817539937,0],[151.23930089893389,-33.540193328852531,0],[151.23926599309686,-33.540212807435381,0],[151.23925023395185,-33.540223968215869,0],[151.23923175021659,-33.540242254791401,0],[151.23918833823211,-33.54030792485252,0],[151.23917102859491,-33.540327699163065,0],[151.23914664652148,-33.540347231625113,0],[151.23903434543288,-33.540414479206852,0],[151.23894144256454,-33.540485321445971,0],[151.23891693562524,-33.540501528710521,0],[151.23888805389058,-33.540516319352989,0],[151.23882579884472,-33.540541212011988,0],[151.23879644190123,-33.540554971630961,0],[151.23877094771348,-33.540572048170873,0],[151.23875179203836,-33.540591634487043,0],[151.23873578226338,-33.540613802456853,0],[151.23870717810806,-33.540661078682746,0],[151.2386915806598,-33.540683847124328,0],[151.23865272223554,-33.540732754067065,0],[151.23859101426373,-33.540804170328165,0],[151.23858446105376,-33.54085128547112,0],[151.2385807501133,-33.540899430852257,0],[151.23857729878597,-33.540947764139766,0],[151.23857149027936,-33.540995425782782,0],[151.23855996309766,-33.541055529161625,0],[151.23852389214574,-33.54121444318347,0],[151.23851926672035,-33.54123479980273,0],[151.23850839261382,-33.541294965908861,0],[151.23849938430811,-33.541376547269309,0],[151.23848694264146,-33.541623540828212,0],[151.23847684917092,-33.541704862068755,0],[151.23846058786762,-33.541807670300294,0],[151.23844275002105,-33.541913221005657,0],[151.23841885213955,-33.542016234889722,0],[151.23838439456185,-33.54211144166694,0],[151.23836385817617,-33.542145513265758,0],[151.23833489559306,-33.542193578560877,0],[151.23828388116641,-33.542249164039255,0],[151.23822427076078,-33.542299765960905,0],[151.23815860930341,-33.542344657321856,0],[151.2380894704676,-33.542383076677304,0],[151.23801939019731,-33.542414298521216,0],[151.23793909967551,-33.542440033697851,0],[151.23785390614893,-33.542457119598751,0],[151.2377662826795,-33.542466056377116,0],[151.23767865112521,-33.542467374132578,0],[151.23759347556495,-33.542461592480379,0],[151.23751015502569,-33.542445277767023,0],[151.23742806338171,-33.54241810803466,0],[151.23726524104157,-33.542350492890108,0],[151.23718332816236,-33.542319710525263,0],[151.23699131147379,-33.542257975801803,0],[151.23696297591474,-33.542248868292248,0],[151.23663121011404,-33.542146293439792,0],[151.23638436026053,-33.542072797572303,0],[151.23630240246553,-33.542047393972972,0],[151.2362210636098,-33.542020179191809,0],[151.23607442172457,-33.541967202138082,0],[151.23600164291517,-33.541939145011263,0],[151.23592950999446,-33.541909617370592,0],[151.23585825472782,-33.541878297260745,0],[151.23572358918187,-33.541813165232483,0],[151.23559170212513,-33.541742295629952,0],[151.23538800464291,-33.54162642719001,0],[151.23534481633899,-33.541596873236863,0],[151.2353061366795,-33.541562998338399,0],[151.2352656909321,-33.541511796250283,0],[151.23523299045917,-33.541453001226088,0],[151.23517763806797,-33.541325586912002,0],[151.23514838892234,-33.541263457643787,0],[151.23498443739979,-33.540948104815492,0],[151.23494331072948,-33.540869338307509,0],[151.23490829709462,-33.54080990716686,0],[151.23483273979608,-33.540691950738413,0],[151.23481842424374,-33.540663059849642,0],[151.23480292561015,-33.540631802182276,0],[151.23478556297232,-33.540569798203848,0],[151.23478075788384,-33.540525838852886,0],[151.23477937717331,-33.540480391729496,0],[151.23478197689769,-33.540434845748202,0],[151.23478911221599,-33.54039060854511,0],[151.23480133918534,-33.540349087010362,0],[151.23481768043868,-33.540315391321251,0],[151.23483901452835,-33.540283560739297,0],[151.23491175740511,-33.540191437524243,0],[151.23499985518504,-33.540051106238288,0],[151.23503219723023,-33.540007890877057,0],[151.2350695060606,-33.539970726862066,0],[151.23511183377846,-33.53994274096685,0],[151.23515908246742,-33.539920922489621,0],[151.23525865442852,-33.539882942302953,0],[151.23530611871314,-33.539860362334721,0],[151.23535514247317,-33.539831739968328,0],[151.23540323468023,-33.539801316105354,0],[151.23549696220201,-33.539736461795016,0],[151.23561532242724,-33.539649197378594,0],[151.2356509271535,-33.53962150788395,0],[151.23568486460664,-33.539592284941328,0],[151.23571626611573,-33.539560812744277,0],[151.23575395044182,-33.539512756467502,0],[151.23578649820126,-33.539459977044565,0],[151.2358740138728,-33.539292816784609,0],[151.23595277995358,-33.539155595858716,0],[151.23602851691521,-33.539016806822936,0],[151.23611377332386,-33.538840619451641,0],[151.236120586147,-33.53882537178113,0],[151.2361375723907,-33.538787266070763,0],[151.23615812674268,-33.538733132452087,0],[151.23617372419096,-33.538677968509212,0],[151.23618319063743,-33.538622543963371,0],[151.23618797686126,-33.538565954313803,0],[151.23618960910017,-33.538508710211808,0],[151.23618949231914,-33.538394213657789,0],[151.23618552086731,-33.53828706678933,0],[151.23617491715365,-33.538179929521938,0],[151.23614935110072,-33.537965519811401,0],[151.23613769815483,-33.537797032844537,0],[151.23613102906216,-33.537734572331807,0],[151.236126592283,-33.537672729506049,0],[151.2361288236981,-33.537613451162137,0],[151.23614216278179,-33.537558645164182,0],[151.23615845013617,-33.537524653372856,0],[151.23617904940394,-33.53749216808891,0],[151.23622750812365,-33.537430612616802,0],[151.23629008566465,-33.537360191677266,0],[151.23633056734465,-33.537321888394636,0],[151.23645765829608,-33.537211811008,0],[151.23662211197686,-33.53705021726126,0],[151.23667970566464,-33.537001058893821,0],[151.23674160138435,-33.53695956418418,0],[151.23680341715402,-33.536929247882327,0],[151.23686874623476,-33.536904713594076,0],[151.23693629954408,-33.536884302792132,0],[151.23695039051762,-33.536880609843401,0],[151.23700476644009,-33.536866356946732,0],[151.23707285694198,-33.536849199555945,0],[151.23714157446801,-33.53683394329768,0],[151.23735070406275,-33.536799799220276,0],[151.23741990578071,-33.536786146826962,0],[151.23748007224341,-33.536771356294977,0],[151.23765939663539,-33.536721732031261,0],[151.2377729167379,-33.536696050561339,0],[151.23788005431024,-33.536675746784908,0],[151.23798780094037,-33.536660024009194,0],[151.23804700800238,-33.536670879748257,0],[151.23813673712289,-33.536683339361531,0],[151.23817696817287,-33.536686709596786,0],[151.2382985731129,-33.536691245674128,0],[151.23839301749027,-33.536700093195705,0],[151.23847343377622,-33.536712328921183,0],[151.2385358586036,-33.536726491990315,0],[151.23859703746771,-33.536744401923592,0],[151.23862676272049,-33.536754845077468,0],[151.23865824417962,-33.536767986063055,0],[151.23877943679292,-33.536829604904,0],[151.23898957968731,-33.536921315384454,0],[151.23902782007062,-33.536941304618736,0],[151.2391024449179,-33.536984332073807,0],[151.23914054157083,-33.537004187263307,0],[151.23918029741202,-33.537020824226879,0],[151.23921728284893,-33.537032208553491,0],[151.23925544238389,-33.537041306878699,0],[151.23947609916041,-33.537083921710973,0],[151.23950171821394,-33.537089381002481,0],[151.23954492448416,-33.537098604366406,0],[151.23958547802937,-33.537109540917669,0],[151.2397055414603,-33.537146983208011,0],[151.23984920722711,-33.537182632925678,0],[151.23988394238421,-33.537188791562478,0],[151.23991885720434,-33.537192645483692,0],[151.23995722335184,-33.537193891437539,0],[151.23999600991084,-33.53719265446891,0],[151.24003490516597,-33.537189454224283,0],[151.24011186114146,-33.537179253724517,0],[151.24017749475104,-33.53716596005227,0],[151.24024215189195,-33.537147592707427,0],[151.24030600234568,-33.537125846155433,0],[151.24055035218785,-33.537034924348632,0],[151.24062623198154,-33.537001049908554,0],[151.24066227598402,-33.536980082791608,0],[151.24076498576034,-33.536909670470308,0],[151.24080193526461,-33.536890631421649,0],[151.24082509742593,-33.536882420376671,0],[151.24089725819434,-33.536862107658735,0],[151.24091835872204,-33.536851952046746,0],[151.2409363052648,-33.536838613397748,0],[151.24095218029248,-33.536822917607509,0],[151.24098158215176,-33.53678874656989,0],[151.24104133628782,-33.536725031131446,0],[151.2410574799118,-33.536711324814554,0],[151.24107561420246,-33.536700926581865,0],[151.24109165092693,-33.536695745810036,0],[151.24110891564831,-33.536692590473514,0],[151.24116263669896,-33.536686037197043,0],[151.24119588424594,-33.536679502639466,0],[151.24129481930146,-33.536656931568444,0]],[[150.70573516864948,-33.598238038290802,0],[150.70569268821802,-33.598229702135527,0],[150.70565084469209,-33.598215727232748,0],[150.70561318641703,-33.598197270361133,0],[150.7055832563484,-33.598175550403468,0],[150.7054729719776,-33.598126848833296,0],[150.70540572409541,-33.598082683830093,0],[150.7052214338166,-33.597936140408848,0],[150.7050553407104,-33.597746946759699,0],[150.70493793000452,-33.597658902171638,0],[150.70487030572821,-33.597629052381123,0],[150.70482015278591,-33.59758518268049,0],[150.70458827245824,-33.597294534687762,0],[150.70445893122701,-33.597005706212308,0],[150.70446188039608,-33.596891137552724,0],[150.70444589757054,-33.596847877303155,0],[150.70444884673964,-33.596733318161192,0],[150.70448928260555,-33.596490474904357,0],[150.70449685719998,-33.5964693823041,0],[150.70467342106909,-33.595977976908202,0],[150.70476290854276,-33.595821977115826,0],[150.70495345558754,-33.59572506738823,0],[150.70500508805512,-33.595711665997399,0],[150.70521235364569,-33.595629376473518,0],[150.70526509732926,-33.59557300226038,0],[150.70538691786498,-33.595489198115828,0],[150.70545710593308,-33.595418812538384,0],[150.70556148298257,-33.595349028509524,0],[150.70568403834017,-33.595236593203943,0],[150.70577095303878,-33.595180819593061,0],[150.7060684400266,-33.59491388964647,0],[150.70619326363027,-33.59483523969844,0],[150.706311713687,-33.594760605651032,0],[150.70686588528409,-33.59448389671163,0],[150.70712624400292,-33.5943309172483,0],[150.70717897870333,-33.594274542934805,0],[150.70734233823609,-33.593904940412578,0],[150.70742961136258,-33.593834859588554,0],[150.70756851785495,-33.593751360550065,0],[150.70773488943885,-33.593714697810896,0],[150.70784195514599,-33.593665986987268,0],[150.70800071620275,-33.593590160664036,0],[150.70813167080826,-33.593521667438893,0],[150.70821853160803,-33.593471899183065,0],[150.70851473759822,-33.593302175072282,0],[150.70864587186676,-33.593233959232045,0],[150.70883974447474,-33.593141433045751,0],[150.70903723908998,-33.593052654177356,0],[150.70923830091519,-33.592969710358801,0],[150.70944287694979,-33.592894753681911,0],[150.7096509043117,-33.592829862911771,0],[150.70974339395505,-33.592799968049292,0],[150.70984472302078,-33.592764533595691,0],[150.70994246601188,-33.59273393082924,0],[150.71002417317689,-33.592718503355229,0],[150.71007740105244,-33.592728677840874,0],[150.71009852942791,-33.592746919627274,0],[150.71011781086713,-33.592768029600201,0],[150.71013435783468,-33.592791067158956,0],[150.71014738250798,-33.592815108166043,0],[150.71015597938526,-33.59283921277089,0],[150.71014814517764,-33.592881907829018,0],[150.71011229790628,-33.592929838631839,0],[150.71006016328039,-33.592980592694126,0],[150.71000348407753,-33.593031759032272,0],[150.70995397612563,-33.593080917689015,0],[150.70989270743001,-33.593146426353982,0],[150.7098853205834,-33.593154331988231,0],[150.70966971952535,-33.593368580761023,0],[150.70960210423223,-33.593442560517161,0],[150.70949791582893,-33.593574240973844,0],[150.70940290641119,-33.593711407621861,0],[150.70922225520758,-33.593991540914821,0],[150.70912752426756,-33.594129191782599,0],[150.70890778107773,-33.594425101830964,0],[150.70887476709274,-33.594474242483329,0],[150.70881169637664,-33.594574379421054,0],[150.70877737264794,-33.594622497848107,0],[150.70873836151011,-33.594667407657418,0],[150.7087044689728,-33.594698592641706,0],[150.70866771709785,-33.594727770750239,0],[150.70859157679268,-33.594784414145145,0],[150.70855517346408,-33.594814004521936,0],[150.70843219679665,-33.594931190395535,0],[150.70837332121297,-33.594996690172636,0],[150.7083191698693,-33.595056937053378,0],[150.70821377143534,-33.595188537225688,0],[150.70811365329857,-33.595323301616126,0],[150.70801648343257,-33.595458531965228,0],[150.70792597457449,-33.595596120630766,0],[150.70784370326754,-33.595737849963605,0],[150.70776407570241,-33.595880905731406,0],[150.70768149986657,-33.596022456510298,0],[150.70759039003548,-33.596159685860101,0],[150.70751073552091,-33.596264062717438,0],[150.70742668015978,-33.596366179711111,0],[150.70725384609574,-33.596568066806064,0],[150.70716935145842,-33.596670041271395,0],[150.70708510834942,-33.596777680646156,0],[150.7069760968914,-33.596921669256751,0],[150.70692043098819,-33.596995200755565,0],[150.70683601719921,-33.59710266089251,0],[150.70674757805949,-33.597207646432516,0],[150.70666959171641,-33.597292203890987,0],[150.70642442710235,-33.597538964209534,0],[150.70634534661127,-33.597622885333635,0],[150.70627390359672,-33.597705703461806,0],[150.70613711353516,-33.59787531116045,0],[150.7060668266524,-33.597958738864747,0],[150.7059919862094,-33.598039038084856,0],[150.70595037624548,-33.59808600901976,0],[150.70590815542707,-33.598138107631918,0],[150.70586502102211,-33.598186791237936,0],[150.70582064873864,-33.598223462551594,0],[150.7057747538108,-33.598239544500252,0],[150.70573516864948,-33.598238038290802,0]],[[151.19497125760302,-33.530983826014293,0],[151.19494112092187,-33.530980437584972,0],[151.19490747901449,-33.530973230151936,0],[151.19487490340734,-33.530962876907388,0],[151.19485960240306,-33.530956368874897,0],[151.19482854225379,-33.530935806154794,0],[151.19480211651313,-33.530907937146466,0],[151.19477876480732,-33.530875675521344,0],[151.1946977664131,-33.530755146049223,0],[151.1946633268017,-33.530699246160594,0],[151.1946083867372,-33.530602372653853,0],[151.19458543029015,-33.530555715449189,0],[151.19457596384373,-33.530532964558262,0],[151.1945512053762,-33.530463583364792,0],[151.19450961248018,-33.530360426165473,0],[151.1944966417058,-33.530334618500099,0],[151.19448117900478,-33.53031009282396,0],[151.19446975872262,-33.530295670357262,0],[151.19441883412748,-33.530240532481116,0],[151.19436331105635,-33.530159686446794,0],[151.19433151608521,-33.530122450054215,0],[151.19424453850445,-33.530042572149611,0],[151.19401697009016,-33.529845642509294,0],[151.19395479589272,-33.529759776666531,0],[151.19391072005334,-33.529657201970529,0],[151.19387132353822,-33.529552932535744,0],[151.19382317833058,-33.529461984043522,0],[151.19375286449829,-33.529399370736463,0],[151.19373301801878,-33.529391078854303,0],[151.19369067233458,-33.529377704607619,0],[151.19367077195608,-33.529369987082269,0],[151.19365344525087,-33.529359776673829,0],[151.19364058137603,-33.529347935294332,0],[151.19362960935314,-33.529334328152217,0],[151.19360021647708,-33.529290351106312,0],[151.19355010845049,-33.529222735427908,0],[151.19352791377474,-33.529188878145469,0],[151.19352572637706,-33.529185534576165,0],[151.19349048906173,-33.529124507861425,0],[151.19346348031439,-33.529090776345733,0],[151.19343489412543,-33.52906284458895,0],[151.19334236765113,-33.528981470269045,0],[151.19330075678883,-33.528942297612993,0],[151.19328866456686,-33.528934920022984,0],[151.19327626781589,-33.528930850067198,0],[151.19323533787662,-33.528923974949159,0],[151.19322520847348,-33.528918730808591,0],[151.19321746409744,-33.528909444418026,0],[151.1932121029518,-33.528897450213051,0],[151.19320892111904,-33.528883968805545,0],[151.1932082581624,-33.528857462029393,0],[151.19321053449329,-33.528848265493366,0],[151.19322743180382,-33.528811978817771,0],[151.19322996864616,-33.528788591700184,0],[151.19322727909019,-33.528764290987397,0],[151.19321577885793,-33.528714450953629,0],[151.19321175350714,-33.528689701662429,0],[151.19320661783868,-33.52862101915963,0],[151.19320502153244,-33.528575177875716,0],[151.19321348366236,-33.528515701589328,0],[151.19321322404929,-33.528497899282868,0],[151.19320692236755,-33.52848367346035,0],[151.19319707952698,-33.528475812076756,0],[151.1931560606545,-33.528459139021884,0],[151.19314378876936,-33.528452236907903,0],[151.19313092579284,-33.528441712624542,0],[151.19311910216706,-33.528429934022419,0],[151.19309878946189,-33.528403956541538,0],[151.19308208978072,-33.528373237355332,0],[151.19307588691368,-33.528355076321873,0],[151.19306781914409,-33.528317355396844,0],[151.19306241398107,-33.528274328121356,0],[151.19306227025061,-33.528225268853717,0],[151.19306751461519,-33.528176513590715,0],[151.19307217597327,-33.528155107754806,0],[151.19309233596485,-33.528091561933003,0],[151.19309707727294,-33.528070156076083,0],[151.19309965903108,-33.528044474282716,0],[151.19309996355994,-33.527896407119066,0],[151.19310055554971,-33.527874364690405,0],[151.19310371133133,-33.527853290520781,0],[151.19311109727957,-33.527833892275588,0],[151.19312647014902,-33.527810774480066,0],[151.193135909646,-33.527799892167494,0],[151.19315775487709,-33.527781184351745,0],[151.19317625657871,-33.527771503194074,0],[151.19319766253361,-33.527764556094048,0],[151.19322079864372,-33.527759544776139,0],[151.19326770687124,-33.527752283906146,0],[151.19331475882922,-33.527747533188084,0],[151.19347223799008,-33.527745310594796,0],[151.19349907605752,-33.527748465509035,0],[151.1935227861911,-33.527755995217241,0],[151.19355041297936,-33.527773788690233,0],[151.19358661867858,-33.527801765045645,0],[151.19362285042894,-33.527832539101041,0],[151.19367192898616,-33.527879886718068,0],[151.19372850937432,-33.527942069787535,0],[151.19380806507419,-33.528008797582494,0],[151.19380879091293,-33.52800941613252,0],[151.19382696922105,-33.528027415487038,0],[151.19385361055745,-33.528060260030941,0],[151.19388900058635,-33.528112224177569,0],[151.19393667956837,-33.52819921043573,0],[151.19395054686146,-33.528219916836619,0],[151.19396681714787,-33.528239297022878,0],[151.19403974777248,-33.528312756725803,0],[151.19418169236718,-33.528497899282868,0],[151.19426194695632,-33.528582976347302,0],[151.19433307556051,-33.528667918536073,0],[151.19437482117007,-33.528710605640597,0],[151.19441832298605,-33.528748971148339,0],[151.19447630205113,-33.528792052104386,0],[151.19454914374259,-33.528841129771514,0],[151.19456613088462,-33.52885438728174,0],[151.1946286365604,-33.528916328523302,0],[151.19471912745223,-33.528993302712614,0],[151.19473604272903,-33.52900942826156,0],[151.19474700576873,-33.529024936013563,0],[151.19477029369418,-33.529077375843158,0],[151.19477985895531,-33.529093976890145,0],[151.1948332485276,-33.529155774182804,0],[151.19484699903964,-33.529176552992077,0],[151.19488188691031,-33.529242187277987,0],[151.19489480378579,-33.529263467788638,0],[151.19496578057471,-33.52935603847336,0],[151.19502748854651,-33.52945610342379,0],[151.19507218332518,-33.5295170857231,0],[151.19508056460677,-33.529533158006991,0],[151.19508507325119,-33.529546586145834,0],[151.19509323085231,-33.529588483543236,0],[151.19509736310258,-33.529602055450077,0],[151.19511241347686,-33.529633644346994,0],[151.19514131317788,-33.529678975112823,0],[151.1951746325901,-33.529720307824398,0],[151.19530425140076,-33.529857555708695,0],[151.19537498654284,-33.529932458536202,0],[151.19544142683958,-33.530004851960747,0],[151.19547938964345,-33.530055372688025,0],[151.19555499185776,-33.530175319796101,0],[151.19557663137465,-33.530219279168811,0],[151.1955833714342,-33.53024022770709,0],[151.19560173928687,-33.530326434539155,0],[151.19562748320629,-33.530403094462592,0],[151.19564337709861,-33.530462669044987,0],[151.19567754721538,-33.530625033667242,0],[151.19569762635859,-33.530676074466783,0],[151.19570240449761,-33.530692845939321,0],[151.19570313931951,-33.530709312636191,0],[151.19569714306496,-33.530730665421949,0],[151.19568505892778,-33.530752510181223,0],[151.19566846704447,-33.530773486296837,0],[151.19564897899269,-33.53079223839476,0],[151.19562819197699,-33.530807387888345,0],[151.19559716776035,-33.530821793046698,0],[151.19554557032708,-33.530836690929782,0],[151.19549372316214,-33.530847519693545,0],[151.19546709979204,-33.530851078111425,0],[151.19541792331847,-33.530854197717574,0],[151.19536050031056,-33.5308874987198,0],[151.19532808640014,-33.530903616427231,0],[151.19526109004627,-33.530931709335491,0],[151.19519660268696,-33.530953061317511,0],[151.19512989289564,-33.530969393925275,0],[151.19509615307194,-33.530975067766619,0],[151.19503386209348,-33.530982472140231,0],[151.19500234470172,-33.530984255839364,0],[151.19497125760302,-33.530983826014293,0]],[[150.70013802393061,-33.608105927656084,0],[150.70038543882447,-33.607935487180647,0],[150.70044042380468,-33.607918993309347,0],[150.70046791584562,-33.608160913330217,0],[150.70044298759655,-33.60822138369037,0],[150.70053082576331,-33.608307948868131,0],[150.70064385179236,-33.608419326450942,0],[150.70063835769605,-33.60854578139292,0],[150.70044042380468,-33.608732725602785,0],[150.70013802393061,-33.60890316599837,0],[150.70002184122163,-33.60889705287574,0],[150.69992909106691,-33.608892167464717,0],[150.69992359607227,-33.608694234019509,0],[150.70007754395579,-33.608463312588682,0],[150.70010853223985,-33.608219465422117,0],[150.70012371736138,-33.608242539253752,0],[150.70013802393061,-33.608105927656084,0]]]},"properties":{"hydroname":"HAWKESBURY","hydronametype":"RIVER"}},{"type":"Feature","geometry":{"type":"Polygon","coordinates":[[[150.95813565036005,-33.362272690195368,0],[150.95755030273102,-33.362358350604879,0],[150.95716959401869,-33.362539189970583,0],[150.95695544373982,-33.363067428077116,0],[150.95671749529237,-33.363386276444338,0],[150.95647954684495,-33.363643256382005,0],[150.95650810608447,-33.363976384729774,0],[150.95642719662351,-33.364128673864805,0],[150.95626063729173,-33.364185774343916,0],[150.95627491691147,-33.364233363674934,0],[150.95635105721664,-33.364285713409465,0],[150.95651761654841,-33.36429999319612,0],[150.95661279574767,-33.364395172457392,0],[150.95663659571287,-33.364547452606573,0],[150.95661968043603,-33.364611347933014,0],[150.95659376583669,-33.364709261555213,0],[150.95656520659722,-33.364894860932999,0],[150.95660803647331,-33.365061420619625,0],[150.95672225546505,-33.365175630819778,0],[150.95708393426645,-33.365247019996474,0],[150.95737898322659,-33.365194670090041,0],[150.95772638240817,-33.365109010221907,0],[150.95801668107711,-33.365061420619625,0],[150.95821005152686,-33.364964340931309,0],[150.95817372096184,-33.364871061199807,0],[150.95790246208537,-33.364799681468071,0],[150.9578025316965,-33.364752091696587,0],[150.9578025316965,-33.364666431392763,0],[150.95808330103685,-33.364752091696587,0],[150.95840214996215,-33.364799681468071,0],[150.95853063959046,-33.364780641361151,0],[150.95859726853345,-33.364694981835697,0],[150.95855919882999,-33.364438002753346,0],[150.95849256988706,-33.364043013697518,0],[150.95847353907777,-33.363624225775503,0],[150.95851636895392,-33.363057908584921,0],[150.95854967938294,-33.362720028960531,0],[150.9584040319327,-33.362401905924528,0],[150.95836883953311,-33.362325040359224,0],[150.95813565036005,-33.362272690195368,0]]]},"properties":{"hydroname":null,"hydronametype":null}}]}