{"type":"FeatureCollection","features":[{"type":"Feature","geometry":{"type":"LineString","coordinates":[[150.99746149948862,-33.392448413692833],[150.99735796595712,-33.392353502886785]]},"properties":{"roadnamebase":"WISEMANS FERRY","roadnametype":"ROAD","functionhierarchy":3,"surface":1}},{"type":"Feature","geometry":{"type":"LineString","coordinates":[[151.00142727131211,-33.394212775485208],[151.00127924961453,-33.394200925381035],[151.00108993056676,-33.394179859941957],[151.00068269640064,-33.394091716845324]]},"properties":{"roadnamebase":"WISEMANS FERRY","roadnametype":"ROAD","functionhierarchy":3,"surface":1}},{"type":"Feature","geometry":{"type":"LineString","coordinates":[[151.00068269640064,-33.394091716845324],[151.00014817455215,-33.393923750234457],[150.99973258695223,-33.393781572405643],[150.99949084581772,-33.393707861365975],[150.99902916476225,-33.393522719478867],[150.99862963185311,-33.393345465845265],[150.99821314683629,-33.393131289326611],[150.99801593069878,-33.392989900719492],[150.99785315417265,-33.392841985972815],[150.99773771526878,-33.392697683818909],[150.99746149948862,-33.392448413692833]]},"properties":{"roadnamebase":"WISEMANS FERRY","roadnametype":"ROAD","functionhierarchy":3,"surface":1}},{"type":"Feature","geometry":{"type":"LineString","coordinates":[[151.01039604751551,-33.396697725377656],[151.00993582801905,-33.396531882515283],[151.00936457136356,-33.396397208080344],[151.00858501874993,-33.39625069186193],[151.00786253969954,-33.396122784901777],[151.00723606540012,-33.395996428735081],[151.00697584951345,-33.395947135552937],[151.00681232918234,-33.395916164645428],[151.00664879896965,-33.395885176477044],[151.00615262440397,-33.395791179915356],[151.00550182193004,-33.395662430785627],[151.00507716224411,-33.395579809904035],[151.00475661909627,-33.3955209967964],[151.00450763574389,-33.3954678408668]]},"properties":{"roadnamebase":"WISEMANS FERRY","roadnametype":"ROAD","functionhierarchy":3,"surface":1}},{"type":"Feature","geometry":{"type":"LineString","coordinates":[[151.00450763574389,-33.3954678408668],[151.00433455015155,-33.395430890820343],[151.00408140759947,-33.395362638904977],[151.00371008358687,-33.395229596153293],[151.00341002382413,-33.39509769094628],[151.0031815849423,-33.394951999037204],[151.00301509747572,-33.39481626690214],[151.00289336677156,-33.394743989993763],[151.00259149510688,-33.39451424309101],[151.00240944612469,-33.394394180127641],[151.00230022895244,-33.394323624131061],[151.00220417120073,-33.394282282313455],[151.00209147575174,-33.394263691164248],[151.00190510587299,-33.39424252748951],[151.00142727131211,-33.394212775485208]]},"properties":{"roadnamebase":"WISEMANS FERRY","roadnametype":"ROAD","functionhierarchy":3,"surface":1}},{"type":"Feature","geometry":{"type":"LineString","coordinates":[[150.96056079260669,-33.409770704063881],[150.96044490634179,-33.409794655730309],[150.96031919520266,-33.409844172767095],[150.96002872675211,-33.40992276902584],[150.95991839836387,-33.409966943162019],[150.95973185780528,-33.410007559141647],[150.95960222012999,-33.410037023786863],[150.9595883438538,-33.409989317796942],[150.95970468736118,-33.409848000111772],[150.95978782015254,-33.409640134708766],[150.95979603973737,-33.40947400535093],[150.95971405499293,-33.409417478269056],[150.9595354294903,-33.409479186235913],[150.95932133400865,-33.409559718999773],[150.95916615902644,-33.409571506269614],[150.95910526672492,-33.409506687888801],[150.95909347903174,-33.409369189285449],[150.95895205366332,-33.409292583447623],[150.95847354806094,-33.409201759872303],[150.95805009840566,-33.409092623430631],[150.95769487399957,-33.40911994598514],[150.95744894671586,-33.409188179595724],[150.95701190824531,-33.409037970047137],[150.95675223943263,-33.408737398694718],[150.95650631304721,-33.408559705919487],[150.95621948367193,-33.408218222909696],[150.95576871175726,-33.408054272253978],[150.95539989763762,-33.407958725339924],[150.9550331101172,-33.407970288610528],[150.9546466279325,-33.408229419451757],[150.95438329309522,-33.408558585594726],[150.95426214449935,-33.408774115868873],[150.95396296328889,-33.40907513477157],[150.95382622622796,-33.409424569089644],[150.95345653355594,-33.409763864478741],[150.95334512090113,-33.409895544956974],[150.95325396615425,-33.410012014120447],[150.95319826342018,-33.410087975185895],[150.95312790557045,-33.410148410148715],[150.95279766331248,-33.410153438770067],[150.95240169761328,-33.410144887264117],[150.95228200159332,-33.410122262212923],[150.95222433604025,-33.410102801604694],[150.95216918127844,-33.410070288761645],[150.95208284868806,-33.409977422602481],[150.95207296183005,-33.40989058830835],[150.95199836303391,-33.409242823886167],[150.95206658828312,-33.408614350605312],[150.95221695907512,-33.408190900821431],[150.95240807116022,-33.407699217996232],[150.95276329556634,-33.407193622595997],[150.95284527132759,-33.40693411521638],[150.95284527132759,-33.406510665490863],[150.95262666630319,-33.406223836363729],[150.95251736918087,-33.405759304786407],[150.95235341765837,-33.405486056285689],[150.95208033879518,-33.405308533088807],[150.95176600839579,-33.404912406066749],[150.95167046088719,-33.404502528247896],[150.95179333873995,-33.404038005464699],[150.95175243664846,-33.403682772058438],[150.95152170346944,-33.403217640449625]]},"properties":{"roadnamebase":null,"roadnametype":null,"functionhierarchy":8,"surface":2}},{"type":"Feature","geometry":{"type":"LineString","coordinates":[[150.99746149948862,-33.392448413692833],[150.99785925822502,-33.392560669377865],[150.99818586050952,-33.392731074685727],[150.99861895537595,-33.392965375157139],[150.99876661056092,-33.39302506601377],[150.99895265794444,-33.39310027391474],[150.99921733666147,-33.393169699881],[150.99938575191263,-33.393213875035137],[150.99988211512454,-33.39323455445065],[150.99989694990316,-33.393235173213007],[151.0003939491223,-33.393228073570938],[151.00088384805744,-33.393235173213007],[151.00093387613393,-33.393216707092321],[151.0014802485577,-33.393015071289483],[151.00191264453491,-33.392917902048907],[151.00211214688477,-33.392873073478597],[151.0024813463817,-33.392837575864696],[151.00259115464536,-33.392805278566037],[151.00265764973932,-33.392839359408441],[151.0028583800862,-33.392885246271511],[151.00314894735135,-33.392867362840605],[151.00323117374259,-33.392862307718133],[151.00342267120499,-33.392875664041092],[151.00346888952632,-33.39287889061881],[151.00347779093249,-33.39287950938369],[151.00371867148098,-33.393005686327804],[151.00374466692864,-33.393018684120705],[151.00398248961196,-33.393137590959775],[151.00403901699951,-33.393140280516455],[151.00410293033534,-33.393143327830579],[151.00418944169047,-33.393062230837771],[151.00419469413993,-33.393057300979386],[151.00419469413993,-33.393034281469568],[151.00419469413993,-33.3930340392142],[151.00419469413993,-33.392913921704796],[151.0041932334793,-33.392911627400487],[151.00411439463502,-33.392787745377454],[151.00410050937563,-33.392782186987702],[151.00397101632916,-33.39273039366816],[151.00379896110442,-33.39266730501916],[151.00373587332035,-33.392529662762591],[151.00366131045686,-33.392386275117424],[151.0035351429735,-33.392197018784067],[151.00344337827062,-33.392139667435018],[151.00324095370107,-33.392139667435018],[151.0032024986204,-33.392139667435018],[151.00301323257321,-33.392122456622751],[151.00298138370312,-33.392088617007275],[151.00292146876862,-33.392024963873354],[151.00278956374555,-33.391938927664938],[151.00279529140377,-33.391870111237381],[151.00291573122891,-33.391824224588397],[151.00303617195229,-33.391738197181631],[151.00305911941626,-33.39156614286275],[151.00306722311842,-33.39153170300694],[151.0031049972761,-33.391371149256344],[151.00308205789699,-33.391250709185236],[151.00300176827358,-33.391239235193417],[151.00298455745104,-33.391313789112012],[151.00296916571691,-33.391395916778507],[151.00296735561164,-33.391405553174273],[151.00292720541003,-33.391480115200565],[151.00282970406573,-33.391577616811418],[151.00275040887729,-33.391625188905458],[151.00260029859669,-33.391715258325512],[151.00246187629619,-33.391789085809265],[151.00242824337195,-33.391807022713976],[151.00231682981888,-33.391798453651667],[151.00227912752638,-33.391795548795606],[151.00228242614011,-33.391773533238592],[151.00229632936578,-33.391680845529841],[151.00238809406866,-33.391399825189154],[151.00246493326313,-33.391262317431249],[151.00249705971268,-33.391204822959295],[151.00252000807484,-33.391107321680316],[151.00248665273011,-33.391112879427162],[151.00245661486363,-33.391117890399435],[151.00245118275109,-33.391118795689543],[151.00238126327929,-33.39117822680295],[151.00233647956739,-33.391216296955648],[151.00218736372179,-33.391313789112012],[151.00207839717953,-33.391359675280448],[151.00192354469254,-33.391376877243374],[151.00188454253782,-33.391367590358882],[151.00187112350415,-33.391364399726548],[151.00180310486743,-33.391348201302975],[151.0017973673277,-33.391285113150829],[151.00192354469254,-33.391210559957656],[151.00209559901887,-33.391072917644351],[151.00223897822309,-33.390912327794688],[151.00239956735149,-33.390774686509182],[151.00252494701229,-33.390618309819651],[151.00258617079223,-33.390395742640173],[151.00261216623989,-33.390301253365557],[151.00263844016533,-33.390183018433575],[151.00266216736694,-33.390076266488123],[151.0027001211877,-33.389888712975015],[151.0027254087629,-33.389754361266256],[151.00254777859359,-33.389421304641168],[151.00226796775561,-33.389195286417859],[151.00225914719783,-33.389188160194088],[151.00207050907304,-33.389101711650198],[151.00199270149471,-33.389066052735252],[151.00162634336897,-33.389010548197163],[151.00110456861429,-33.388932830083533],[151.00106342397768,-33.388928572787712],[151.00078261780638,-33.388899520263436],[151.00059388176518,-33.388810714015477],[151.00053917436438,-33.388756006621378],[151.00037185236289,-33.388588676247039],[151.00014981487584,-33.38834443472183],[150.99997219368964,-33.388100202261171],[150.99994117845617,-33.38804260818992],[150.99981675819606,-33.387811552717615],[150.99976932984399,-33.38775960642387],[150.99958363190513,-33.387556214063352],[150.99938379807688,-33.387367486510954],[150.99909514871484,-33.387256458728906],[150.99890641267359,-33.387112147302517],[150.99869549004151,-33.387034429741881],[150.99835890118607,-33.386939312755992],[150.99818481217557,-33.386890109696139],[150.99786287035079,-33.386756895710974],[150.99756311511686,-33.386601469635998],[150.99721897053158,-33.386390528821522],[150.9969192143993,-33.386335024075343],[150.9967415752468,-33.386157394247974],[150.9967821018426,-33.386058987215414],[150.99681929299362,-33.385968666659217],[150.99677214222106,-33.38589205144163],[150.99673047835813,-33.38582434634445],[150.9966852544718,-33.385748976881843],[150.9966850038418,-33.385748556087201],[150.99662706070936,-33.385651978038005],[150.99659726448971,-33.3856023084494],[150.99651240244143,-33.385393994250286],[150.99647514840834,-33.385302562129716],[150.9964975577814,-33.385247773769152],[150.99657506083085,-33.385058320373311],[150.99658616670268,-33.384802981133582],[150.99660252592236,-33.384644812240211],[150.99661946814862,-33.384481030882085],[150.99659726448971,-33.384259011309091],[150.99656080816055,-33.384158749397372],[150.99650845793903,-33.384014760620367],[150.99647079157916,-33.383896418125715],[150.99647074666345,-33.383896274857449],[150.99643073120907,-33.38377052799791],[150.99655285717199,-33.383603995133377],[150.99660283134952,-33.383547764013066],[150.99673047835813,-33.383404170276904],[150.99687441272116,-33.383224254153532],[150.99690810852746,-33.383182132201988],[150.99705242826775,-33.382915687413849],[150.99724116520724,-33.382660347882577],[150.99738547596436,-33.382416115956303],[150.9974324650403,-33.382234056974845],[150.99747430048137,-33.382071970827809],[150.99746319371118,-33.38175001121396],[150.99746319371118,-33.381595498830315],[150.99746319371118,-33.381489132401349],[150.99746319371118,-33.381305935800484],[150.99750674942607,-33.381044564326849],[150.99752980468784,-33.38090627656603],[150.99752980468784,-33.380796710022473],[150.99752980468784,-33.380653940629657],[150.99752980468784,-33.38049551139666],[150.99755237665599,-33.380425305679587],[150.99759122609711,-33.380304452876935],[150.99762972609352,-33.3801846673379],[150.99766812817364,-33.379938892942604],[150.99768523119832,-33.37982940694441],[150.99765194861703,-33.37975868084861],[150.9975964165628,-33.379640679122431],[150.99754654119988,-33.379600305494321],[150.99736329925494,-33.379451951641023],[150.99726048257918,-33.379321723048875],[150.9971967569912,-33.379241020485914],[150.99707295567029,-33.379171379358844],[150.9970191268219,-33.379141098601011],[150.99683039976381,-33.379041186353135],[150.99656395406066,-33.378907963342805],[150.99642675167237,-33.378907963342805],[150.99629751734068,-33.378907963342805],[150.99606438296482,-33.378819148389283],[150.99600475459295,-33.378808311125425],[150.99569803382232,-33.378752536739604],[150.9955856258342,-33.378685092382874],[150.99542048224734,-33.378586013018129],[150.99534843825984,-33.378446731159364],[150.99528414852992,-33.378322445200268],[150.99525394896668,-33.378264063001843],[150.99512565696767,-33.378238569349527],[150.99497822636158,-33.378241338882482],[150.99492656694457,-33.378242307318786],[150.99481212337395,-33.378258980025016],[150.99466861930395,-33.378279884290428],[150.99441148733362,-33.378282689828936],[150.99414717512931,-33.37823666923385],[150.99411123892472,-33.378225678867935],[150.99391596763977,-33.378165961346475],[150.99385896594174,-33.378148526474966],[150.9937110421605,-33.378090475724129],[150.99366658094391,-33.37805796290592],[150.99353579611994,-33.377962308746895],[150.9935389069858,-33.377854758641725],[150.9935326232704,-33.37777531121592],[150.99352725403995,-33.377707489526578],[150.99346571584971,-33.377598092987441],[150.99344520641344,-33.377509206182062],[150.99343153585147,-33.377358790344552],[150.99341731013064,-33.377300112689262],[150.99337683833215,-33.377133158598966],[150.9933512821606,-33.37706860858259],[150.99326786280668,-33.376857883190802],[150.99324692307738,-33.376804977653748],[150.99319222465979,-33.376647713905712],[150.99315804555982,-33.376449430395446],[150.99311993004233,-33.376373218628267],[150.99306914917764,-33.376271666348394],[150.9929962005867,-33.376173340397557],[150.99291190357874,-33.376059712508905],[150.99276147888776,-33.375916127412175],[150.9926420784135,-33.375848458806978],[150.99255636476232,-33.375799891612616],[150.99223500594414,-33.375635797278981],[150.99206192933502,-33.375568074443599],[150.99192047791539,-33.375512730826557],[150.99172365613833,-33.375463518300016],[150.99161965638126,-33.375437513712207],[150.9915010266615,-33.3754187880036],[150.99135984383821,-33.375396503489924],[150.99128463598427,-33.375382815907585],[150.99121625891982,-33.375348635951156],[150.99119951432289,-33.375294215653469],[150.99118890971096,-33.375259749097232],[150.99119660108644,-33.375157156530513],[150.99120847861116,-33.374998834310489],[150.99120941914722,-33.374986258421089],[150.99123470672248,-33.374847200350381],[150.99125044790119,-33.374760625771593],[150.99128462700111,-33.374651229276623],[150.99129830654621,-33.37447346455496],[150.99127231109856,-33.374286341744558],[150.99126411756484,-33.374227322935489],[150.99124004900347,-33.374121422358193],[150.99124002205403,-33.374121279073819],[150.99121478029284,-33.37401020662093],[150.99116156050212,-33.373776049362696],[150.99110881681855,-33.373617825903523],[150.99109318343767,-33.373570944628817],[150.99106583422883,-33.373468378577158],[150.991034487517,-33.373337737424677],[150.9910248153563,-33.373297453143543],[150.99101378045137,-33.373165153818626],[150.991011126828,-33.373133367592082],[150.99100504074201,-33.373118747169265],[150.99097695671128,-33.373051311196853],[150.99092225829361,-33.37296926447668],[150.99081969224775,-33.372928235836255],[150.99075132416638,-33.372873537954],[150.99073764551957,-33.372784650821259],[150.99072397495758,-33.372661584835861],[150.99068294710193,-33.372538508923832],[150.99057355026659,-33.372299206613505],[150.99049835139581,-33.372251347872918],[150.99042997433136,-33.372217159183933],[150.9904231704914,-33.372206456132766],[150.99038210670315,-33.372141951222765],[150.99029322918554,-33.37205990439503],[150.99019750291225,-33.37201887607587],[150.9900949368664,-33.371991526853151],[150.99004025641506,-33.371929998572547],[150.98998973516348,-33.371852271943617],[150.98995136093114,-33.371793252983409],[150.98986931330464,-33.371690696088592],[150.98981435527389,-33.371633622290794],[150.98969153940493,-33.371506082720387],[150.98941121832385,-33.371355667003819],[150.9891175132434,-33.371171322998464],[150.98884818125325,-33.371002279821155],[150.98876850967068,-33.370952270273214],[150.98870010565676,-33.370909521205654],[150.98869885071028,-33.370908731987292],[150.98865910475055,-33.370883892610827],[150.98859075373721,-33.370815524647433],[150.98856339644354,-33.370712959097816],[150.98856339644354,-33.370583052764232],[150.98857079137497,-33.370563331981565],[150.98860441531608,-33.37047365626664],[150.98868262623796,-33.370378987797565],[150.98873433057076,-33.370316401326754],[150.98887516305112,-33.370161127417816],[150.98900098198811,-33.37002240073047],[150.9890930323553,-33.369940810285541],[150.98930182148854,-33.369755740072236],[150.98949326595039,-33.369598485334983],[150.98958215245111,-33.369495928103312],[150.989615220335,-33.369433458031509],[150.98964368075983,-33.369379691976611],[150.9896847095138,-33.369256625675355],[150.989694918867,-33.369193294926653],[150.98971889759684,-33.369044663744276],[150.98972537894164,-33.368978751319752],[150.98974371894647,-33.368792309897671],[150.98975991736773,-33.368627596160344],[150.98980094522335,-33.36823786948613],[150.98982828544902,-33.3677934444909],[150.98981359350256,-33.367514252547338],[150.98980777601275,-33.367403717080883],[150.98975756827323,-33.367193144580568],[150.98961998050768,-33.36674625420023],[150.98958644639816,-33.366625061285546],[150.98962317132356,-33.366487518098985],[150.98975991736773,-33.366200356580052],[150.98990464943469,-33.365929940456681],[150.98993615784326,-33.365871074281031],[150.99001973799562,-33.365714921394996],[150.99014281347775,-33.365564497165884],[150.99026942922046,-33.365416770593519],[150.99038894647572,-33.365277326598523],[150.99043213477967,-33.365231870817894],[150.9906487581205,-33.365003836048132],[150.99072387614288,-33.364937224321842],[150.991011126828,-33.364682486235161],[150.99109435753573,-33.364617255494871],[150.99126411756484,-33.364484203209614],[150.99138656602292,-33.364349116004583]]},"properties":{"roadnamebase":"FINCHES LINE WALKING","roadnametype":"TRACK","functionhierarchy":9,"surface":2}},{"type":"Feature","geometry":{"type":"LineString","coordinates":[[151.00113085062455,-33.350288700914845],[151.00116252072988,-33.350185660187563],[151.00119666479557,-33.350051666613894],[151.00120666843458,-33.350007796704176],[151.00121833036357,-33.349956666016205],[151.00115500003434,-33.349806663281662],[151.00114999821483,-33.349691664512001],[151.00121833036357,-33.349576665590419],[151.00125833683478,-33.349490001332605],[151.00125833683478,-33.349316665054296],[151.00116667094656,-33.349183334993029],[151.00103833403176,-33.349041667827208],[151.00089499974334,-33.348948335010164],[151.00079333021614,-33.348868331406663],[151.00059833651071,-33.348711668507335],[151.00048499607126,-33.348500001716999],[151.00037499916141,-33.348355000153525],[151.00029166963898,-33.348234999530909],[151.00020000464909,-33.347996665189655],[151.00019199077843,-33.347981354672783],[151.00012500250935,-33.347853330941263],[150.99999666559464,-33.347698335122239],[150.99988500141154,-33.34756000260839],[150.99968499690337,-33.347418335802814],[150.99960034955248,-33.347336073557692],[150.99956666362769,-33.347303337630471],[150.99941666922973,-33.347188329550896],[150.99925667119282,-33.347111669670205],[150.99912499883339,-33.347094996247911],[150.9988983359209,-33.347049996977205],[150.99867833311794,-33.347009999940582],[150.99849666861465,-33.346971670305379],[150.99825666751687,-33.346875002677308],[150.99811833504791,-33.346830003292915],[150.99796332984735,-33.346785003885238],[150.9978049990836,-33.346721664286676],[150.99766666751296,-33.346656666971676],[150.99749166311921,-33.346554997461133],[150.99732833053596,-33.346441665578503],[150.99718633204236,-33.346322947037045],[150.99712500046459,-33.34627166410106],[150.99705829067327,-33.346192377691445],[150.99703667002106,-33.346166669026083],[150.99694333685963,-33.346093334114094],[150.99684666915189,-33.346014998326979],[150.99677614960549,-33.345938705870864],[150.9967449996247,-33.345905001372422],[150.99668832940498,-33.345774996469558],[150.9966750002028,-33.345653337603231],[150.99664153706019,-33.345568565016372],[150.99662499907581,-33.345526667219588],[150.99650499762853,-33.345401664851948],[150.99631499765781,-33.345184996658006],[150.99621999722322,-33.345038337125601],[150.99613500042764,-33.344868335159596],[150.99606833555214,-33.344666663059641],[150.99601499987872,-33.344543336679358],[150.99592833670832,-33.344398335280509],[150.99585833638812,-33.344251666918758],[150.99582666718112,-33.344140002513981],[150.99580105711067,-33.344078985100587],[150.9957699969614,-33.344004996298388],[150.99575818231881,-33.343876273313121],[150.99575499958775,-33.343841663735027],[150.99573500129287,-33.343688334261017],[150.99574000311242,-33.34357333566502],[150.99567666380005,-33.343398332126583],[150.99565400289868,-33.343336453432798],[150.99563333176567,-33.343279998166736],[150.99557999609232,-33.343163332289237],[150.9955648199539,-33.343066718217663],[150.99556166507062,-33.343046666255439],[150.99554166587743,-33.342946663778918],[150.9955116639436,-33.342828329955751],[150.99546666463604,-33.342733329731516],[150.995422669645,-33.342653658120391],[150.99540500158002,-33.342621665631057],[150.99540393438144,-33.342613436930648],[150.99539166249639,-33.342518329157301],[150.99533333398665,-33.342391667721351],[150.99522999718627,-33.342293332752504],[150.99514833583532,-33.342225000862904],[150.99502499984177,-33.342101665020984],[150.99494332950772,-33.342028331188246],[150.99484934237279,-33.341947081471027],[150.99484500350997,-33.341943334437879],[150.99475499591179,-33.341798333212388],[150.99467333456093,-33.34169833080324],[150.99458500321899,-33.34159000117188],[150.99444333620372,-33.341438330756262],[150.99434833666749,-33.341323332190846],[150.99423499532978,-33.341195003737795],[150.99414666488622,-33.341109997918998],[150.99412913067016,-33.341085230336788],[150.99406999547335,-33.341001668306269],[150.99396666765608,-33.340916663049214],[150.99378666234117,-33.340853332690422],[150.99366333622905,-33.340785000421398],[150.99355833215552,-33.340709998690699],[150.99353247055674,-33.340690277892691],[150.99342500150607,-33.340608328991152],[150.99337833492538,-33.340523332355794],[150.99334166300054,-33.340396662764952],[150.99330836245292,-33.340222169917951],[150.99329999913769,-33.340178335581193],[150.99328522634283,-33.340145178199229],[150.99322499699795,-33.340010001436646],[150.99320333142998,-33.339876671383443],[150.99320292808639,-33.339871328751101],[150.99319166950093,-33.339721665868645],[150.99318499950994,-33.339568337395768],[150.99314999575657,-33.339458330796951],[150.99308833270055,-33.339331670163823],[150.99303999884665,-33.339223331584776],[150.99297833579061,-33.339116668696462],[150.99294280203122,-33.339072081820284],[150.9928933300119,-33.339009997422188],[150.99281333503589,-33.338853334046973],[150.99270999823545,-33.33870999975759],[150.99261666597241,-33.338568333563543],[150.9926000013256,-33.338403333726426],[150.99258167030388,-33.338191666644271],[150.99256791080867,-33.338036132786947],[150.99255363118888,-33.337898123395618],[150.99247273071109,-33.337783913426804],[150.9923499965887,-33.337718333061446],[150.99224500149828,-33.337721667504823],[150.99206832983143,-33.337675001046001],[150.99187310346227,-33.337474584377944],[150.991777924263,-33.337350854552163],[150.99167323370148,-33.337231875952831],[150.9915494952626,-33.33711290544651],[150.99146383551039,-33.336984416186517],[150.99137341558549,-33.336865437086665],[150.99128775583327,-33.336751227264742],[150.99121637570076,-33.336575147304295],[150.9911592662049,-33.336432378148437],[150.99112167081196,-33.336316662244151],[150.99107499524808,-33.336148336396633],[150.99103499865842,-33.336068333041055],[150.99100255779857,-33.335895454123758],[150.99097707349222,-33.335759649342691],[150.99098228102594,-33.335532923558176],[150.99100407235812,-33.335307121066826],[150.99105449479501,-33.335077777804173],[150.99109591790938,-33.334972522312832],[150.991159642599,-33.334810597293973],[150.99122325949079,-33.334660593985724],[150.99128304955946,-33.334524072783239],[150.99133833906862,-33.334397823766125],[150.99146457931545,-33.334326578156158],[150.99161682309489,-33.334253136456034],[150.99166664545714,-33.334229103938277],[150.99181227404281,-33.334171914009502],[150.99193315314403,-33.334124440335948],[150.99205224010632,-33.334077684138435],[150.99216459419557,-33.334083995303416],[150.99222208008555,-33.334087230816657],[150.99240156617424,-33.334028947279144],[150.99252682007091,-33.333986834533881],[150.99261375273596,-33.333957603048546],[150.99277722815134,-33.33395654480676],[150.9929134181383,-33.333955657684896],[150.99301056105483,-33.333957217278154],[150.99308558924568,-33.333863274626616],[150.99307620364752,-33.333845669515235],[150.99301193278225,-33.333725032714739],[150.99292694496989,-33.333580739065617],[150.99282798296491,-33.333438732044115],[150.99273018517655,-33.333297405523489],[150.99260045856803,-33.333109063872854],[150.99248812244517,-33.332965218773694],[150.99236658847204,-33.332820602636637],[150.99228632489971,-33.33272510064522],[150.9922067072161,-33.332630360344687],[150.99211696821411,-33.332523572298797],[150.99204522965385,-33.332438208265629],[150.99199409934451,-33.332377369538236],[150.99200629936439,-33.33222184481302],[150.99201699290956,-33.332085457888361],[150.99210299402162,-33.331914595282967],[150.99216971279603,-33.33178203565604],[150.99232608972409,-33.331621742398568],[150.99242680883373,-33.331518503954776],[150.99251801747948,-33.331434027585395],[150.99258922693207,-33.331376514587014],[150.9926180457847,-33.331353234826352],[150.99273545649066,-33.331258387206475],[150.99282259486984,-33.33115558815453],[150.9928998823236,-33.331016090776629],[150.99290169332718,-33.331010927733182],[150.99296548988207,-33.330829003621922],[150.99299937343625,-33.330611869105688],[150.99298181316911,-33.330500267522538],[150.99296304287122,-33.330380983846844],[150.99298172333755,-33.330272537313157],[150.99297716977739,-33.330131570427874],[150.99294861952103,-33.330036390481077],[150.9929581398664,-33.329941211180852],[150.99302951999888,-33.329865062261817],[150.99310566838886,-33.329817481162557],[150.99316752907433,-33.329703262100153],[150.99319132814111,-33.329536702310733],[150.99322939874287,-33.329336823838325],[150.99325794899923,-33.329208333616485],[150.99328174806607,-33.32899894468445]]},"properties":{"roadnamebase":"THREE MILE","roadnametype":"TRAIL","functionhierarchy":9,"surface":2}},{"type":"Feature","geometry":{"type":"LineString","coordinates":[[150.96656812964386,-33.36289035319728],[150.96673620353525,-33.362438721451866],[150.96695504122331,-33.361587412136885],[150.96704809680526,-33.360744063379528],[150.96706599753392,-33.359992003209285],[150.96709111442925,-33.359433636638279]]},"properties":{"roadnamebase":null,"roadnametype":null,"functionhierarchy":8,"surface":3}},{"type":"Feature","geometry":{"type":"LineString","coordinates":[[150.98637872152031,-33.364306913636227],[150.9862510026465,-33.364187002528617],[150.98615300004224,-33.364076001421168],[150.98608299972207,-33.364047002865917],[150.98600299666117,-33.364006996382848],[150.98600999723214,-33.36395900328418],[150.98615300004224,-33.363956000713543],[150.98637599693012,-33.363950998679776],[150.98650099929847,-33.363954001250541],[150.98664600086011,-33.363886000724513],[150.98678999810514,-33.363826999618183],[150.98697600057298,-33.363721000849075],[150.98712499963756,-33.363561002717233],[150.98721299950114,-33.363427000472882],[150.98728800074252,-33.363292002409587],[150.98740100072044,-33.363123999558738],[150.98745500024876,-33.363028999723419],[150.98744299695994,-33.362930996428105],[150.98735499799471,-33.362899003887449],[150.98723099904444,-33.362849002436207],[150.98715599780306,-33.36278199666507],[150.98711999781804,-33.362725998923878],[150.98712100213453,-33.362616996947004],[150.98721299950114,-33.362517003445291],[150.98731300175515,-33.362444001176407],[150.98748700093415,-33.362395998962548],[150.98760300398004,-33.362343999222816],[150.9878200046133,-33.362336002722948],[150.98793300459127,-33.362372002722502],[150.98805799797645,-33.362411999453336],[150.98821799601345,-33.362485997370925],[150.98836999814603,-33.362596998255832],[150.98851100130631,-33.362666002911801],[150.98863199718855,-33.362716999337167],[150.98880500193249,-33.362752003560317],[150.98891300009086,-33.362641997742898],[150.98899799688644,-33.362551003874728],[150.98903800245932,-33.362533999535138],[150.98913100414234,-33.36241399895178],[150.98919800139453,-33.362390996839061],[150.98929800275027,-33.362347001849052],[150.98926999956797,-33.362298999581661],[150.98916000265802,-33.362311002589415],[150.98899999563793,-33.362358995846783],[150.98892100497841,-33.362370998095962],[150.98878599897094,-33.362316999590995],[150.98871500421575,-33.362203999595941],[150.98864799798039,-33.362063999743832],[150.98855099879432,-33.361947001902635],[150.98848499687546,-33.361881000069125],[150.98836799939454,-33.361814003306336],[150.98824999759711,-33.361689995947494],[150.98808000400604,-33.36158699947849],[150.98794499799857,-33.361554003308335],[150.98768800077556,-33.361447000134326],[150.98754999978499,-33.361380998671876],[150.98739000174808,-33.361341001467125],[150.98727300426714,-33.361283999660166],[150.98701300397613,-33.361231004370048],[150.98684300230022,-33.361106001293095],[150.98681800128756,-33.360989003664457],[150.98669999949016,-33.360921003072228],[150.98658899916208,-33.360837001649422],[150.98661999642925,-33.360722002446167],[150.98650099929847,-33.360519004532087],[150.98644671320756,-33.360314661608811],[150.98638799932058,-33.360223999940743],[150.98626600002018,-33.36007599569384],[150.98623300310314,-33.359895999051133],[150.9862510026465,-33.359707002138116],[150.98621500355981,-33.359607000040462],[150.98617999890814,-33.359409004071559],[150.98614915435451,-33.359257898165872]]},"properties":{"roadnamebase":null,"roadnametype":null,"functionhierarchy":8,"surface":3}},{"type":"Feature","geometry":{"type":"LineString","coordinates":[[150.98637872152031,-33.364306913636227],[150.98639545713408,-33.364244147235155],[150.98643805434654,-33.364214342200697],[150.9864791450843,-33.364185568020901],[150.98663397152012,-33.364114430062791],[150.9869352413136,-33.363984720950008],[150.98708587261703,-33.36390939633268],[150.98716119635364,-33.363850816893098],[150.98719885462864,-33.363779687664511],[150.98721654874478,-33.363734339140251],[150.98726579708361,-33.36360812647191],[150.98732019995555,-33.363532811282106],[150.98742480068552,-33.363432387426364],[150.98755870446013,-33.363331964205003],[150.98762983306429,-33.363294306498737],[150.98771770716371,-33.363285934199261],[150.98778465950019,-33.363294306498737],[150.98800224224175,-33.363344513268856],[150.98819471617284,-33.363365435373822],[150.98840394458227,-33.363390543243632],[150.98861314604233,-33.363377994186386],[150.98878470809186,-33.363373807665646],[150.98894789694472,-33.363331964205003],[150.98914874407257,-33.363256648776172],[150.9892700804163,-33.363223167811952],[150.98942909210305,-33.363202246423064],[150.98962156693247,-33.363202246423064],[150.98992305232161,-33.363196903721509],[150.99013773979308,-33.363182077554157],[150.99026561138052,-33.363173247576576],[150.99080699096791,-33.363186290343769],[150.99101352982143,-33.363188217798069],[150.99132569977252,-33.363191131112572],[150.99134170056433,-33.363191283418217],[150.99146947333713,-33.363177120492338],[150.99159447570554,-33.363150174388515],[150.9917681263382,-33.363097645405347],[150.99189784396353,-33.362997221797663],[150.99196897346604,-33.362875876606729],[150.99199826752746,-33.362729423193244],[150.99204153667972,-33.362636709027008],[150.99208613264369,-33.362541125692346],[150.99221166411982,-33.362386309083078],[150.99238321628792,-33.362244041420951],[150.99258407239893,-33.362101774276468],[150.99265101575224,-33.362013900275805],[150.99268449596283,-33.361896741055936],[150.99269285927815,-33.361729365752112],[150.99269285927815,-33.361608029297166],[150.9926702343094,-33.361531109760108],[150.99265101575224,-33.361465761863201],[150.99250456251315,-33.361365338623088],[150.99222839973353,-33.36127746462904],[150.99191457957727,-33.361223071542618],[150.9918267063762,-33.361223071542618],[150.99165515330975,-33.361239806783949],[150.99147940511088,-33.36132349494693],[150.99127437273216,-33.361402996413844],[150.99101913171555,-33.3614406541883],[150.99052538709267,-33.361520155548199],[150.99010694824003,-33.361553617660178],[150.98959309752448,-33.361634365144482],[150.98931366308062,-33.361657143121271],[150.98916727272362,-33.361648815681555],[150.98882033976764,-33.361546599463637],[150.98879890686322,-33.361537787327009],[150.98861478636601,-33.361462158225052],[150.98821700966329,-33.361322983999266],[150.98801562534283,-33.361276881653211],[150.98787618165792,-33.36123409706962],[150.98712702623686,-33.360937174150891],[150.98685480795967,-33.360816895257067],[150.98677897218337,-33.360773007513707],[150.9866573043613,-33.360651348598601],[150.98658258069935,-33.36052829095965],[150.98656864154106,-33.360433183248823],[150.98654813210484,-33.360293300595671],[150.98651452613007,-33.359953287632372],[150.98648313450249,-33.359734127130181],[150.98641174538682,-33.359575509732622],[150.98619563228903,-33.359301346242738],[150.98614915435451,-33.359257898165872]]},"properties":{"roadnamebase":null,"roadnametype":null,"functionhierarchy":8,"surface":3}},{"type":"Feature","geometry":{"type":"LineString","coordinates":[[150.98733694455245,-33.364615793984804],[150.98705938399428,-33.364579704882082],[150.98683454915343,-33.364515468913147],[150.98670607749131,-33.364491374222879],[150.98660972329566,-33.364447217487665],[150.98650425299644,-33.364403150761717],[150.98641242630981,-33.364361055707342],[150.98640382943253,-33.36435712057235],[150.98637872152031,-33.364306913636227]]},"properties":{"roadnamebase":null,"roadnametype":null,"functionhierarchy":8,"surface":3}},{"type":"Feature","geometry":{"type":"LineString","coordinates":[[151.00450763574389,-33.3954678408668],[151.00469399663947,-33.395154997593579],[151.00488700057659,-33.394985999537809],[151.00512900132421,-33.394824997667207],[151.00513600189524,-33.394437995407202],[151.00525499902594,-33.393682995501138],[151.00552000113652,-33.392980999516212],[151.00548900297099,-33.392274001206566],[151.00538300446235,-33.391849996267503],[151.00509199792103,-33.39134199854427],[151.00508699610151,-33.39088699610825],[151.00521717096939,-33.39049975205225],[151.00533000026735,-33.38991599956605],[151.0051849987058,-33.389363002649489],[151.00488399750859,-33.388807002752372],[151.00454400313984,-33.388418001798627],[151.00393499927614,-33.387803996594954],[151.00366999716564,-33.387582998093798],[151.00334299962242,-33.387437997149618],[151.00301100115806,-33.387288002772472],[151.00269300383567,-33.386974003454164],[151.00275499837005,-33.386625000148264],[151.00344161218271,-33.386294946084703],[151.00403600494838,-33.386002003104984],[151.00450768065969,-33.38565848573537],[151.00537061579629,-33.385075594091205],[151.00585999550523,-33.384517998334829],[151.00585399835239,-33.384248003702048],[151.00619699668741,-33.383452997259504],[151.00651999582931,-33.382740997015119],[151.00672700090846,-33.382085999408048],[151.0069769975604,-33.381384002785566],[151.00703900107791,-33.380916997299629],[151.00704400289743,-33.380407995781916],[151.00689925286414,-33.379685795065633],[151.00682599884595,-33.379451001221383],[151.00663900104485,-33.378972997333243],[151.00646800403561,-33.378651002240836],[151.00630099644448,-33.378385999596233],[151.00608800319569,-33.377964998022918]]},"properties":{"roadnamebase":null,"roadnametype":null,"functionhierarchy":8,"surface":3}},{"type":"Feature","geometry":{"type":"LineString","coordinates":[[151.01438300161345,-33.378741000336902],[151.01420999686951,-33.378732000906545],[151.01420099664873,-33.378728997345554],[151.01402999963946,-33.378728997345554],[151.01377800423595,-33.378742004024261],[151.01352299678129,-33.378732000906545],[151.01327300102758,-33.378744003147382],[151.01326999795961,-33.378746997706202],[151.01304500232027,-33.378733999279788],[151.01289199587117,-33.378741000336902],[151.01257300321546,-33.378766001000081],[151.01221500032028,-33.37877399673993],[151.01196500366825,-33.378791996341135],[151.01164600292771,-33.378916999511752],[151.01125799630199,-33.379085997301551],[151.01071999617665,-33.379349000204144],[151.01054300291287,-33.379632002342092],[151.01052500336951,-33.379811003987527],[151.01050000235682,-33.380199000774361],[151.01051499973047,-33.380468995977978],[151.01052500336951,-33.380731999198602],[151.01055600063668,-33.381144001697834],[151.01051100132915,-33.381540998428626],[151.01038599896077,-33.382053997409287],[151.01032499886142,-33.38243199949855],[151.01026300432699,-33.382611996772582],[151.00997100245235,-33.383005999139939],[151.00962000012814,-33.383563998394663],[151.00937999813192,-33.384046000551763],[151.00894599776367,-33.384736997391066],[151.00882500188143,-33.384928997281193],[151.00818100324756,-33.386481002704429],[151.00815800188465,-33.386603997379339],[151.00816100405436,-33.386721004062203],[151.00818199768253,-33.386901996050256],[151.00829000482409,-33.387048996070511],[151.00876600143189,-33.387484000123848],[151.00890099845617,-33.387717000629024],[151.00903500104539,-33.388219001819699],[151.00920799680623,-33.389078997113586],[151.00952300004374,-33.390122001051324],[151.00950300174884,-33.390247003684351],[151.00966100103432,-33.39053899631201],[151.00981000009889,-33.390798996679337],[151.00993799655217,-33.391106999165963],[151.01003499573824,-33.391296999654031],[151.01023699899781,-33.391680998535612],[151.01030699931803,-33.391919000967619],[151.0101849991193,-33.392362000642251],[151.01006299981887,-33.392521999047034],[151.00986500304543,-33.392952000847529],[151.00966199636764,-33.393493999245685],[151.00959300036391,-33.393791997547631],[151.0095629975317,-33.393935994881062],[151.00958200139158,-33.394230999892187],[151.00953599866588,-33.394772002562277],[151.00958200139158,-33.395441002266182],[151.0096529961468,-33.395732000203992],[151.0097259986367,-33.395882003260361],[151.01016300207297,-33.396356000746977],[151.01031499522239,-33.396513999834674],[151.01042627402816,-33.396619192152905],[151.01039604751551,-33.396697725377656]]},"properties":{"roadnamebase":null,"roadnametype":null,"functionhierarchy":8,"surface":3}},{"type":"Feature","geometry":{"type":"LineString","coordinates":[[150.98614915435451,-33.359257898165872],[150.98583786205748,-33.358966909463575],[150.98537639659764,-33.358500334350602],[150.98533674855429,-33.358460247284746],[150.98516007778568,-33.358294969258452],[150.98481480311969,-33.357956641958317],[150.98457785809046,-33.357673594812397],[150.9842732708187,-33.357298900606644],[150.98376943272524,-33.356891434199206],[150.98348389422907,-33.356546410738119],[150.98309981413945,-33.355934448788013],[150.98281169388514,-33.355386426654249],[150.98251171497074,-33.355203373169822]]},"properties":{"roadnamebase":null,"roadnametype":null,"functionhierarchy":8,"surface":3}},{"type":"Feature","geometry":{"type":"LineString","coordinates":[[150.97184660420223,-33.420363618130487],[150.97184248093509,-33.420246817199676],[150.97186160157591,-33.419979780500128],[150.97191533160967,-33.419716168003617],[150.9719824088119,-33.419509019023174],[150.97220560332914,-33.418897711573386],[150.97238168210797,-33.418387248440496],[150.97250875599141,-33.418030975257452],[150.97264240015286,-33.417677202708639],[150.97270438570413,-33.417524403017815],[150.97277622307908,-33.417374901457443],[150.97283231029212,-33.417281900645271],[150.9728970482814,-33.417189517575494],[150.97296951357876,-33.417101410568051],[150.97300853369973,-33.417059530728046],[150.97309212283525,-33.416979187122024],[150.97318236309715,-33.416903154103295],[150.97322812417602,-33.416867379128973],[150.97337529516901,-33.416764239567478],[150.97357848150983,-33.416637641238161],[150.97394241867588,-33.416422819556942],[150.97548432206381,-33.415492151909191],[150.97568749942153,-33.415365553974816],[150.97583813072495,-33.415267721389391],[150.97607789017599,-33.415092986541794],[150.97648480993172,-33.414757572091347],[150.97709778434896,-33.414216900813607],[150.97722893658383,-33.414093493817404],[150.97746450090244,-33.413850247023724],[150.97767171259414,-33.413646756010593],[150.97771519644377,-33.413608335762049],[150.9779023649248,-33.41346146989747],[150.9780005022763,-33.413393307879389],[150.97815340092754,-33.413298110265828],[150.97825835110217,-33.413237863455443],[150.97842142407234,-33.413153171723138],[150.978699809284,-33.41302326581593],[150.97898077625368,-33.412902288121927],[150.97926045234436,-33.412776855422614],[150.97937002794438,-33.412723680805605],[150.97947729128092,-33.41266696612724],[150.97957563524494,-33.412603303322371],[150.97966713943643,-33.412531752815681],[150.97975183978789,-33.41245227859492],[150.97982444791734,-33.412367766060541],[150.97985689776038,-33.412323385436878],[150.97988495484165,-33.412277328124546],[150.97990868294158,-33.412230518687245],[150.9799290396642,-33.412181091493345],[150.9799567922166,-33.412080864791456],[150.97996717224973,-33.411977573323952],[150.97996483303677,-33.411926173871016],[150.97995044561912,-33.411822774240456],[150.9799351266486,-33.411769985214654],[150.97989944107391,-33.411671775900459],[150.97987673525679,-33.411622832795736],[150.97982297827357,-33.411529723843103],[150.97975961111345,-33.41143872114138],[150.97968884992022,-33.411350677286478],[150.97942746891863,-33.411049254595881],[150.97916911793445,-33.41074322369581],[150.97906391712985,-33.410608414566113],[150.97898084811891,-33.41046295637679],[150.97892429378192,-33.410308507031665],[150.97889231106285,-33.410149691674803],[150.97888712958027,-33.409988196740755],[150.97891544627461,-33.409829247321042],[150.97899770949675,-33.409625218226154],[150.97908379055892,-33.409481579836125],[150.97915400467818,-33.409391733546229],[150.97919410098086,-33.40934980949514],[150.97923754081305,-33.409310493493336],[150.97933111562122,-33.409237042335768],[150.97943152121888,-33.409171533818174],[150.97953646241032,-33.409111277396484],[150.98007495571082,-33.408828544454252],[150.9803407734916,-33.408682772833352],[150.98049361824386,-33.408586669447921],[150.98072779286878,-33.408408483690586],[150.98090057393222,-33.408253048342566],[150.98170502784555,-33.407496694930387],[150.98182877616586,-33.40737623671351],[150.98193969654383,-33.407257383102646]]},"properties":{"roadnamebase":"OLD NORTHERN","roadnametype":"ROAD","functionhierarchy":3,"surface":1}},{"type":"Feature","geometry":{"type":"LineString","coordinates":[[150.98707905979393,-33.384151631761881],[150.98669670985959,-33.38453151645917],[150.98633027178377,-33.384897954939923],[150.98615514252424,-33.385046425516222],[150.9860799526366,-33.385100684443536],[150.98589625344923,-33.385234883576508],[150.98575444360188,-33.385344334265376],[150.98567068378645,-33.38541286332692],[150.98557741350714,-33.385503283471301],[150.98550602439147,-33.385584183494217],[150.98542797516635,-33.385684122727874],[150.98536040478899,-33.385793581852141],[150.9852899750741,-33.385903031837678],[150.98521929383085,-33.386036658173488],[150.98521399556736,-33.386046616946388],[150.98520430633869,-33.386070551150119],[150.98519890926048,-33.386090361426092],[150.98519574539404,-33.386120041202979],[150.98519875744523,-33.386143786367313],[150.98520587479715,-33.386166178388116],[150.98521929383085,-33.386184877779996],[150.98526344153555,-33.386222356059797]]},"properties":{"roadnamebase":"OLD NORTHERN","roadnametype":"ROAD","functionhierarchy":3,"surface":1}},{"type":"Feature","geometry":{"type":"LineString","coordinates":[[150.98544497129154,-33.386355534110393],[150.98526344153555,-33.386222356059797]]},"properties":{"roadnamebase":"OLD NORTHERN","roadnametype":"ROAD","functionhierarchy":3,"surface":1}},{"type":"Feature","geometry":{"type":"LineString","coordinates":[[150.98860772291292,-33.38188508039881],[150.98869450286432,-33.38201951327904],[150.98872448773017,-33.382070912420758],[150.98874082898351,-33.382111546690517],[150.98874999000276,-33.382139084009204],[150.9887530379865,-33.382152287456975],[150.98875779815918,-33.382179654487722],[150.98876445826878,-33.382222242743232]]},"properties":{"roadnamebase":"OLD NORTHERN","roadnametype":"ROAD","functionhierarchy":3,"surface":1}},{"type":"Feature","geometry":{"type":"LineString","coordinates":[[150.98766643312391,-33.380470878041898],[150.98799161068035,-33.380963753845123],[150.98822598293461,-33.381307585309727],[150.98839492729348,-33.381565756749566],[150.98860772291292,-33.38188508039881]]},"properties":{"roadnamebase":"OLD NORTHERN","roadnametype":"ROAD","functionhierarchy":3,"surface":1}},{"type":"Feature","geometry":{"type":"LineString","coordinates":[[150.98718306853419,-33.384051817532573],[150.98707905979393,-33.384151631761881]]},"properties":{"roadnamebase":"OLD NORTHERN","roadnametype":"ROAD","functionhierarchy":3,"surface":1}},{"type":"Feature","geometry":{"type":"LineString","coordinates":[[150.98876445826878,-33.382222242743232],[150.98876445826878,-33.382260796888168],[150.98876250353467,-33.382300883489386],[150.98875639049916,-33.382336882728232],[150.98874590266823,-33.382372156597079],[150.98871195623201,-33.382435809297988],[150.98868187255138,-33.382478719974337],[150.98825014042922,-33.382970708275863],[150.98785275000205,-33.383387111505634],[150.98718306853419,-33.384051817532573]]},"properties":{"roadnamebase":"OLD NORTHERN","roadnametype":"ROAD","functionhierarchy":3,"surface":1}},{"type":"Feature","geometry":{"type":"LineString","coordinates":[[150.98619682435344,-33.393929173549608],[150.9862470051435,-33.393869437563296],[150.98630624813813,-33.393775423071276],[150.98632874734278,-33.393725932876642],[150.98636178917553,-33.393623725852841],[150.98637750250651,-33.393519366922966],[150.9863791428302,-33.393413645843374],[150.98636789322791,-33.393308337143083],[150.98634587731689,-33.393203377822289],[150.98631855595585,-33.393099494647956],[150.98623900025595,-33.392841940971707],[150.98620211363379,-33.392741060442454],[150.98615046319989,-33.392646983978288],[150.98607672498983,-33.392564452482674],[150.98598002224782,-33.392498011117937],[150.98592599576997,-33.392469936314718],[150.98587109163813,-33.392446405884534],[150.98558388586875,-33.392333683537764],[150.98547115448707,-33.392269555068516],[150.98543267245697,-33.392228339027909],[150.98540870271029,-33.392174922326156],[150.98540380868855,-33.392114567863864],[150.9854155245165,-33.392064522454987],[150.98544225478614,-33.392013086470001],[150.98551799174768,-33.391926673736663],[150.98560824099275,-33.391851520322206],[150.98579775766993,-33.391709996878298],[150.98604068098734,-33.391536041928489],[150.98618580831308,-33.391436559440521],[150.98623572859174,-33.391397933611408],[150.98627390609298,-33.391361494856014],[150.98631075678256,-33.39131966935922],[150.98634315272665,-33.391274383195196],[150.98637005367618,-33.391226551397978],[150.98639044633143,-33.391178038544723],[150.98640211814191,-33.391127087306593],[150.98640515624422,-33.391075508260485],[150.98639743881765,-33.391024279449653],[150.98638335592887,-33.390975057700935],[150.98636170832714,-33.390925173643502],[150.98633695884277,-33.390878103689992],[150.98627571709659,-33.390786141811404],[150.98620813683775,-33.390697093728853],[150.98613634437859,-33.390609973151768],[150.9857915988203,-33.390226350559502],[150.98543398130232,-33.389796168765109],[150.98536643787443,-33.389708017472742],[150.9853362733455,-33.38966021256531],[150.98528764394595,-33.389561528230288],[150.98527021842605,-33.389509698489505],[150.98525707697172,-33.389457742709823],[150.98524821149823,-33.389404748082583],[150.98524343335922,-33.389347091871592],[150.98523991106498,-33.389246040775276],[150.98524559380749,-33.389086912399726],[150.98525696019078,-33.388981791220658],[150.98527374072029,-33.388877396715415],[150.98537082973783,-33.388408275814925],[150.98538975274928,-33.388303810115559],[150.98540223034865,-33.38819954980665],[150.98540897130655,-33.388087338743503],[150.98540453452733,-33.387989944976709],[150.98538902691058,-33.387885676040703],[150.98537573274265,-33.387830108493837],[150.98535975890027,-33.387786373140216],[150.98533607661449,-33.387739258733546],[150.98530169090205,-33.387693398406327],[150.98526556605114,-33.387656628820267],[150.98521992983814,-33.387623766299029],[150.98516606595538,-33.387599303728045],[150.98513657426463,-33.387591935102876],[150.98498078932636,-33.387569641707636],[150.98478746289402,-33.387599384734912],[150.98457033739493,-33.387664821759259],[150.98439484970754,-33.387742153974351],[150.98417474808991,-33.387875995001089],[150.98400223652104,-33.387980102685724],[150.98396655094641,-33.387977126446337],[150.98392192803291,-33.387962255748647],[150.98391003254196,-33.387911689657045],[150.9839368077273,-33.387858148042646],[150.9841033679574,-33.387670764508535],[150.98447876133818,-33.387248758545233],[150.98461889492927,-33.387096612646737],[150.9847403839866,-33.386974397990443],[150.9848663188063,-33.386855688239635],[150.98537424513259,-33.386467619146352],[150.98539869008809,-33.386438952837587],[150.98544497129154,-33.386355534110393]]},"properties":{"roadnamebase":"OLD NORTHERN","roadnametype":"ROAD","functionhierarchy":3,"surface":1}},{"type":"Feature","geometry":{"type":"LineString","coordinates":[[150.98193969654383,-33.407257383102646],[150.98198690031714,-33.407206799741239],[150.9820995598335,-33.407079475079513],[150.98284325619264,-33.406218485056662],[150.98298268191127,-33.406040630398863],[150.98307428491742,-33.405900416150118],[150.98314080696082,-33.405752887083068],[150.98318006872861,-33.40559808815496],[150.98318475703607,-33.405440797001347],[150.98317668926654,-33.405334492746242],[150.98315652927494,-33.405175283590609],[150.98314170347945,-33.405015007766501],[150.98314542340302,-33.404907413137892],[150.98316423861669,-33.404800239828354],[150.98321966287307,-33.404645844157713],[150.98330796726549,-33.404503935843458],[150.98345951215563,-33.404332006536997],[150.98362995310774,-33.404173030269362],[150.98448909645555,-33.403389604958143],[150.98465294018024,-33.4032272230396],[150.98476884441146,-33.403100687470996],[150.98477972660282,-33.403088039153523]]},"properties":{"roadnamebase":"OLD NORTHERN","roadnametype":"ROAD","functionhierarchy":3,"surface":1}},{"type":"Feature","geometry":{"type":"LineString","coordinates":[[150.98477972660282,-33.403088039153523],[150.98507431023558,-33.402709104726739],[150.98541447528427,-33.402209703266685],[150.98549684540595,-33.402069713066332],[150.98553537235185,-33.401992210613528],[150.98560740735616,-33.401798355561809],[150.98562645523344,-33.401732084743728],[150.98564513659807,-33.401636170154042],[150.98565474587667,-33.401546736468241],[150.98564796000301,-33.401325595172345],[150.98563462181772,-33.401230541071904],[150.98558969437539,-33.401051861760038],[150.98545178321635,-33.400674514348182],[150.9853420737673,-33.400411788946059],[150.98526390776118,-33.400208378194584],[150.98525800043987,-33.400189634572328],[150.98520497827855,-33.400037336585662],[150.98517976256852,-33.399928594357888],[150.98516619980435,-33.399850787012305],[150.98516262361119,-33.399755840792508],[150.98517119264068,-33.399624500425624],[150.98518849329471,-33.399524391229249],[150.98523703376114,-33.399387332053372],[150.98527843801091,-33.39930880725889],[150.98533983247066,-33.399227432533124],[150.98544548153464,-33.399111788120997],[150.98558110648128,-33.398997577488494],[150.98571245634548,-33.398904773739417],[150.98607620576357,-33.398690175939578],[150.98622431729268,-33.398587565270894],[150.9863305134306,-33.398489212808762],[150.9864074244903,-33.398399724885955],[150.98644175630383,-33.398350235074695],[150.98648624446994,-33.398256175931728],[150.98651380029131,-33.398177158883207],[150.98652297927686,-33.398142674398777],[150.98653517929679,-33.398052487893871],[150.98654096983708,-33.397978166997746],[150.98653932951336,-33.397917704819179]]},"properties":{"roadnamebase":"OLD NORTHERN","roadnametype":"ROAD","functionhierarchy":3,"surface":1}},{"type":"Feature","geometry":{"type":"LineString","coordinates":[[150.98653932951336,-33.397917704819179],[150.98652409049288,-33.397830916219029],[150.98650909401752,-33.397787584134448],[150.98644620296446,-33.397668470663852],[150.98635732454858,-33.397553265913892],[150.98632257142521,-33.397516567246768],[150.98601632586337,-33.397246401491579],[150.98593190309128,-33.397166021559322],[150.98585163951896,-33.397081894643819],[150.98577980214401,-33.396993877487532],[150.98568306346939,-33.396855186855746],[150.98562593600715,-33.396759478378492],[150.98531473354163,-33.396167048553679],[150.98523605639409,-33.396023266414161],[150.98501732650394,-33.39564101545345],[150.98496653665603,-33.395542394158269],[150.98491428524926,-33.395387828287724],[150.98489515652358,-33.39522768665897],[150.98491915321972,-33.395068862483633],[150.98495979569813,-33.394968223789157],[150.98505904426565,-33.394830474926202],[150.98514983160157,-33.394743577492633],[150.98523499817873,-33.394674914036166],[150.98580903422169,-33.394252844575355],[150.98599841615157,-33.394108605514454],[150.98608982152828,-33.394035235255792],[150.98617449582872,-33.393955751614001],[150.98619682435344,-33.393929173549608]]},"properties":{"roadnamebase":"OLD NORTHERN","roadnametype":"ROAD","functionhierarchy":3,"surface":1}},{"type":"Feature","geometry":{"type":"LineString","coordinates":[[151.00820745593765,-33.406641280044518],[151.00821324647802,-33.406632020287816],[151.00830857839094,-33.406479462129688],[151.00840059372376,-33.406414518457844],[151.00845280919796,-33.406307990423571],[151.00845539904094,-33.406194703382084],[151.00837951026406,-33.406092083578059],[151.0082533068481,-33.406012510477005],[151.00819391113984,-33.405970424315306],[151.00814132825465,-33.405933170523618],[151.00801486432729,-33.40586552828178],[151.00794264157506,-33.405802592400626],[151.00792421173873,-33.405786528651788],[151.00784066751899,-33.405707645935493],[151.00785118229936,-33.405558690964817],[151.00785926803525,-33.405542636919677],[151.0078711716111,-33.405518998292678],[151.00791078372185,-33.405440357554312],[151.00794811860334,-33.405421614310796],[151.00802589024906,-33.405382558249755],[151.00817531960669,-33.405378990177233],[151.00829713115925,-33.405339190185799],[151.00855428109585,-33.405289637584914],[151.00861363188832,-33.405248600198931],[151.00865544846482,-33.40521969111375],[151.0086931687236,-33.405124852748884]]},"properties":{"roadnamebase":null,"roadnametype":null,"functionhierarchy":8,"surface":2}},{"type":"Feature","geometry":{"type":"LineString","coordinates":[[150.97274520784558,-33.405798101210401],[150.97263802535741,-33.405964006627514],[150.97216663620873,-33.406623343201993],[150.97197824062906,-33.406877229530608],[150.97183037972985,-33.407074357042674],[150.97170021384525,-33.407280116134842],[150.97158171887273,-33.407507110928073],[150.97150176881243,-33.407698420113149],[150.9714375239983,-33.40797967420572],[150.97137515306974,-33.408252788132359],[150.97135543235433,-33.408365080392905],[150.97134612760459,-33.408458090753733],[150.97130781535606,-33.408710892640734],[150.97130321688013,-33.408727350286355],[150.97127625304859,-33.408784244509043],[150.97125200572239,-33.408817008293575],[150.97118379933784,-33.408870048074256],[150.97113914947496,-33.408887232323345],[150.97110199335816,-33.408887868221491],[150.97108168155125,-33.408880445910157],[150.97104950030456,-33.408857588066766],[150.97093737887897,-33.408730864229909],[150.97088722593671,-33.408647642370802],[150.9708543368175,-33.408575142253717],[150.97077802673073,-33.408330407231524],[150.97044243320858,-33.40740146160811],[150.97041810503407,-33.407342845474822],[150.97039616098832,-33.407309454973237],[150.97038246437515,-33.407294386611859],[150.97033886284626,-33.407271591342216],[150.97030423548694,-33.407263658215001],[150.97025683408435,-33.407270120800398],[150.9702006381751,-33.407302301738788],[150.97014445214739,-33.407340667784908],[150.97009081194511,-33.407383981607303],[150.96951622972645,-33.40797864311012],[150.96888625918402,-33.40878060533759],[150.9684393958392,-33.409367378335581],[150.96806392161002,-33.409862781579278],[150.96769414808958,-33.410428140078444],[150.96734763734179,-33.410878113601441],[150.96716855459661,-33.41107696196346],[150.96606068750958,-33.412105542427554],[150.96596767684338,-33.412208843490973],[150.96594730215443,-33.412243023201967],[150.96590209623434,-33.412342263663916],[150.96581831935097,-33.412630679511437],[150.96573220235621,-33.412981610462296],[150.96570916506079,-33.413041534267691],[150.96569069030869,-33.413077775721192],[150.96563787386154,-33.41314202080639],[150.96557648030006,-33.413177715582542],[150.96548796031198,-33.413210550444532],[150.96536661498507,-33.413220545095434],[150.96481838754025,-33.413191994838606],[150.96467561829209,-33.413196280189638],[150.9645242791162,-33.413213410344007],[150.96443042583024,-33.413230790942379],[150.96436261380612,-33.413252206438216],[150.96430312018148,-33.413274804429633],[150.96417651252361,-33.413330784616221],[150.9640653504988,-33.413382336205466],[150.96399010671232,-33.41342090802182],[150.96394909592462,-33.41344673328301],[150.96392367450036,-33.413468417168424],[150.96388442081741,-33.413511982130956],[150.96386682461764,-33.413537009535581],[150.9638350835454,-33.413600170013616],[150.96374850032501,-33.413830777502916],[150.96371709073111,-33.413896653675607],[150.96367276336341,-33.413972138947024],[150.96366199795307,-33.413986328841993],[150.96363582284232,-33.41402205926326],[150.96360518400292,-33.414053532105171],[150.96357619447036,-33.414073118550348],[150.96350481433794,-33.414104052992343],[150.96344532969641,-33.41411356389699],[150.96336085302542,-33.414108812943816],[150.96327876138153,-33.414099293040643],[150.96301741631251,-33.414033300047294],[150.96254427904225,-33.41392747195583],[150.96247929940623,-33.413919036296271],[150.96235437788616,-33.413916723800682],[150.96228655598054,-33.413923034424108],[150.96199864233873,-33.413990963577341],[150.9607922516245,-33.414358594554891],[150.96030338305701,-33.414542795248188]]},"properties":{"roadnamebase":"RIVER","roadnametype":"ROAD","functionhierarchy":4,"surface":1}},{"type":"Feature","geometry":{"type":"LineString","coordinates":[[150.95698213897509,-33.411440325837191],[150.95778973070375,-33.411265089131732],[150.95817448273317,-33.411112710078555],[150.95844876264394,-33.410853668823982],[150.95858209239503,-33.41077748421894],[150.95868875475858,-33.410739387392226],[150.95880844179544,-33.41069964084744],[150.95886213679498,-33.410679418506334],[150.95898208344494,-33.41063653449995],[150.95909636531874,-33.410567969086877],[150.95929065025345,-33.41056034970449],[150.95953826277668,-33.410518443464326],[150.95980111342209,-33.41041940038302],[150.96033443422309,-33.410084165098787],[150.96056079260669,-33.409770704063881]]},"properties":{"roadnamebase":null,"roadnametype":null,"functionhierarchy":8,"surface":2}},{"type":"Feature","geometry":{"type":"LineString","coordinates":[[150.96328058945309,-33.408115890452954],[150.96345069892686,-33.408222561748019],[150.96368911449824,-33.408413342189],[150.96379417157237,-33.408485089558233],[150.96391461229578,-33.40855940146713],[150.9640477453159,-33.408612835843172],[150.96434440765026,-33.408578602211882]]},"properties":{"roadnamebase":null,"roadnametype":null,"functionhierarchy":8,"surface":2}},{"type":"Feature","geometry":{"type":"LineString","coordinates":[[150.97322103377346,-33.389186717098085],[150.97316307267465,-33.389178363041808],[150.97307111124073,-33.389145115569917],[150.97292462206906,-33.388969313360029],[150.97278463131011,-33.388874905040709],[150.97252419174293,-33.388734923361447],[150.9723949133938,-33.388642576687701],[150.97220169475932,-33.388477935045948],[150.97190426077208,-33.388289960302238],[150.97151879188704,-33.388190021063899],[150.97104051894831,-33.388071051202211],[150.97075971277704,-33.388054521388611],[150.97058717425872,-33.388083824715167],[150.97048935041926,-33.388121796465249],[150.97042766041375,-33.388321468718097],[150.97040401316218,-33.388601458684583],[150.9703006943281,-33.388881422247501],[150.9701926431691,-33.389501451720996],[150.97011846568282,-33.390450907276154],[150.97013156222138,-33.391277969097629],[150.96985351747122,-33.391570391779055],[150.96883242135243,-33.39226071679343],[150.96816606634604,-33.39284557181054],[150.96793596108932,-33.393257843162694],[150.96763394659249,-33.393986516217787],[150.9673223407834,-33.394072803151992],[150.96683336441805,-33.394044038100091],[150.96641629729291,-33.393828310782489],[150.96556778460814,-33.393066085172322]]},"properties":{"roadnamebase":null,"roadnametype":null,"functionhierarchy":8,"surface":2}},{"type":"Feature","geometry":{"type":"LineString","coordinates":[[150.97344733825818,-33.390214526913375],[150.97331126505216,-33.389746311782829],[150.97323889856952,-33.389356486228856],[150.97322103377346,-33.389186717098085]]},"properties":{"roadnamebase":"CHASELING","roadnametype":"ROAD","functionhierarchy":6,"surface":1}},{"type":"Feature","geometry":{"type":"LineString","coordinates":[[150.97820906683074,-33.386682943191829],[150.97821191808347,-33.386737192847036],[150.978240477323,-33.386773362765361],[150.97831280697474,-33.38680953266865],[150.97838133675279,-33.386848552823217],[150.97842416662894,-33.386877111736936],[150.97845177545085,-33.38692945234439],[150.97845367628599,-33.387002742343128],[150.97843232422997,-33.387076058532486],[150.97836485176899,-33.387253634728246],[150.97827220042896,-33.387880808893854],[150.97818243537586,-33.3885048268004],[150.97813167247747,-33.388844857928383],[150.97813062324522,-33.388857694332074],[150.97808084669697,-33.3894658822257],[150.97802026790751,-33.389930933683239]]},"properties":{"roadnamebase":null,"roadnametype":null,"functionhierarchy":8,"surface":2}},{"type":"Feature","geometry":{"type":"LineString","coordinates":[[150.97343384735925,-33.387967481419807],[150.97355135598153,-33.387713379326769],[150.97358316083418,-33.387662087779439],[150.97370899683912,-33.387482799270444],[150.9741067555756,-33.387010774078988],[150.9745628607881,-33.38657058840738],[150.9747379002161,-33.3864192499016],[150.97482666185104,-33.386358223126862],[150.9749698793585,-33.386285874678897],[150.97518663744665,-33.386241547489035]]},"properties":{"roadnamebase":"CHASELING","roadnametype":"ROAD","functionhierarchy":6,"surface":1}},{"type":"Feature","geometry":{"type":"LineString","coordinates":[[150.97853267592873,-33.386795252826829],[150.97820906683074,-33.386682943191829]]},"properties":{"roadnamebase":null,"roadnametype":null,"functionhierarchy":3,"surface":1}},{"type":"Feature","geometry":{"type":"LineString","coordinates":[[150.97820906683074,-33.386682943191829],[150.97798729793999,-33.386605853057937],[150.97785286505766,-33.386553610515151],[150.97774315560869,-33.386483207919774],[150.97764597675956,-33.386410465036981],[150.97751786352529,-33.386286125954015],[150.97746392777731,-33.386198314636999],[150.97743083204563,-33.386123985104419]]},"properties":{"roadnamebase":null,"roadnametype":null,"functionhierarchy":3,"surface":1}},{"type":"Feature","geometry":{"type":"LineString","coordinates":[[150.97518663744665,-33.386241547489035],[150.97534133722002,-33.386243681453294],[150.97555769196461,-33.386284100001575],[150.97608100912666,-33.386397046214569],[150.97632087637547,-33.386424377405859],[150.97655625294621,-33.386412481985552],[150.97671026281355,-33.386372655305522],[150.97687246621445,-33.386288850976193],[150.97696281427417,-33.386243681453294],[150.97704840216116,-33.386210397605502],[150.97718391930997,-33.386162844300351],[150.97729141531019,-33.386140012734039],[150.97743083204563,-33.386123985104419]]},"properties":{"roadnamebase":"WEBBS CREEK","roadnametype":"ROAD","functionhierarchy":6,"surface":1}},{"type":"Feature","geometry":{"type":"LineString","coordinates":[[150.97743083204563,-33.386123985104419],[150.97741337059313,-33.386077748886756],[150.97738909631749,-33.385976384208078],[150.97738269582112,-33.385906823483118],[150.97737816022723,-33.385808255650005],[150.97739243984702,-33.385711175863655],[150.97743431032239,-33.385576017362084],[150.97748856946387,-33.385444667567882],[150.9776084891644,-33.385241938866379],[150.97781312808107,-33.384873599614494],[150.97803823151827,-33.384461184985149],[150.97814358503646,-33.384187926521228],[150.97818717668395,-33.38400652308183],[150.9782128765859,-33.383871373181705],[150.97822619770326,-33.383757153773843],[150.97823571715031,-33.383557284263453],[150.97823285781274,-33.383395484120825],[150.97821763675859,-33.383232725047655],[150.97819573762854,-33.383085195753367],[150.97816433701783,-33.382942426367492],[150.97807962768317,-33.382614067066868],[150.97802822787926,-33.382438937998991],[150.97797777849286,-33.382259998771481],[150.97791881307768,-33.382049273957378],[150.97791634810048,-33.382042828249155],[150.97785565342832,-33.381792733200115],[150.97781198093244,-33.381527785136555]]},"properties":{"roadnamebase":"ST ALBANS","roadnametype":"ROAD","functionhierarchy":3,"surface":1}},{"type":"Feature","geometry":{"type":"LineString","coordinates":[[150.98707905979393,-33.384151631761881],[150.98680069254863,-33.384021295443667],[150.98638736331338,-33.384009938262494],[150.986112132985,-33.384030178812097],[150.98604020577855,-33.384039044177321],[150.98536688523546,-33.384151147951656],[150.98459471048523,-33.383998356801534],[150.98408227551457,-33.383973069606256]]},"properties":{"roadnamebase":null,"roadnametype":null,"functionhierarchy":8,"surface":2}},{"type":"Feature","geometry":{"type":"LineString","coordinates":[[150.97781198093244,-33.381527785136555],[150.97780455815328,-33.381248252465006],[150.97781407849865,-33.381067412983732],[150.97783120847279,-33.380896093668142],[150.97790069765156,-33.380561244065809],[150.97792966921784,-33.380405503864473],[150.97799586786775,-33.380013786608913],[150.97801696929378,-33.379723013600774],[150.97799974948808,-33.379551882170318]]},"properties":{"roadnamebase":"ST ALBANS","roadnametype":"ROAD","functionhierarchy":3,"surface":1}},{"type":"Feature","geometry":{"type":"LineString","coordinates":[[150.97781198093244,-33.381527785136555],[150.97919149227323,-33.381496707075598]]},"properties":{"roadnamebase":null,"roadnametype":null,"functionhierarchy":8,"surface":2}},{"type":"Feature","geometry":{"type":"LineString","coordinates":[[150.97799974948808,-33.379551882170318],[150.9787874138888,-33.379559071444973],[150.97949462696923,-33.379668431761388]]},"properties":{"roadnamebase":null,"roadnametype":null,"functionhierarchy":8,"surface":2}},{"type":"Feature","geometry":{"type":"LineString","coordinates":[[150.97799974948808,-33.379551882170318],[150.97792067798017,-33.379206679266225],[150.97780404791021,-33.378921956426829],[150.97775125841252,-33.378821201520687],[150.97763703942076,-33.378647030995374],[150.97753329927681,-33.378522341746162],[150.97733057017848,-33.378297722712979],[150.9770969776618,-33.37807272652644],[150.9753253723608,-33.376371964359969]]},"properties":{"roadnamebase":"ST ALBANS","roadnametype":"ROAD","functionhierarchy":3,"surface":1}},{"type":"Feature","geometry":{"type":"LineString","coordinates":[[150.96572375819255,-33.363015974939266],[150.96467532184803,-33.36327063237372]]},"properties":{"roadnamebase":"SETTLERS","roadnametype":"ROAD","functionhierarchy":6,"surface":1}},{"type":"Feature","geometry":{"type":"LineString","coordinates":[[150.96467532184803,-33.36327063237372],[150.96454125727507,-33.363274101638062],[150.96441320602457,-33.363262188045695],[150.96429706912969,-33.363244323281187],[150.96416604265897,-33.3632085839876],[150.96404991384892,-33.363169877344454],[150.96385634576984,-33.363089470409292],[150.96358834059131,-33.362940578957392],[150.96312677631687,-33.362651732610601],[150.9629376099827,-33.362509043725026],[150.96290970471671,-33.3624875482001],[150.96240613521954,-33.362059132652398],[150.96208154965291,-33.361722642432454],[150.96170742020172,-33.361296925665194],[150.9612854860043,-33.36090026045008],[150.96116548455706,-33.360789985186784],[150.96077947758118,-33.360400383969605],[150.96071771571044,-33.360338039419716],[150.96052209498092,-33.360170009857377],[150.96044374122692,-33.360102690648574],[150.96022338808098,-33.35994188529142],[150.95995238971591,-33.359766200366572],[150.95963674058976,-33.359560727966603],[150.95931513114155,-33.359382058301534],[150.95904712596311,-33.359256983540376],[150.958796986479,-33.359191474870293],[150.95826097612198,-33.35906044837855],[150.95812101231249,-33.359039598018605],[150.95794830311431,-33.35902470886721],[150.95712039957877,-33.359004728108268],[150.95706290470565,-33.35900097205522],[150.95587571458231,-33.3590098197133],[150.95536784305332,-33.359022969648514],[150.95328196933664,-33.359018371748292],[150.95235880485515,-33.358907523113629],[150.95145881241638,-33.358796431986988],[150.95017239169186,-33.358550998577002],[150.94980549637361,-33.358454751978115],[150.94971538996074,-33.358422948371896],[150.94956196220178,-33.358346243611209],[150.94946608411323,-33.358282312171148],[150.94932146792888,-33.358137418440613]]},"properties":{"roadnamebase":"SETTLERS","roadnametype":"ROAD","functionhierarchy":6,"surface":1}},{"type":"Feature","geometry":{"type":"LineString","coordinates":[[150.96709111442925,-33.359433636638279],[150.96718828429519,-33.359426160583745],[150.96719823403532,-33.359425399022548],[150.96721625154498,-33.359418523212618],[150.96728529246445,-33.359392232463456],[150.96734442766132,-33.359368576034541],[150.96738893379367,-33.35935077349648],[150.96749879685464,-33.359315536060123],[150.967583918516,-33.359296613301829],[150.96759207611711,-33.359294811812987],[150.96765841849748,-33.359287452044263],[150.96783655890991,-33.359303650437532],[150.9680976802984,-33.359344140029911],[150.96832034480954,-33.359382595521318],[150.96864219680279,-33.35944130101911],[150.96903712315117,-33.359540433702982],[150.96905384978172,-33.359544628661531],[150.96952014727938,-33.359678263983099],[150.96972513564072,-33.35973903936992],[150.96977894652287,-33.359754986327388],[150.96991990476741,-33.359802665867051],[150.97017278770639,-33.359904227618699],[150.97044641274528,-33.360028602919066],[150.97055462649934,-33.360072822670915],[150.97063918312043,-33.360107369523966],[150.97070966673425,-33.360132244240084],[150.97077807164652,-33.360144686472395],[150.9708609789607,-33.360144686472395],[150.97096047905654,-33.360132244240084],[150.97110972964941,-33.360092865459585],[150.97141890641396,-33.359943965128949],[150.9714421943394,-33.359935476210289],[150.9715844084287,-33.359873149334618],[150.97168805874111,-33.359835823266089],[150.97178547923701,-33.359813028305901],[150.9718974120164,-33.359802665867051],[150.97210262495653,-33.359808877628204],[150.97225403509933,-33.359817259265867],[150.97248140678261,-33.359829844851141],[150.97255506414433,-33.359837966131579],[150.97281074353882,-33.359874619927965],[150.97303956689953,-33.359920810802294],[150.97325514190644,-33.359956048743847],[150.97341682518288,-33.359968490251063],[150.97364276225662,-33.359972631917543],[150.97393962222037,-33.35996060232668],[150.97421280798312,-33.359927032308939],[150.97436581443222,-33.359908126940518],[150.97441633568377,-33.35990185216103],[150.97458131757389,-33.359884946343726],[150.974921392791,-33.359868748058645],[150.97535054315506,-33.359876843074929],[150.97569062825363,-33.359876843074929],[150.97580268679712,-33.359866919570763],[150.97593950380815,-33.359825461580243],[150.97606387016936,-33.359765348771937],[150.97614614147633,-33.359697150643825],[150.97618779725434,-33.35966263063888],[150.97622141221231,-33.359634761322162],[150.97643698721927,-33.359456494723602],[150.97648516835949,-33.35941108317153],[150.97654477876509,-33.35935492419604],[150.97673604356385,-33.359155753420225],[150.97679559108744,-33.359093740365793],[150.97690131201657,-33.358996320131489],[150.97693456854674,-33.358971686690701],[150.97701324569422,-33.358913412304958],[150.97725338153933,-33.358759437845045],[150.97767639191844,-33.358480254429722],[150.97807928632335,-33.358225023240301],[150.97844366366388,-33.357990202981981],[150.97853057836249,-33.357949515425695],[150.97861763679168,-33.357922569954091],[150.97871506627075,-33.357903915507386],[150.97880005318481,-33.357901844624955],[150.97881790091287,-33.357903835223162],[150.9789262125833,-33.357915927374847],[150.9790752385974,-33.35794162731834],[150.97930195540877,-33.357990202981981],[150.97940947835843,-33.357999265334044],[150.97950689885431,-33.357993053443714],[150.97961676191528,-33.357964028100788],[150.97965210613015,-33.357943563142342],[150.97966456666143,-33.357936356324451],[150.97969552799606,-33.357918437193902],[150.97977714532948,-33.357842243707005],[150.9797888072585,-33.357831379069154],[150.97985307003896,-33.357758815558924],[150.97988278541027,-33.357710741731118],[150.97992354466962,-33.357644811716924],[150.98005206124745,-33.357358753255369],[150.98014568097142,-33.357121512357665],[150.98016696206054,-33.357067576624125],[150.98024634708051,-33.356852763763371],[150.98029459110282,-33.356745186809363],[150.98032356266901,-33.356696897827256],[150.98033189903487,-33.356683003963326],[150.98037542780028,-33.356633253302611],[150.98038942984059,-33.356622245951009],[150.98043346974742,-33.356587645191347],[150.98049565292803,-33.356562770212463],[150.98056613654182,-33.356554478301121],[150.98065319497098,-33.356558628383702],[150.98076927796691,-33.356585574277588],[150.98094753605864,-33.356635324215247],[150.98119420714747,-33.356720311875463],[150.9814284446544,-33.356815661498189],[150.98168010857961,-33.356923758342511],[150.98170682088289,-33.356937571882902],[150.98184509046973,-33.356993928253765],[150.98188572396498,-33.357004666941116],[150.98192007374479,-33.357013738399694],[150.98195495263235,-33.357022953920193],[150.98206066547664,-33.35703952789855],[150.98206608860599,-33.357039133976748],[150.98211374063854,-33.357035646455998],[150.98214565239073,-33.357033315939724],[150.98223685205329,-33.35700844108819],[150.98225509414183,-33.356997092385008],[150.98230510425196,-33.356965978547692],[150.98233014029896,-33.356950399490223],[150.98235568748734,-33.35692984500438],[150.98242549017812,-33.356873703185997],[150.98256858192147,-33.356720634517345],[150.9827613073808,-33.35649022440284],[150.9828048280614,-33.356421820368212],[150.98283177392665,-33.356349265437139],[150.98284006537673,-33.356268428261295],[150.98283177392665,-33.356183440910151],[150.98280428997052,-33.3560607956409],[150.98279531669917,-33.356025836747797],[150.98251171497074,-33.355203373169822]]},"properties":{"roadnamebase":"SETTLERS","roadnametype":"ROAD","functionhierarchy":6,"surface":2}},{"type":"Feature","geometry":{"type":"LineString","coordinates":[[150.96650138302167,-33.359203226953326],[150.96641757020566,-33.359151827053516],[150.96629611708087,-33.359107293954743],[150.9661949047962,-33.35907490759638],[150.96610583863236,-33.359054666491481],[150.96600260064668,-33.359030374458222],[150.96597072482712,-33.359024458263647],[150.96580624509525,-33.358993944649086],[150.96579846388823,-33.358993335397095],[150.96562609604985,-33.358979772786668],[150.96547023026324,-33.358965600171651],[150.96530423507343,-33.358933213760565],[150.96513824886682,-33.358904878267126],[150.9649459447173,-33.358868440151987],[150.96471721118809,-33.358811760860192],[150.96448037395666,-33.358738883786408],[150.96427390607013,-33.358663989809877],[150.964201378789,-33.358634211376078],[150.96385488510924,-33.358491934578588],[150.96366663236162,-33.358419057987305],[150.96340550288829,-33.358327965913986],[150.96313020967793,-33.358226753471136],[150.96257557275348,-33.358056724735775],[150.96214238805555,-33.357896806978133],[150.96163430093083,-33.357680210398549],[150.96064848704307,-33.357297637059439],[150.96024587920076,-33.35713707412701],[150.95975986098759,-33.356945415061617],[150.95911007989824,-33.356700483654826],[150.95866677567852,-33.35653652362047],[150.95786720680368,-33.356230860539817],[150.9574967703266,-33.356072960080837],[150.95709590970748,-33.355937576941628]]},"properties":{"roadnamebase":"SETTLERS","roadnametype":"ROAD","functionhierarchy":6,"surface":1}},{"type":"Feature","geometry":{"type":"LineString","coordinates":[[150.98251171497074,-33.355203373169822],[150.9824193681595,-33.354945676490999],[150.98234672409743,-33.354782182868014],[150.98219333227107,-33.354475399357874],[150.98205710635148,-33.354221934006866],[150.98186066096855,-33.353755394986344],[150.9816015571962,-33.353261461587572],[150.98157236105115,-33.353196355850514],[150.98149629261118,-33.353026650448847],[150.98148855721826,-33.352966349105962],[150.98149451843852,-33.352908719763199],[150.9814947780516,-33.352906236812757],[150.98151758268341,-33.352848204485085],[150.98153394190308,-33.352829882112189],[150.98154377486216,-33.3528188562709],[150.98156940289888,-33.352790162364009],[150.98162813475221,-33.352754351244442],[150.9816543907113,-33.352738341474449],[150.98181813562127,-33.352653354428334],[150.98184423886681,-33.352636976960831],[150.98192385655048,-33.352587020638424],[150.98199425123104,-33.352520597504423],[150.98205499081899,-33.352459848592488],[150.98223313212972,-33.352233122764559],[150.98244366040143,-33.351844462478375],[150.98267729693546,-33.351416136360008],[150.98271683718102,-33.351353380171389],[150.98275507756435,-33.351281112161715],[150.98275945235972,-33.351253987536765],[150.98276544052945,-33.35121686712715],[150.98275507756435,-33.351158816414582],[150.98271361941562,-33.35110077466787],[150.98262656098652,-33.351015787523814],[150.98244572203495,-33.350886266743579],[150.98233030199569,-33.350791831343187],[150.98226102841258,-33.350747074105257],[150.98180398176569,-33.350451746744049],[150.98165257970768,-33.350336541720232],[150.98161914441283,-33.3502654127021],[150.98160879132917,-33.350199079343781],[150.98161914441283,-33.3501327459349],[150.98166059357831,-33.350066412475471],[150.98173920784379,-33.349965916801708],[150.98216835820787,-33.349617738259234],[150.98275134865759,-33.349229078302884],[150.98293878573489,-33.34908371776374],[150.98314811206066,-33.348921380748955],[150.98318112694398,-33.348883866136433],[150.98350438569898,-33.348516522538894],[150.9838606593373,-33.348022597685741],[150.98398909506676,-33.347813226215081],[150.9842250357795,-33.347455797017261],[150.98440316810704,-33.347123815850019],[150.98443403152527,-33.346988002312983],[150.98448413955182,-33.346767542463908],[150.9845034030248,-33.346693724039447],[150.98458131840098,-33.346395071329951],[150.98473515848661,-33.346014505299635],[150.98490559045561,-33.345662221137616]]},"properties":{"roadnamebase":"SETTLERS","roadnametype":"ROAD","functionhierarchy":6,"surface":2}},{"type":"Feature","geometry":{"type":"LineString","coordinates":[[150.9753253723608,-33.376371964359969],[150.9754152721612,-33.37633295300671],[150.97616985160991,-33.375750061111916],[150.97635743151938,-33.375605920380323],[150.97655440601005,-33.375449256849386],[150.97715682162945,-33.374980611122979],[150.97755743072031,-33.374700468518903],[150.97763371385759,-33.37465431324722],[150.97803247691053,-33.374412975525281],[150.9781709701779,-33.374308464504182],[150.97862922685545,-33.373924116576546],[150.97901387108706,-33.373590315893871],[150.97942773841316,-33.373386869383744],[150.97956143557525,-33.373299138813685],[150.97962329626063,-33.37324054094011],[150.97967595101102,-33.373204550688904],[150.97982510278922,-33.373102612113129],[150.98009766152791,-33.372846807157266]]},"properties":{"roadnamebase":null,"roadnametype":null,"functionhierarchy":8,"surface":2}},{"type":"Feature","geometry":{"type":"LineString","coordinates":[[150.98487518427984,-33.375221069570557],[150.98479905295784,-33.375185088390722],[150.98475911925019,-33.375160777605579],[150.98473187694088,-33.375140169658167],[150.98457238106218,-33.375002698447915],[150.9845408996031,-33.374968339050831],[150.98448577089243,-33.374902902223475],[150.98445866422867,-33.374863729674153],[150.98438711341632,-33.374742841386286],[150.98434029502033,-33.374667328787261],[150.98431234483857,-33.374614611712126],[150.98417927470061,-33.374295144338021],[150.98416217167593,-33.374251722502635],[150.98415150418194,-33.37421559763758],[150.98412777698033,-33.37412217553878],[150.98411089763613,-33.374031666291138],[150.98410145813912,-33.373896659926643],[150.98409766635029,-33.373799203003067],[150.98410495438222,-33.373571706066201],[150.9841071597462,-33.373538646924473],[150.98412595699355,-33.373344424588019],[150.9841417691392,-33.37304100284782],[150.98412987454648,-33.372917264304469],[150.98409417998869,-33.37282922868318],[150.98397219775623,-33.372586412517997],[150.98392203583077,-33.372523045933555],[150.98362428833155,-33.37213936979505],[150.98330954470714,-33.371687612012906],[150.98320679989649,-33.371406761864037],[150.98316993034231,-33.37125929502988],[150.98312459955645,-33.370940114665039]]},"properties":{"roadnamebase":"SETTLERS","roadnametype":"ROAD","functionhierarchy":6,"surface":1}},{"type":"Feature","geometry":{"type":"LineString","coordinates":[[150.98444908189956,-33.375865086962214],[150.98409685068,-33.375457611474673],[150.98383441236135,-33.375222790461393],[150.98378606952437,-33.375112291795887],[150.983744629342,-33.374974156638892],[150.98362721953436,-33.374690993809708],[150.98349599543423,-33.374421643824199],[150.98346836864602,-33.374152294504903],[150.98345030622056,-33.373911450509951],[150.98344765259722,-33.373876042677544],[150.98344074185775,-33.37361359486443],[150.98346836864602,-33.373337333824274],[150.98346836864602,-33.373026552702456],[150.98346146599138,-33.372805545899801],[150.98339239902077,-33.372529285293986],[150.9832404597702,-33.372273748722563],[150.98307470622726,-33.372101084984926],[150.9828951401885,-33.371983683530225],[150.98282207481654,-33.371837562031715],[150.98279154287664,-33.371776489763882],[150.98282535546392,-33.371517682349513],[150.98284051363606,-33.371401616219543],[150.98291270045561,-33.371184015721241],[150.98297769805802,-33.371078124192259],[150.98312459955645,-33.370940114665039]]},"properties":{"roadnamebase":null,"roadnametype":null,"functionhierarchy":8,"surface":2}},{"type":"Feature","geometry":{"type":"LineString","coordinates":[[150.97245021188604,-33.385089344655292],[150.97142951102589,-33.384899092821733],[150.97131717400467,-33.384886651129406],[150.9710758640615,-33.384869807924019],[150.97086674255155,-33.384841481628108],[150.97012921402523,-33.384690617918906],[150.96962643324889,-33.384504973767811],[150.96926133905282,-33.384376519958664],[150.96915663052496,-33.38435592994702],[150.96882198742043,-33.384342546811908],[150.96848937899992,-33.384373481338322],[150.96796339923139,-33.384489502403873],[150.96736779733337,-33.384613267987689],[150.96664070184079,-33.3848298462716],[150.96616886443272,-33.384961356763057],[150.96586048537208,-33.385053390060975],[150.96565584735373,-33.38516284022829],[150.96550355776026,-33.385298474174995],[150.96534889391947,-33.38549596867437],[150.965165678924,-33.38580767358863],[150.96508953861886,-33.385952827267545],[150.96503956444127,-33.386124146370832],[150.96503480426858,-33.386316881271114],[150.96505621920667,-33.386526270363596],[150.96511095355689,-33.38693792362762],[150.965141887942,-33.387106858574242],[150.96519898845474,-33.387263907639621],[150.9652822730614,-33.387470921996524],[150.96544216330042,-33.387843733361997],[150.9655165734504,-33.388122423514659],[150.96552638934148,-33.388346084097535],[150.96551617010687,-33.388418450332459],[150.96548012610438,-33.388516605675768],[150.96542616340693,-33.388602229741082],[150.96530043430144,-33.388734816103756],[150.9652904755782,-33.388742148629483],[150.96520480684282,-33.388795654446938],[150.96503433894128,-33.388870943262766],[150.9644827670686,-33.389046081126281],[150.96385608615674,-33.389207890254355],[150.96310579167186,-33.389401261109249],[150.96240963146266,-33.389586905305755],[150.9621556642571,-33.389667159489441],[150.96205436214083,-33.389710823392591],[150.96198328653722,-33.389755400828648],[150.96190106014603,-33.389824208429786],[150.96175829089793,-33.389976488312534],[150.96143944197263,-33.390380996862788],[150.96087329493452,-33.391125993758209],[150.96079783645067,-33.391181937964781],[150.96075879836334,-33.391204795958117],[150.96067063770138,-33.391250350669885],[150.96060949387154,-33.391273729167381],[150.96050715240449,-33.391287004731019],[150.96035041704863,-33.391290742139326],[150.96015099554714,-33.391273146392564],[150.95906822738914,-33.391079121172318],[150.95869851675076,-33.391001286402663],[150.95854814595876,-33.390959093215578],[150.9584562114743,-33.390924662119701],[150.95836199077741,-33.390877547913838],[150.95826523413641,-33.390806741550691],[150.95821097499493,-33.390756453127054],[150.95805958192008,-33.390600587930436],[150.95797368950423,-33.390470619048898],[150.95796045013358,-33.390445260232312],[150.95789797050895,-33.390312673478299],[150.95784650872122,-33.390129136199022],[150.95781780575132,-33.38998477103803],[150.95779286851902,-33.389827068349064],[150.9577686652103,-33.389526675804426],[150.95776008719767,-33.389180514185085]]},"properties":{"roadnamebase":"WEBBS CREEK","roadnametype":"ROAD","functionhierarchy":6,"surface":2}},{"type":"Feature","geometry":{"type":"LineString","coordinates":[[150.98312459955645,-33.370940114665039],[150.98303536361101,-33.370590340307622],[150.98295746620119,-33.3704597623517],[150.98290547530584,-33.370355788984284],[150.98282749794586,-33.370277811127814],[150.98273392313769,-33.370210222910195],[150.98262994943175,-33.370158240594201],[150.98248438372818,-33.370116647967087],[150.98233361857569,-33.370085462298725],[150.98219845985469,-33.370090652283707],[150.98208450047611,-33.37010964696595],[150.98198010546028,-33.370127045938183],[150.98173577448281,-33.370194643222952],[150.98156421333152,-33.370215421890322],[150.98125229311205,-33.370272612151425],[150.98105474549621,-33.370293408805267],[150.98094371732034,-33.370303717479921],[150.9808117583984,-33.370269107155892],[150.98058690648949,-33.370165600193722],[150.98045840787805,-33.370029974903005],[150.98033783330564,-33.369828455625338],[150.98019695501122,-33.369456414769694],[150.98015017254784,-33.36935764073489],[150.98009818075417,-33.369284862519869],[150.98002540284304,-33.369217273530822],[150.97992662858601,-33.369118499974704],[150.9798070574318,-33.369035322709067],[150.97963029683169,-33.368946947058518],[150.97940155431931,-33.36886376137636],[150.97909483354869,-33.368764987418885],[150.97880461572814,-33.36869305121261],[150.97753162302052,-33.368350654581718],[150.97747284625149,-33.368323098642712],[150.97736133478199,-33.368248760583221],[150.97717402346882,-33.36802408725967],[150.97680920685218,-33.367513776897169],[150.97671055835923,-33.367418696327618],[150.97649521691432,-33.367278301987469],[150.9763691114147,-33.367221202037371],[150.97629534715344,-33.367198594321017],[150.97622395803785,-33.367190267411594],[150.97609546840948,-33.367185507140896],[150.97593922622877,-33.367194981917386],[150.97567668909539,-33.367269975085648],[150.97540661330015,-33.367342556173121],[150.97526742024516,-33.36737467387016],[150.97512941116977,-33.367378242002275],[150.97502709665216,-33.367359211462485],[150.97479094034381,-33.367248281923494],[150.97475923430585,-33.367231510325801],[150.97456174058888,-33.36710094083265],[150.97423590816061,-33.366835114492375],[150.97410590397274,-33.366738446416051],[150.97387015100787,-33.366545147453429],[150.97368299240827,-33.366404780213031],[150.97349584279192,-33.366295608036985],[150.97329309482888,-33.366191634944499],[150.97305395431709,-33.36609806018042],[150.97279401690818,-33.366014883028029],[150.97245089370733,-33.365931706546355],[150.97224308104279,-33.36588521951262],[150.9708398335172,-33.365577584589843],[150.97015573768229,-33.365411024390788],[150.96973041503966,-33.3652266175215],[150.96924718519716,-33.365007197206133],[150.96830928385342,-33.364319445303394],[150.96779865090326,-33.363932066425669],[150.96732418682132,-33.363452135334732],[150.96711717275906,-33.363191579026193],[150.96686662993133,-33.362989845085693],[150.96672523151236,-33.36292700720854],[150.96657601775036,-33.362892191375245],[150.96656812964386,-33.36289035319728]]},"properties":{"roadnamebase":"SETTLERS","roadnametype":"ROAD","functionhierarchy":6,"surface":1}},{"type":"Feature","geometry":{"type":"LineString","coordinates":[[151.00309008075081,-33.410742596809598],[151.00310038083387,-33.410737818676907],[151.00321899168904,-33.410682762151694],[151.00327539331244,-33.410656587381638],[151.00334014028485,-33.410651056380104],[151.00351055428757,-33.410636507504805],[151.00383199395409,-33.410576072881589],[151.00408150641414,-33.410550265513486],[151.00429492995596,-33.410547737716769],[151.00447991912412,-33.410544743503586],[151.00449145618731,-33.410545272158814],[151.00467885643366,-33.410553913609171],[151.00476000754151,-33.410577238172273],[151.00487669151036,-33.410610781140086],[151.00504637069113,-33.41065526012126],[151.00522175147896,-33.410708864926946],[151.00529357088766,-33.410730817947211],[151.00532795660007,-33.410745931454144],[151.00540623938721,-33.41078034419855],[151.00547812077963,-33.41077848828624],[151.00552034159796,-33.410777394985196],[151.00554856935912,-33.410776668367383],[151.00566286021612,-33.410754644121617],[151.00582214049913,-33.410631945327374],[151.00583261036377,-33.410611731219042],[151.00587422122604,-33.410531386896942],[151.00599644510527,-33.410473704209508],[151.00615449828965,-33.410404672250792],[151.00633427992409,-33.410318080590976],[151.00637513799813,-33.410292309139884],[151.00650025714754,-33.410213390022221],[151.00670054821825,-33.41016292311204],[151.00691506500979,-33.41011268863204],[151.00707994808522,-33.410055686548347],[151.00730211133646,-33.409981716360718],[151.00749611869173,-33.409895356739305],[151.00764075284241,-33.409790316970508],[151.00777036356823,-33.409720819547587],[151.00791527439992,-33.409603857326644],[151.00806784157285,-33.40946314941251],[151.00811309151038,-33.409350544373495],[151.00813139648088,-33.409171892259593],[151.00811319930816,-33.409034411873208],[151.00807584646037,-33.408801186563679],[151.00804466054694,-33.408609814567512],[151.00805544482196,-33.408448938424058],[151.00810218236953,-33.408270743385586],[151.00817012105617,-33.408098850029489],[151.00817474648156,-33.407896129924801],[151.00814889386601,-33.407782377023352],[151.00808858457108,-33.407620361763122],[151.0080631442822,-33.407488725828941],[151.0080595770722,-33.407333585792905],[151.00806270500604,-33.407196445948792],[151.0080528450975,-33.407005414619597],[151.00806335987792,-33.406856460374314],[151.00811597869566,-33.406732049304715],[151.00818953634436,-33.406659064653837],[151.00820745593765,-33.406641280044518]]},"properties":{"roadnamebase":"SIMPSONS HILL","roadnametype":"TRAIL","functionhierarchy":8,"surface":2}},{"type":"Feature","geometry":{"type":"LineString","coordinates":[[151.00345875203834,-33.403334064571709],[151.00349602403784,-33.403447270601767],[151.00356949275331,-33.403600608007729],[151.00363281409938,-33.403716889131005],[151.00370237424511,-33.403800998374024],[151.00371199340515,-33.403861092746105],[151.003709779058,-33.403957886038548],[151.00365931170532,-33.404029615339837],[151.00353081309385,-33.404062934359708],[151.00335949358939,-33.404048655102699],[151.00320245370466,-33.403986785794551],[151.00308823471292,-33.403939195719715],[151.00298354415139,-33.403853535768967]]},"properties":{"roadnamebase":null,"roadnametype":null,"functionhierarchy":8,"surface":2}},{"type":"Feature","geometry":{"type":"LineString","coordinates":[[151.00345875203834,-33.403334064571709],[151.0035533033153,-33.403354125888455],[151.00400582335143,-33.403387310180435],[151.0045518283643,-33.403387454166506],[151.00492295474749,-33.403376150510688],[151.0049938417049,-33.403361853142563],[151.00509258002933,-33.403341944062937],[151.0051610020096,-33.403328139391789],[151.00519465290014,-33.403317275186062],[151.00544123415742,-33.403237629800117],[151.00586799140959,-33.40304580983824],[151.00599762818652,-33.40300688844664],[151.00624537545701,-33.40298496197174],[151.0064515379164,-33.40297963746265],[151.00668799875373,-33.403000712017608],[151.0072560996276,-33.403077210914397],[151.00749938227119,-33.403108763464985],[151.00786933455629,-33.403149262662488],[151.00814757603749,-33.403145094554738],[151.00827601266522,-33.40313282345825],[151.00845730885925,-33.40311551358252],[151.00873654567374,-33.403068166007756],[151.00887777341282,-33.403038997471093],[151.00940927422707,-33.402932110580252],[151.0096524490728,-33.402892481202244],[151.00969881112462,-33.402884924140864],[151.00995665995049,-33.402871783086773],[151.01032739197328,-33.402877726296161],[151.01073891918813,-33.402901606369831],[151.01093419047299,-33.402922017254468],[151.01121184984584,-33.402943745763402],[151.01153539606176,-33.402980238157276],[151.0119675225443,-33.40300444067298],[151.01233314494982,-33.403028097232557],[151.01267730839979,-33.403050372414135],[151.01336709596035,-33.403070057331469],[151.01452009620394,-33.403105796742786],[151.0150217118653,-33.403106567670612],[151.01511759085221,-33.403106719906361]]},"properties":{"roadnamebase":"SINGLETON","roadnametype":"ROAD","functionhierarchy":6,"surface":1}},{"type":"Feature","geometry":{"type":"LineString","coordinates":[[150.99735796595712,-33.392353502886785],[150.99719295621921,-33.392525987659319],[150.99669222000847,-33.39271578254035],[150.99632877511928,-33.392865202788315],[150.9962814276156,-33.392897974826006],[150.99617128697528,-33.392974231361016],[150.99613090410995,-33.393180179097506],[150.99622782244765,-33.393406322711868],[150.99631666493093,-33.393511317788175],[150.99688611956597,-33.394000500125024]]},"properties":{"roadnamebase":null,"roadnametype":null,"functionhierarchy":8,"surface":2}},{"type":"Feature","geometry":{"type":"LineString","coordinates":[[151.00113085062455,-33.350288700914845],[151.00120311829252,-33.350277818825674],[151.00170898298521,-33.350339392432588],[151.00182599843245,-33.3503833071983],[151.00193956345066,-33.350431846559317],[151.00208154397799,-33.350521316313348],[151.00224965380193,-33.350658402239524],[151.00237358088697,-33.350825257809802],[151.00254161076086,-33.350996953756962],[151.00259374538666,-33.351057648912125],[151.00265444095714,-33.351114839758687],[151.00272583007273,-33.351182661168522],[151.00280077741527,-33.351246905477964],[151.00289349163742,-33.351277804500718],[151.00289714957725,-33.351279023863043],[151.00300733423506,-33.351255869482344],[151.00309696543917,-33.351203726517859],[151.00316126415223,-33.351068441608732],[151.00323978858617,-33.350922104894941],[151.003378989726,-33.350650845890691],[151.00346108226822,-33.350515220949127],[151.0035538773387,-33.350365315976639],[151.00368593507542,-33.350101192918686],[151.00375375608274,-33.349979838001381],[151.00381800089693,-33.349912025409523],[151.00388581381941,-33.349847780865375],[151.0039679054633,-33.349779968170644],[151.00407141294357,-33.349726426345185],[151.0042320200383,-33.349683596312914],[151.00441761916255,-33.349655046198038],[151.00461749880483,-33.349619351600175],[151.00475669994461,-33.349590801464252],[151.00491017261933,-33.349562242314285],[151.0050636443957,-33.349533692159611],[151.00524567630993,-33.349490862032511],[151.0053634625117,-33.349480150182707],[151.00554166670452,-33.349484999968176],[151.00570262414217,-33.349479396788787],[151.00589333288372,-33.349459999144798],[151.00604999637429,-33.349428329573897],[151.00615224800984,-33.349405202465512],[151.00626289080842,-33.349387355117202],[151.00639852473824,-33.349390922486087],[151.00651987904834,-33.349398057973723],[151.00661267411883,-33.349401634346854],[151.0067019019794,-33.349419472687529],[151.00681968818108,-33.349437320029296],[151.006976737049,-33.349455167367346],[151.00715162466176,-33.349462302849744],[151.00735507061574,-33.349458735483836],[151.00754423784826,-33.349458735483836],[151.00775482001885,-33.349458735483836],[151.00796896939946,-33.349455167367346],[151.00816883916025,-33.349455167367346],[151.00830090498172,-33.349462302849744],[151.00842582740009,-33.349480150182707],[151.00854003740866,-33.34949442939714],[151.0086328414624,-33.349487294667746],[151.00873634804438,-33.349469447336261],[151.00883271122319,-33.349430184544836],[151.00896120085159,-33.349365940395515],[151.00907185263333,-33.349323110185871],[151.0091860626419,-33.34926956807945],[151.00928243390558,-33.349237450453813],[151.00936094935633,-33.349216035695228],[151.00945018620001,-33.349226738572817],[151.00954298127058,-33.349241017828831],[151.0096322082328,-33.349258865207133],[151.00976069875946,-33.349294550948066],[151.00986420534147,-33.349333813050279],[151.00998199244151,-33.349365940395515],[151.01010691396152,-33.349380219628678],[151.01022112397015,-33.349376643254629],[151.01035675789993,-33.349340957547355],[151.01049595993808,-33.349298127325476],[151.01058875500857,-33.349266000705633],[151.01071724463694,-33.349208891187892],[151.01088856414142,-33.349166060901027],[151.01107059605565,-33.34913394323722],[151.01118480606422,-33.34913394323722],[151.01130259226596,-33.349148214254072],[151.01145249683233,-33.349173205411873],[151.01155243620437,-33.349198188308144],[151.01169163824247,-33.349244585954075],[151.01180228014277,-33.349294550948066],[151.01194148218084,-33.349387355117202],[151.01206640459921,-33.34948371754777],[151.01220559675588,-33.349626487069138],[151.01230196891788,-33.349715723529023],[151.0124126108181,-33.349815653697974],[151.01250541487187,-33.349908458062011],[151.01258393032262,-33.349979838001381],[151.01265531943824,-33.350076210281543],[151.01274454729881,-33.35019041988739],[151.01284091856249,-33.350311774511162],[151.01291586680324,-33.350415281828212],[151.01297297629912,-33.350536636138536],[151.01298367972575,-33.350618728024294],[151.0129766153743,-33.350680525754292],[151.01296940908912,-33.350743650114815],[151.01295156136106,-33.350822165490726],[151.01292300212154,-33.350907825164285],[151.01291586680324,-33.350975646735435],[151.01292657921303,-33.351064874308648],[151.01295512946939,-33.351136254050218],[151.01301779594357,-33.35125341349832],[151.0131608257031,-33.351543237144377],[151.01318872108763,-33.351615746556853],[151.01338372377623,-33.352003788058084],[151.01361844547515,-33.35230017342559],[151.0137721418304,-33.352469341480358],[151.01382538767223,-33.352527948090632],[151.01405955421228,-33.352755445275307],[151.01415805897474,-33.352836819972417],[151.01425999799656,-33.352946835182372],[151.0143395168655,-33.353041870785418],[151.01445755459548,-33.353144741551922],[151.01473830686791,-33.353275454294788],[151.01487840452637,-33.353353432381255],[151.01502725177568,-33.353424327765893],[151.01516271502558,-33.353516657058421],[151.01528676787476,-33.353543889780148],[151.01545428660722,-33.353550173271962],[151.01566607880849,-33.353499464114506],[151.01583862631,-33.353473370422186],[151.01593540091724,-33.35346336589965],[151.01604247650579,-33.353466942856151],[151.01619239005541,-33.353499061172478],[151.01630660006398,-33.353534755680293],[151.01644580120373,-33.353574017370889],[151.01656357932066,-33.353574017370889],[151.01668136552243,-33.353574017370889],[151.01680985515077,-33.353563306023482],[151.01692764225081,-33.353549034979991],[151.01709539454532,-33.353541890828296],[151.01726314594143,-33.353538322879153],[151.01737378874006,-33.353538322879153],[151.01747729532204,-33.353531187730844],[151.01762719988841,-33.353527619781296],[151.01776640192656,-33.353527619781296],[151.01790559408323,-33.353527619781296],[151.01810904093543,-33.353531187730844],[151.01821968373409,-33.353545458026929],[151.01834460525413,-33.353549034979991],[151.01844097741613,-33.353545458026929],[151.01851950185002,-33.353520475627818],[151.01861229692059,-33.353470510808165],[151.01867297362648,-33.353427680366856],[151.01876934578843,-33.353391985815151],[151.01886927617727,-33.353363436166106],[151.01896208023092,-33.353338452964422],[151.01908700175096,-33.353309894293524],[151.01920835695938,-33.353292046995342],[151.01939752329355,-33.353259928602633],[151.01954028355848,-33.353224233982125],[151.01966520597685,-33.353188539346959],[151.01977942496859,-33.353152853701516],[151.01991504991526,-33.353131439155696],[151.02009090501357,-33.353121183973293],[151.02025019517808,-33.353087784650938],[151.020431795901,-33.353015193924776],[151.02052361450279,-33.352933980722362],[151.02072736588397,-33.352829397377413],[151.0209742606533,-33.352711118255407],[151.02118211733531,-33.352585353326198],[151.02134272532834,-33.352488981572556],[151.02145337621178,-33.352410457194836],[151.02163539914284,-33.352285535245024],[151.02178887990237,-33.352189172163925],[151.0219066580193,-33.352114215523393],[151.02201373270958,-33.352053538363393],[151.0220851218252,-33.35202498827536],[151.02218862840721,-33.351989293898839],[151.02230283931414,-33.351957175775837],[151.0224670235003,-33.351921481371505],[151.02259551312861,-33.351864371344647],[151.02273114705841,-33.351817974344577],[151.02293658367904,-33.351758730940261],[151.02309441228459,-33.351695642583337],[151.02335503061653,-33.351581996982475],[151.0233899723861,-33.351566758381658],[151.02375191978373,-33.351349534493387],[151.02387068335253,-33.351235898195625],[151.02408411587751,-33.350932413613407],[151.0241195598054,-33.350804327437451],[151.02413383942513,-33.350715090592615],[151.0241409747434,-33.350600880924738],[151.0241409747434,-33.350493805754475],[151.02413788184393,-33.350445911007846],[151.02413383942513,-33.350383154870237],[151.0241409747434,-33.350251096845227],[151.02416238968146,-33.350129742887262],[151.02417310119293,-33.350015532451437],[151.02418380461955,-33.349926305303505],[151.02420878676756,-33.349851348215353],[151.02425518475204,-33.349787103626426],[151.02428222044884,-33.34976682734446],[151.02432657386763,-33.349733561805344],[151.02440866640987,-33.349697876244377],[151.02451930831018,-33.349658614306335],[151.02459783274409,-33.349655046198038],[151.02469419592296,-33.349662181664094],[151.02479770250491,-33.349676461599046],[151.02491548960501,-33.349697876244377],[151.02505111455164,-33.349729994450527],[151.02520102810118,-33.34977639181303],[151.02534378836611,-33.349833500958496],[151.02550797255228,-33.349919160854462],[151.02566502142017,-33.349976270656647],[151.02580064636683,-33.350040515105988],[151.0259255687852,-33.350122607459546],[151.02601480473055,-33.350172572700046],[151.02610046448274,-33.350201131649818],[151.02618255702504,-33.35021897958169],[151.02627535209555,-33.350236817754912],[151.02641812134362,-33.350265376683616],[151.02654661097202,-33.350311774511162],[151.02673221009624,-33.350376019463283],[151.02688490303331,-33.350406747707503],[151.0271372478814,-33.350475743269172],[151.0273379782283,-33.350543914855486],[151.02751727567076,-33.35060814162712],[151.02774802591784,-33.350680417699273],[151.02796662195908,-33.350719985332205],[151.02807068459819,-33.350715726916299],[151.02829551045593,-33.350715090592615],[151.02848825388165,-33.350697243512855],[151.02868098832414,-33.350675828362959],[151.02888443517639,-33.350661557596503],[151.02910928708528,-33.350647278573511],[151.02932343646589,-33.350647278573511],[151.0295411629379,-33.350654413207792],[151.02974817700022,-33.350665125663504],[151.0299694616991,-33.350679405433979],[151.0302193056375,-33.350672261046746],[151.03046201425755,-33.350650845890691],[151.03066188491675,-33.35063657512017],[151.03081727549451,-33.350634002809393],[151.03098018676795,-33.350661853997437],[151.03111297842821,-33.350689238439024],[151.03124422049459,-33.35078518897015],[151.03126507937552,-33.350889987128596],[151.03125079975572,-33.350975646735435],[151.03121154697109,-33.351093424711536],[151.031168717095,-33.35123262580062],[151.03112839711173,-33.35139664009791],[151.03107429966698,-33.351499214909786],[151.03107320551899,-33.351501294198677],[151.03104592817539,-33.351565844425735],[151.03106654540952,-33.351590987965842],[151.03117366501553,-33.351559273397292],[151.03130223549223,-33.351433840721036],[151.0314475146333,-33.351264717177372],[151.03177117673184,-33.350852266259366],[151.0320019368603,-33.350609763954303],[151.03216380788461,-33.350401342688933],[151.03227746273438,-33.350240510403374],[151.03248518466907,-33.350089951370677],[151.03262693253274,-33.350029964657146],[151.03280697378028,-33.349997685228239],[151.03294259872692,-33.349947720637772],[151.03302825847916,-33.349908458062011],[151.03320315507511,-33.349844213515219],[151.03335662685151,-33.349819221799677],[151.03345656622352,-33.349829933607779],[151.03354936129401,-33.349844213515219],[151.03364216534769,-33.34986919546855],[151.03372782509993,-33.349887043468485],[151.03381348575047,-33.34988347536958],[151.03392056044078,-33.349851348215353],[151.03402049981278,-33.349844213515219],[151.03408474462694,-33.349851348215353],[151.03416326906088,-33.34986919546855],[151.03424535172167,-33.349890610816857],[151.03433458856534,-33.349922728951945],[151.03441668020929,-33.349976270656647],[151.03450233996151,-33.350015532451437],[151.03460941465181,-33.350058362320404],[151.03470577783065,-33.350086913053381],[151.03481286150407,-33.350097624828578],[151.03484854707875,-33.350058362320404],[151.03485244666541,-33.350045105226194],[151.03486639480684,-33.349997685228239],[151.0348878097449,-33.349919160854462],[151.03490565657464,-33.349844213515219],[151.0349484864507,-33.349737138164734],[151.03499488443512,-33.349676461599046],[151.03506269645933,-33.349590801464252],[151.03513427422112,-33.349475229109679],[151.03516837337102,-33.349409612524923],[151.03525900799332,-33.349333813050279],[151.03538749762168,-33.34926956807945],[151.03558379927415,-33.349187476422308],[151.03574798346031,-33.34911252845319],[151.03595499842089,-33.349041139548348],[151.03612274981705,-33.348962624066992],[151.03623696880882,-33.34886268466456],[151.0363260170063,-33.348741401559906],[151.03642833242225,-33.34862417044485],[151.03654034604997,-33.348512901105366],[151.03662600580222,-33.348462935662766],[151.03672951238417,-33.348416538350691],[151.03686871442224,-33.34838084324506],[151.03699006873234,-33.348345148875183],[151.03709714342264,-33.348345148875183],[151.03720065090295,-33.348345148875183],[151.03729701318343,-33.348309454490696],[151.03740831893873,-33.348207731380249],[151.03751033791056,-33.348103704410157],[151.03765638870439,-33.347907939494995],[151.03780203525639,-33.347729771945723],[151.03790920876136,-33.347630226593253],[151.03803716029887,-33.347539806851941],[151.03816460967809,-33.347471394283069],[151.03838204958757,-33.347424297060428],[151.03855693630206,-33.347392179504482],[151.03876395036428,-33.34733863771141],[151.03896026189832,-33.347267257107411],[151.03912443710132,-33.347220850903625],[151.0392279445816,-33.347188732522184],[151.03936819495362,-33.347142675968762],[151.03945290428834,-33.347108800842271],[151.03954383445634,-33.34703100251437],[151.0395931097446,-33.346939346218534],[151.03965385921396,-33.346803855072395],[151.03971934100832,-33.346685019959821],[151.03980224832253,-33.346497053951545],[151.03985834541706,-33.346335084321844],[151.03991532914878,-33.346133501917421],[151.03996588633299,-33.345984645995273],[151.04003158282464,-33.345862431358086],[151.04013370061122,-33.345754003348276],[151.04022527666794,-33.345641164202981],[151.04035994221383,-33.34548482343336],[151.04045976570313,-33.345378277776419],[151.04052656532596,-33.345306987117588],[151.04072554755129,-33.34509004102889],[151.04087139173265,-33.344903079407317],[151.04100071499764,-33.344751050051492],[151.04116179730107,-33.344586328332404],[151.04134353277126,-33.344431107570379],[151.04149442368788,-33.344253020707811],[151.0416711393722,-33.344092941761716],[151.04181530729724,-33.343980766103947],[151.04192838812347,-33.343850501677359],[151.04200962816452,-33.343737340377139],[151.04204880099914,-33.3436279176358],[151.04205722719652,-33.343586378367505],[151.04207821184153,-33.34348284417085],[151.04208330349257,-33.343362556917384],[151.04214040400529,-33.343284031812587],[151.04220108160945,-33.343262617090645],[151.04222964084897,-33.343319726756391],[151.04222608172381,-33.343335727752198],[151.04221536122924,-33.343383971614777],[151.04219394629115,-33.343487478912969],[151.0422260727407,-33.343640959579659],[151.04230458819148,-33.343769449525482],[151.04245092554783,-33.34384439759129],[151.04259953025209,-33.343865211817594],[151.04273617658316,-33.34385415932595],[151.04298227454686,-33.343875645944742],[151.0433271270046,-33.343938303962645],[151.04361448548758,-33.344026428848338],[151.04391429462041,-33.344119224374381],[151.04406063197683,-33.344147783058439],[151.04430334059691,-33.344208460475294],[151.0444746601014,-33.344254857778488],[151.0446209974578,-33.344265561265928],[151.04474591897781,-33.34418346864291],[151.04482958896173,-33.344076429856187],[151.04495889426033,-33.343924401308428],[151.04510453182917,-33.343746224106987],[151.04523384700926,-33.343594203988054],[151.04537509181631,-33.343462459857683],[151.04552711191525,-33.343383128865163],[151.04566709369101,-33.34330384282714],[151.04575004592098,-33.343271581166618],[151.04586175501981,-33.343228141598551],[151.04604560692079,-33.343202907841039],[151.04617026882772,-33.34317364943081],[151.04618758744809,-33.343173452813751],[151.04634123888758,-33.343105442806213],[151.04650559285525,-33.343028792088518],[151.0466278885998,-33.342955887542608],[151.04674949443805,-33.342913783616183],[151.04688644619642,-33.342889527602814],[151.04722079375526,-33.343001039018787],[151.04762814380399,-33.343156044700351],[151.04780839076579,-33.343246168065114],[151.04808666907786,-33.343368329340528],[151.0483683349369,-33.343551669615671],[151.04854018354905,-33.343613861841646],[151.04863391107085,-33.343675148239335],[151.04875287226895,-33.343779686297992],[151.04887183256878,-33.343898647697472],[151.04896578466941,-33.343976481843434],[151.04903832093362,-33.344017232213844],[151.0491272792996,-33.344027432936166],[151.04920149182016,-33.343993387748775],[151.0492139433683,-33.343905549497848],[151.04926797793098,-33.343364986108007],[151.04927533782805,-33.343034977280134],[151.049306864203,-33.342797781396236],[151.04937166417602,-33.342633336651019],[151.04940666882766,-33.342494996090416],[151.04941666348358,-33.342365000355002],[151.04942166530307,-33.342239997200977],[151.04951293683084,-33.342033664682788],[151.04962788166137,-33.341819793321918],[151.04977854889742,-33.341650490504655],[151.04993669999814,-33.341514435037332],[151.05010564435699,-33.341447806084339],[151.0503197937376,-33.34131931571477],[151.05059581278675,-33.341126581681145],[151.05075523680023,-33.341090886588852],[151.05104552648595,-33.341026642290167],[151.05120257535384,-33.341038537162504],[151.05134058442925,-33.341033777712845],[151.05148810486685,-33.341048056811509],[151.05159993972984,-33.341052817010862],[151.05171177369451,-33.341048056811509],[151.05190927729288,-33.341070063444327],[151.05205501367638,-33.341090886588852],[151.05219778292451,-33.341073039787702],[151.05241024706558,-33.341030729323464],[151.05273074529771,-33.341009341814598],[151.05300344776686,-33.341013626221063],[151.05329683843692,-33.341031428756985],[151.05351612438432,-33.341078875401671],[151.05368957738756,-33.341137669790776],[151.05369316346219,-33.341138880289556],[151.05389950468634,-33.341296179698332],[151.05405370319977,-33.341439451195448],[151.05422177798943,-33.341666571355894],[151.05443675202343,-33.341907630674882],[151.05466520797324,-33.342250144849203],[151.05473786101851,-33.342423382627523],[151.05480924115096,-33.342569128011036],[151.05492523521369,-33.342702968751368],[151.0551252666713,-33.34279436609858],[151.05531907639721,-33.342866767978663],[151.0554695370208,-33.342964708314518],[151.05568071926595,-33.343018249795385],[151.05609414731595,-33.343083687337192],[151.05618106201459,-33.343070564261559],[151.05625178817354,-33.343059887643342],[151.05644064099573,-33.343102529569876],[151.05657758377092,-33.343078263853265],[151.05674183083914,-33.343006005484639],[151.05695969116016,-33.342881764956658],[151.05719328367672,-33.342757765896444],[151.05738898525468,-33.342686000308106],[151.05755788469773,-33.342640221291312],[151.05775212471664,-33.34263444806944],[151.05782300358922,-33.342627823835329],[151.05787303975058,-33.342623144770812],[151.05808904505048,-33.342582510818524],[151.05826969625411,-33.342479694362027],[151.05842917416658,-33.342384299769364],[151.05862953710243,-33.342339013642189],[151.05899830630639,-33.342269955348506],[151.05931414318047,-33.342222069586207],[151.05962483450469,-33.342169702078401],[151.05991533080291,-33.342081810206508],[151.0602054408256,-33.342011514205794],[151.06037355154788,-33.342000928262983],[151.06037416958878,-33.342000972539964],[151.06056215374011,-33.342012679665025],[151.06082332812917,-33.342027802116363],[151.06100179193504,-33.342030778427016],[151.06109399501585,-33.342021850245231],[151.06124568363643,-33.341989131831973],[151.06138547676599,-33.341953446098721],[151.06160855450213,-33.341879081012095],[151.06186721899834,-33.341827385708676],[151.06218236596629,-33.341810300023297],[151.0624764474409,-33.341797275065836],[151.06270205213792,-33.34179639702937],[151.06291658779409,-33.341821755770489],[151.06319930288541,-33.341848172650167],[151.06343461567576,-33.34188265769405],[151.06366478381443,-33.341902198862684]]},"properties":{"roadnamebase":"OLD GREAT NORTH","roadnametype":"ROAD","functionhierarchy":9,"surface":2}},{"type":"Feature","geometry":{"type":"LineString","coordinates":[[151.00142727131211,-33.394212775485208],[151.00134273265735,-33.394320155355175],[151.0011697728292,-33.394448707722155],[151.00108217630924,-33.39449504223807],[151.00101079617676,-33.394562855332687],[151.00082519705248,-33.394794852111474],[151.00070384274247,-33.394944756285334],[151.00058031900105,-33.395134488134694],[151.00045043069579,-33.395319522338781],[151.00025412904327,-33.395754965749745],[150.99986851642777,-33.396824888257491],[150.99981729628692,-33.396958290058741],[150.99955596918423,-33.39763897032465],[150.99927067233483,-33.398305370307881],[150.99906984407161,-33.398795198380967],[150.9989993146437,-33.398976969940996],[150.99894569240777,-33.399088149994213],[150.99893776836862,-33.399162147456572],[150.9989536164469,-33.399220278633258],[150.99900646792833,-33.399267851043852],[150.99933440690592,-33.399346016643378],[150.99962082395447,-33.399425966331187],[150.99974762834336,-33.399447157242157],[150.9998436681287,-33.399388407498705],[150.99995788712047,-33.399345577165526],[151.00007209712902,-33.3993491454858],[151.0001827399276,-33.399391975067246],[151.00026126436157,-33.39947049978656],[151.00030052612934,-33.399513329308213],[151.00037208592485,-33.399551515803623],[151.00050736142691,-33.399574123358938],[151.00070167331108,-33.399620870619934],[151.00075925801576,-33.399669598498711]]},"properties":{"roadnamebase":null,"roadnametype":null,"functionhierarchy":8,"surface":2}},{"type":"Feature","geometry":{"type":"LineString","coordinates":[[150.98487518427984,-33.375221069570557],[150.98497864684435,-33.375254773969303],[150.98504329500213,-33.37527092738047],[150.98530731974557,-33.375319959975315],[150.98547740226988,-33.375352221760259],[150.98555488735306,-33.375374999146359],[150.98561001606376,-33.37540318224314],[150.98568463192785,-33.375452439063785]]},"properties":{"roadnamebase":"SETTLERS","roadnametype":"ROAD","functionhierarchy":6,"surface":1}},{"type":"Feature","geometry":{"type":"LineString","coordinates":[[150.98568463192785,-33.375452439063785],[150.98577234433051,-33.375529699622149],[150.98583454547739,-33.375588305705676]]},"properties":{"roadnamebase":"SETTLERS","roadnametype":"ROAD","functionhierarchy":6,"surface":1}},{"type":"Feature","geometry":{"type":"LineString","coordinates":[[150.97322103377346,-33.389186717098085],[150.97322411768982,-33.389022586521776],[150.97323674710444,-33.38883523024937],[150.97326556685536,-33.388501681066359]]},"properties":{"roadnamebase":"CHASELING","roadnametype":"ROAD","functionhierarchy":6,"surface":1}},{"type":"Feature","geometry":{"type":"LineString","coordinates":[[150.97326556685536,-33.388501681066359],[150.97335502737957,-33.388191724446749],[150.97343384735925,-33.387967481419807]]},"properties":{"roadnamebase":"CHASELING","roadnametype":"ROAD","functionhierarchy":6,"surface":1}},{"type":"Feature","geometry":{"type":"LineString","coordinates":[[150.97344733825818,-33.390214526913375],[150.97281992252437,-33.391072846391147],[150.97194527066145,-33.391519682280517],[150.970825894359,-33.391963363513845],[150.97045388044026,-33.392165313016548],[150.96987991626247,-33.392501892478272],[150.96941411193995,-33.392820857952785],[150.96911109402487,-33.393100650422852],[150.96889851310283,-33.393345116338715],[150.96876295103823,-33.393527694311587],[150.96861862141645,-33.39383404760769],[150.9684733602418,-33.394259209127682],[150.96822798003205,-33.39471408666062],[150.96775262032978,-33.395018314776067],[150.96722973346075,-33.395189437513686],[150.96563253158052,-33.395313032614602],[150.96546237719099,-33.395369075375726],[150.96536181977808,-33.395429411828147],[150.96521768778567,-33.395540018173875],[150.96514059796129,-33.395660691549452],[150.96511670816463,-33.395749721796903],[150.96513641989685,-33.395949394527527],[150.96514713230664,-33.396095731256224],[150.96511500495885,-33.396374134706001],[150.96498604910485,-33.396910234144578],[150.96461526318308,-33.397623265055444],[150.96416844475408,-33.398079612177739],[150.96319870352343,-33.398602499398024],[150.96257123389069,-33.39883066881265],[150.96167922837313,-33.399123055583324],[150.96111664046015,-33.399106373378835],[150.96009357253925,-33.398777646901621],[150.95975340659231,-33.398688069279693],[150.95956474241629,-33.398674444611451],[150.95943727417244,-33.398679580392425],[150.95925434663789,-33.398716853043638],[150.95895761154,-33.398805237438552],[150.95879195770996,-33.398889104697339],[150.95869935937051,-33.398951933091652],[150.95845484872996,-33.399183231187074],[150.95803087086534,-33.399686702072195],[150.95793738499032,-33.399764526813762],[150.95773322218079,-33.399895177008098],[150.95731507887385,-33.400137643929241],[150.95716793572871,-33.400237126207088],[150.95705255072372,-33.400327437936788],[150.95695486163149,-33.400427243227007],[150.95691158349607,-33.400488664348465],[150.9568598252643,-33.400592243209466],[150.95682463286474,-33.400692567911292],[150.956794656982,-33.400816288676587],[150.95679051574857,-33.400838787910125],[150.95676962093509,-33.401039509373589],[150.9567553413153,-33.401150161075201],[150.95673392637721,-33.401254851317219],[150.95671727161189,-33.4013048254388],[150.95669478049211,-33.401358502009522],[150.95662090843308,-33.40146781765479],[150.95657450146547,-33.401518975064718],[150.95654194472294,-33.401552913000572],[150.95648851023486,-33.40159453258795],[150.9564460118371,-33.401618914725915],[150.95638652719563,-33.401641521743336],[150.9563091948261,-33.401668879638798],[150.95533750874279,-33.401852488541472],[150.95521878020836,-33.401876781364166],[150.95416677665381,-33.402069641072217],[150.95402724403573,-33.402097931756323],[150.95294927108463,-33.402354597074897],[150.95262578775086,-33.402483849245357],[150.95248064335715,-33.402563556816922],[150.95233549896338,-33.402637321089948],[150.95219629692528,-33.402724173133485],[150.95205291772112,-33.402822382814691],[150.95204387348286,-33.40282732186823],[150.95166229520132,-33.403115459587589],[150.95152170346944,-33.403217640449625]]},"properties":{"roadnamebase":"BICENTENARY","roadnametype":"ROAD","functionhierarchy":6,"surface":2}},{"type":"Feature","geometry":{"type":"LineString","coordinates":[[150.96089981050676,-33.409125117892664],[150.96085603919619,-33.409350230175505],[150.96081713585625,-33.409544731265278],[150.96078340411731,-33.409697190306126]]},"properties":{"roadnamebase":null,"roadnametype":null,"functionhierarchy":6,"surface":1}},{"type":"Feature","geometry":{"type":"LineString","coordinates":[[150.96056079260669,-33.409770704063881],[150.96060109462363,-33.409623228811668],[150.96057061748101,-33.409265144716535],[150.96042007600903,-33.408823919191889]]},"properties":{"roadnamebase":null,"roadnametype":null,"functionhierarchy":8,"surface":2}},{"type":"Feature","geometry":{"type":"LineString","coordinates":[[150.96328058945309,-33.408115890452954],[150.96318686193135,-33.408185280426487],[150.96303311167719,-33.408287774776689],[150.96277182140543,-33.408414695729562],[150.96256929802121,-33.408567092263887]]},"properties":{"roadnamebase":null,"roadnametype":null,"functionhierarchy":8,"surface":2}},{"type":"Feature","geometry":{"type":"LineString","coordinates":[[150.96154365732539,-33.408968346792442],[150.96153100904618,-33.408971914717512],[150.96152284246196,-33.408972551364919],[150.96150622362919,-33.408971592269467],[150.96149578071399,-33.408969225650814],[150.96134627949118,-33.408917189269644],[150.96118709712451,-33.408849735321581],[150.96115961316838,-33.408844733620477],[150.96112713727425,-33.408851160843852],[150.96110345409011,-33.408864364733311],[150.96101208464594,-33.408952884282328],[150.96096069382511,-33.40899952376374],[150.96094070361511,-33.40902331441891],[150.96092071430343,-33.409056624024743],[150.96089981050676,-33.409125117892664]]},"properties":{"roadnamebase":null,"roadnametype":null,"functionhierarchy":6,"surface":1}},{"type":"Feature","geometry":{"type":"LineString","coordinates":[[150.96294327475886,-33.407012648867251],[150.96296947681907,-33.407049633733322],[150.96301773880774,-33.407137220762415],[150.9629664827342,-33.407203841407792],[150.96270254782226,-33.407544652003118],[150.96269998403051,-33.407613845211657],[150.96273330254436,-33.407703529864413],[150.96328058945309,-33.408115890452954]]},"properties":{"roadnamebase":null,"roadnametype":null,"functionhierarchy":8,"surface":2}},{"type":"Feature","geometry":{"type":"LineString","coordinates":[[150.96839880725969,-33.403876205948464],[150.96832082001833,-33.403990191941091],[150.96838681295407,-33.404050178943493],[150.96852477801201,-33.40416415570882],[150.9686507577475,-33.404266129859437],[150.96870474739436,-33.404374109990627]]},"properties":{"roadnamebase":null,"roadnametype":null,"functionhierarchy":8,"surface":2}},{"type":"Feature","geometry":{"type":"LineString","coordinates":[[150.96870474739436,-33.404374109990627],[150.96865537418969,-33.404481982749331],[150.96801378573565,-33.405123570398729],[150.96734065383876,-33.405796711633563],[150.96674113438777,-33.406301563012029],[150.96632042728916,-33.406837967902149],[150.96582609067644,-33.407332304225264],[150.96545796736123,-33.407679398397619],[150.96486897077554,-33.408131658315838],[150.96434440765026,-33.408578602211882]]},"properties":{"roadnamebase":null,"roadnametype":null,"functionhierarchy":8,"surface":2}},{"type":"Feature","geometry":{"type":"LineString","coordinates":[[150.9676328883771,-33.402230007072838],[150.96778289175816,-33.402361481489628],[150.96835434604301,-33.402783532566552]]},"properties":{"roadnamebase":null,"roadnametype":null,"functionhierarchy":6,"surface":2}},{"type":"Feature","geometry":{"type":"LineString","coordinates":[[150.97837760784606,-33.402525047673379],[150.97859487707561,-33.402547842688627],[150.97885840864399,-33.402572466787902],[150.97910126997769,-33.402582085445871],[150.97938136737821,-33.402565690380456],[150.9796992658859,-33.402514245611819],[150.97975930658455,-33.402497420070901]]},"properties":{"roadnamebase":"RIVER","roadnametype":"ROAD","functionhierarchy":4,"surface":1}},{"type":"Feature","geometry":{"type":"LineString","coordinates":[[150.99196875787035,-33.39904437005756],[150.99200371760625,-33.39914074123643],[150.99205538600648,-33.399283179534471]]},"properties":{"roadnamebase":"SINGLETON","roadnametype":"ROAD","functionhierarchy":6,"surface":1}},{"type":"Feature","geometry":{"type":"LineString","coordinates":[[150.99265768484489,-33.400233692915073],[150.99276744010797,-33.400367103732556],[150.99292057142293,-33.400522449696524],[150.99308257719454,-33.400620103152654],[150.99314455466089,-33.400638416210143],[150.99318023125241,-33.400648958271915],[150.99341547307586,-33.400697775568226],[150.99365072388247,-33.400739942278918],[150.99388152802845,-33.400797643428888],[150.99427657025944,-33.400895297325668],[150.99452734664908,-33.400926366201844],[150.99501897663777,-33.401082008145082],[150.99570515117435,-33.401396428213225],[150.9961492450131,-33.401536669979443],[150.99659261211488,-33.401752684138394],[150.99697895056909,-33.402086018232708],[150.99713886775766,-33.402221948245725],[150.99741359592772,-33.402557514594704],[150.99755034197187,-33.402709185719544],[150.99764730522531,-33.402793715900323],[150.99776167603235,-33.402833497559627],[150.99786858992417,-33.402828522509687],[150.9979415115657,-33.402802007153468],[150.99800533506999,-33.402778799741952],[150.99818434594994,-33.402679344372032],[150.99842800498757,-33.402560006627084],[150.99866419633031,-33.402490392429364],[150.99890785536795,-33.402450610612938],[150.99917886361447,-33.402423261212945],[150.99932804234214,-33.402420769176651],[150.99959159187679,-33.402428227286883],[151.00008239721208,-33.402453416121396],[151.00031773695187,-33.402464029206833],[151.00052778103159,-33.40251512453554],[151.00075344052595,-33.402593711676701],[151.00079439651634,-33.402609245812521],[151.00115365525639,-33.402745543224007],[151.00125857848158,-33.402790219715001],[151.00169763456822,-33.402961423139558],[151.00191191869612,-33.403051259581616],[151.00220937873445,-33.403107876298087],[151.00253814146717,-33.403147730556675],[151.00284568689122,-33.40321314912579],[151.00311245508959,-33.403260631608667],[151.00333337237754,-33.403307477376686],[151.00345875203834,-33.403334064571709]]},"properties":{"roadnamebase":"SINGLETON","roadnametype":"ROAD","functionhierarchy":6,"surface":1}},{"type":"Feature","geometry":{"type":"LineString","coordinates":[[150.98544497129154,-33.386355534110393],[150.98563506109389,-33.386361799481094],[150.98567387550065,-33.386369427736213],[150.98585622901174,-33.386430544511946],[150.98589341207798,-33.386450829502415],[150.9859934502646,-33.386530860059317],[150.98605120475088,-33.386575124095579],[150.98609147981833,-33.386613185763224],[150.98615869176791,-33.386695376376323],[150.98621411602431,-33.386772323167328],[150.98627146806533,-33.386866659513139],[150.98635849864664,-33.387026084479558],[150.98667383426084,-33.387661495979685],[150.9867069111279,-33.387751135970767],[150.98673040566584,-33.387838543686343],[150.98677008874355,-33.388073830172729],[150.98681856632788,-33.388428938372407],[150.98684062625634,-33.388712056468059],[150.98685228010044,-33.388912769187769],[150.98685402822201,-33.388932023777528],[150.98686622824187,-33.388985870001562],[150.98688890710952,-33.389021762215357],[150.98690531034663,-33.389040586251596],[150.98694072732499,-33.389067209313787],[150.98697483545806,-33.389084644246161],[150.98701587229687,-33.389097265349889],[150.9874465920177,-33.389153111105422],[150.98769712586221,-33.389186125308683],[150.98775740012286,-33.38919558268757],[150.98787850290464,-33.389220511340199],[150.98794108044564,-33.389237560716367],[150.98800717219603,-33.389264578244131],[150.98805945863714,-33.38928983014813],[150.98810431511254,-33.389318917794277],[150.98814089720588,-33.389345738033988],[150.98823025891542,-33.389428439846398],[150.98827735578908,-33.389486795047567],[150.98833850770376,-33.389581418715757],[150.98840026957447,-33.389701339068168],[150.98846596696447,-33.389839285821189],[150.98851265959627,-33.38994962326484],[150.98854963605001,-33.390055604322207],[150.98856979604165,-33.390143819015641],[150.98857991646162,-33.390206504474023],[150.98858877295203,-33.390328154306502]]},"properties":{"roadnamebase":"SINGLETON","roadnametype":"ROAD","functionhierarchy":6,"surface":1}},{"type":"Feature","geometry":{"type":"LineString","coordinates":[[150.98858877295203,-33.390328154306502],[150.98859163228957,-33.390632248516447],[150.98860675452906,-33.390846335188428],[150.9886202813606,-33.390956314337295],[150.98864588244788,-33.391111947135798],[150.98864860793648,-33.391137655273248],[150.9886817297193,-33.391361011085905],[150.98869192200451,-33.39141944749305],[150.98876423368995,-33.391749922366891],[150.98879511507445,-33.391953772181445],[150.98885461768222,-33.392273104928755],[150.98893069510535,-33.392639759034829],[150.98898503509517,-33.39281488780491],[150.98905538396176,-33.39298195878817],[150.98935883306805,-33.39360979588588],[150.98938992914992,-33.393694110665095],[150.98949088990639,-33.393919832937179],[150.98953514540884,-33.394086868046124],[150.98957654965866,-33.394299591698825],[150.98960548529226,-33.39448116641104],[150.98961264756002,-33.394509833067751],[150.98971494500961,-33.394984897038015],[150.98973689714026,-33.395044283507957],[150.98981502721372,-33.395190755260366],[150.98997947191134,-33.395469597356723],[150.99014256284784,-33.395695678014626],[150.99025787508924,-33.395812577210712],[150.99031213423072,-33.395860014988195],[150.99055116784297,-33.396092163552339],[150.99060115100374,-33.396154436726384],[150.99076165030056,-33.396371122754609],[150.9911866603295,-33.397077555999104],[150.99163020619596,-33.397872266848225],[150.99169320504686,-33.398005310054145],[150.99171543565518,-33.39806078784914],[150.99176335718235,-33.398224398877318],[150.9918064116373,-33.398437705628993],[150.99183642255426,-33.398641215021378],[150.99187853557478,-33.39879563711164],[150.99196875787035,-33.39904437005756]]},"properties":{"roadnamebase":"SINGLETON","roadnametype":"ROAD","functionhierarchy":6,"surface":1}},{"type":"Feature","geometry":{"type":"LineString","coordinates":[[150.98886446052282,-33.386183873428514],[150.98924651401313,-33.386067144301265],[150.9893950917679,-33.386077748886756],[150.98970285188923,-33.386067144301265],[150.99023348403264,-33.385939784163526],[150.99043511988134,-33.385961011366149],[150.99060492482621,-33.386035286282471],[150.99066859561697,-33.386205108822367],[150.99093391123949,-33.387022265880518],[150.99109309360611,-33.387521057057548],[150.99114616068323,-33.387828826638547],[150.9911249424762,-33.388019849123026],[150.99117800057016,-33.388189653535207],[150.99129473843794,-33.38867783224714],[150.99140086271066,-33.389134161085067],[150.99143270349592,-33.389452544129959],[150.9913690318069,-33.389654188947098],[150.99120984045709,-33.389770926758793],[150.99106126270235,-33.389781539893036],[150.98958611402151,-33.39017420694779],[150.98938447907113,-33.390195424866043],[150.98914038974041,-33.390206037948431],[150.98858877295203,-33.390328154306502]]},"properties":{"roadnamebase":null,"roadnametype":null,"functionhierarchy":8,"surface":2}},{"type":"Feature","geometry":{"type":"LineString","coordinates":[[150.96553815906833,-33.363213469021332],[150.96572375819255,-33.363015974939266]]},"properties":{"roadnamebase":"WALMSLEY","roadnametype":"ROAD","functionhierarchy":6,"surface":1}},{"type":"Feature","geometry":{"type":"LineString","coordinates":[[150.97068319697604,-33.367404174725962],[150.96976496244883,-33.367394403628275],[150.96916268157673,-33.367364777479409],[150.96871343410317,-33.367330221503792],[150.96823950811205,-33.367280848298201],[150.96792356344011,-33.367236422892525],[150.96719786662439,-33.367137684599449],[150.96693621702653,-33.367108067366033],[150.96673874936076,-33.367058685031488],[150.9665708991499,-33.36698958182631],[150.96640798787649,-33.366880973816009],[150.96625988443222,-33.366772366420427],[150.96609203422136,-33.366614385305404],[150.96594887061289,-33.366426796191412],[150.96553912745227,-33.36599236577846],[150.96543544929207,-33.365859071014121],[150.96540583273543,-33.365755402752562],[150.96541571959349,-33.365666542858193],[150.96545026700264,-33.365577682873059],[150.96552924867905,-33.365474005273157],[150.96567241228755,-33.365350589830044],[150.9659686182778,-33.365143252721928],[150.96605747782903,-33.365059322898219],[150.9660624176648,-33.364975401996631],[150.96604760893732,-33.364861864516612],[150.96601305254495,-33.364743378168725],[150.96592419299375,-33.364605144767552],[150.96564773466841,-33.364264513927765],[150.96537621528054,-33.363933751526972],[150.96526760806438,-33.363760971450674],[150.96524292146199,-33.363677041043886],[150.96525773018951,-33.363598060091583],[150.96528359987303,-33.363529063677476],[150.96553815906833,-33.363213469021332]]},"properties":{"roadnamebase":"WALMSLEY","roadnametype":"ROAD","functionhierarchy":6,"surface":1}},{"type":"Feature","geometry":{"type":"LineString","coordinates":[[150.96832241632458,-33.369474835672136],[150.96832608234925,-33.369401653936499],[150.96832954265975,-33.369383314042388],[150.96834667263388,-33.369331914154095],[150.96848653762868,-33.369022692691587],[150.96849755456731,-33.368890482893917],[150.96849032043431,-33.368850503395365],[150.96847438252456,-33.368809529079222],[150.96843134603594,-33.368742353095534],[150.96839878031022,-33.368703978263632],[150.96837356460026,-33.368678754141499],[150.96834743440522,-33.368657697523091],[150.96828673074987,-33.36862406484061],[150.96814004394884,-33.368561200273135],[150.96786071730284,-33.368475038065476],[150.96751149813448,-33.368378389066578],[150.96666251113925,-33.368235619544471],[150.96552797576632,-33.368104270567031],[150.96510728753225,-33.368001480502194],[150.96469760635532,-33.367891626866886],[150.96457761478953,-33.367867988503519],[150.96446043764556,-33.367855430338999],[150.96421075450564,-33.367874156175361],[150.96400475374298,-33.367930332909999],[150.96393971122481,-33.367964889397463],[150.9637704982697,-33.368072699308222],[150.96356300899865,-33.368197387783184],[150.96346972973615,-33.368224038233485],[150.96338311956634,-33.368227847905061],[150.96331649960661,-33.368216418889844],[150.96324320965579,-33.368184058428675],[150.96316087546677,-33.368107918944006],[150.962907947612,-33.367677539944253],[150.96284999549638,-33.367543330972552],[150.96257015860729,-33.367100922826893],[150.96248578075094,-33.367001288591936],[150.96238770538324,-33.366940835629521],[150.96227090463336,-33.36689722556347],[150.96198319670572,-33.366790545562672],[150.96188310551844,-33.36674448812709],[150.96167371541222,-33.366615998331291],[150.96151191535481,-33.366470853639782],[150.96120496192052,-33.366159140185964],[150.96091704827873,-33.365959261742283],[150.96069337855278,-33.365847427115902],[150.96036977035311,-33.365749871894508],[150.95996232148968,-33.365669017191827],[150.95973921680408,-33.365671347476862],[150.95938387561702,-33.365703259471424],[150.95936070357425,-33.36570816237117],[150.95906732188732,-33.365751871316242],[150.95871154142409,-33.365839251627925],[150.95819344167725,-33.366026509648108],[150.95798121019979,-33.366120147510038],[150.95786261641257,-33.366188811010048],[150.95775025334024,-33.366220014580684],[150.95770953001349,-33.366218625121348]]},"properties":{"roadnamebase":"ST ALBANS","roadnametype":"ROAD","functionhierarchy":3,"surface":1}},{"type":"Feature","geometry":{"type":"LineString","coordinates":[[150.95770953001349,-33.366218625121348],[150.95766099942855,-33.366280897935759],[150.95764671980885,-33.366302312997391],[150.95761103333581,-33.366313025027694],[150.95757533877801,-33.366317785346098],[150.95748967902577,-33.366333247938883],[150.95738378831507,-33.366324920196405],[150.95727671362476,-33.366314208167552],[150.9569123812,-33.366275080516544],[150.95672968632914,-33.366246386544539],[150.95663831688495,-33.366244486166856],[150.95653361734026,-33.36625399705774],[150.95644224699774,-33.366274937219274],[150.95639846760241,-33.366307296890064],[150.9563699703466,-33.366342274910757],[150.95627644045422,-33.366431233147502],[150.95621071701302,-33.366546205299201],[150.95622261160571,-33.36658309184682],[150.95629756882968,-33.366605698972862],[150.95639869128289,-33.366617594101548],[150.95646769626978,-33.366615209824232],[150.95652956504,-33.366608074247509],[150.95672020281464,-33.366616751576863],[150.95690909156946,-33.366690166730301],[150.95696144089263,-33.366710389553809],[150.9570506687532,-33.366768690978667],[150.95714584795246,-33.366856725981144],[150.95719700521124,-33.366966185545849],[150.95722794049468,-33.367012582723369],[150.95739687497209,-33.367199374570163],[150.95750276658114,-33.367262426931198],[150.95756528124011,-33.367279225531519],[150.95767646212951,-33.367301689181112],[150.95771334875175,-33.367325479996758],[150.95773713883543,-33.367346894801273],[150.95775261051955,-33.367368309600522],[150.9577430910725,-33.367402812294088],[150.95769669398638,-33.367428986586937],[150.95767289402124,-33.36744802611431],[150.95761697658972,-33.367473009016919],[150.95753250890192,-33.36747776852161],[150.95729819952973,-33.367483209991597],[150.95711329120994,-33.367434553349639],[150.95678120201566,-33.367262355658475],[150.956737772065,-33.367224356793884],[150.9567104048898,-33.367201749828574],[150.95665092024836,-33.367182710247313],[150.95659024264421,-33.367166055674389],[150.95655217294075,-33.367164871795886],[150.95651171821029,-33.3671696320677],[150.95645104060605,-33.367189854779788],[150.95619120201184,-33.367353250069641],[150.95615718371033,-33.367370693857183],[150.95613219257913,-33.367400436290893],[150.95611553691543,-33.36744207448065],[150.95614051996179,-33.3674622971294],[150.95619049413938,-33.367471816889989],[150.95627615389159,-33.367476576394729],[150.95635229419679,-33.367486096153733],[150.95641177883826,-33.367527734302499],[150.95644152115901,-33.367611018042581],[150.95645104060605,-33.367658607750805],[150.95649470411877,-33.367698758100495],[150.95683413434551,-33.367804944833921],[150.95714703103371,-33.367927482773808],[150.95744254711772,-33.368084298644966],[150.95756105915828,-33.368095234775197],[150.95762292882682,-33.368109513936659],[150.95766219149291,-33.36812022649471],[150.95770502136907,-33.368132121416302],[150.95774546621811,-33.368145208454017],[150.95778472888423,-33.368159479354709],[150.95782518361474,-33.368168999038986],[150.95788823546619,-33.368182086821378],[150.95802453325101,-33.368195640495237],[150.95819875700874,-33.368197558085598],[150.95831296701738,-33.368227300986881],[150.95840220386106,-33.368271314010101],[150.9584914308233,-33.368311768670374],[150.95861159306898,-33.368349838331845],[150.95867107860877,-33.368377205204581],[150.95871629261362,-33.368393860295861],[150.95874008269732,-33.368404563816121],[150.95875793042538,-33.368427170468898],[150.95876982501804,-33.368452153090267],[150.95876506574368,-33.368475952594075],[150.95875197818827,-33.368505695400195],[150.95869368561117,-33.368583027398678],[150.95866513535483,-33.368613962279461],[150.9586579910534,-33.368681774554567],[150.95861278513331,-33.368823351986272],[150.95858780298531,-33.36889235620567],[150.95853663674333,-33.368942321924372],[150.9584783432679,-33.368991103760699],[150.95840457900664,-33.369023230602089],[150.9583450943652,-33.369036318255958],[150.95826180975854,-33.369032741189137],[150.95812737687632,-33.36905416532634],[150.95806788325169,-33.369069628182977],[150.95802577921432,-33.369095480128614],[150.95784540559006,-33.369387284960652],[150.95777640150155,-33.369499119538133],[150.95775498656349,-33.369590731072343],[150.95775617862782,-33.369633561061327],[150.95776331394617,-33.369700181195505],[150.95778711301298,-33.369769186219834],[150.95783112597033,-33.369837007347286],[150.95791460820632,-33.369919762975194],[150.95792012116718,-33.37001351743158],[150.95807860374623,-33.37040252720093],[150.9581650522193,-33.370676278358189],[150.9581650522193,-33.370892390964265],[150.95794894001986,-33.37097883060494],[150.95778097302798,-33.371054683248744],[150.95753964422019,-33.371121913712308],[150.95737784506113,-33.371151655613751],[150.95714108777977,-33.371136193127171],[150.95688465559707,-33.371093793746027],[150.95669547039827,-33.371036468987633],[150.95634872608846,-33.371129793122833],[150.95626552233023,-33.37115663097638],[150.95607226776318,-33.371226415808671],[150.95588707198252,-33.371360624349876],[150.95578507996009,-33.371470665656602],[150.95558377558976,-33.372112146643332],[150.9556240335892,-33.372369815743617],[150.95585754525743,-33.372842208487164],[150.95595417613421,-33.372946881060521],[150.95607763789189,-33.373099869423349],[150.95620378740895,-33.373193811750191],[150.95657418795341,-33.373242127586579],[150.95695262931795,-33.373341439595649],[150.95878457984657,-33.373964131252364],[150.95901417486016,-33.374563731786203],[150.95918226671779,-33.374710812679666],[150.95938436879212,-33.374753239554572],[150.95954003784772,-33.37473982043349],[150.95967960639845,-33.374721032310184],[150.95983260386436,-33.374723711934145],[150.96000297295129,-33.374742088211065],[150.96028351861113,-33.374750550179229],[150.96038551063353,-33.374785446787016],[150.96064576245283,-33.37492512384911],[150.96097453416871,-33.375041789916089],[150.96129150920828,-33.375157058258139],[150.96141886067122,-33.375263200629576],[150.96153159205281,-33.375362512581468],[150.96166042214261,-33.37554233844704],[150.9619110368356,-33.375978292762866],[150.96205511492906,-33.376035922581593],[150.96228998035838,-33.376094645349411],[150.96265620373674,-33.376347554885363],[150.96279308362989,-33.376414650730119],[150.96348148149673,-33.376713886075017],[150.96355351560271,-33.376741898452245],[150.96375522331664,-33.376900390785359],[150.96402896513658,-33.37714531334165],[150.96423067285042,-33.377289391509741],[150.9644035697965,-33.377390244960161],[150.96443238056435,-33.377563133745419]]},"properties":{"roadnamebase":null,"roadnametype":null,"functionhierarchy":8,"surface":2}},{"type":"Feature","geometry":{"type":"LineString","coordinates":[[150.94541394376662,-33.361145201045666],[150.94520416828317,-33.361074188151647],[150.94500310645796,-33.360976633580975],[150.94487818493792,-33.360850518952752],[150.94483892227186,-33.360782706576352],[150.94482226750645,-33.360730356985222],[150.94480322771398,-33.360632802029116],[150.94481179764182,-33.360528245941822],[150.94483888633923,-33.360375069655284],[150.94486985665696,-33.360228293905891],[150.94487025101736,-33.359983218676412],[150.94486463115692,-33.359953242614218],[150.94482925909432,-33.359815699385443],[150.94475682972956,-33.359602491457416],[150.94469020078665,-33.359458538557988],[150.94450461064557,-33.359155152422765],[150.94436897671577,-33.35894813894253],[150.94433804233063,-33.358866046658612],[150.94433447422236,-33.358826793357558],[150.94433209907672,-33.358766116374909],[150.94433209907672,-33.358717334058014],[150.94435827328914,-33.358648329272199],[150.94438087220678,-33.358580516680391],[150.94450937081825,-33.358324720796972],[150.94457003854097,-33.358176008021715],[150.94461644550856,-33.358003496382175],[150.94470804851471,-33.357503808101072],[150.94471168758997,-33.357472954056803],[150.94479378013216,-33.357004918300809],[150.94480375682176,-33.356959130305619],[150.94487223270087,-33.35660675612138],[150.94496978704581,-33.356286715395072],[150.9450685433365,-33.356076133249609],[150.94515062689564,-33.355940499502893],[150.94525858912141,-33.355781980238625],[150.94534232108904,-33.355691811323339],[150.94558095135775,-33.355440398695606],[150.94560482228982,-33.355415810769514],[150.94617462726779,-33.355105997353242],[150.94663862058678,-33.354928967802138],[150.9468670495871,-33.354830454153721],[150.9471525880833,-33.354700539114113],[150.9474795227444,-33.354497809286265],[150.94782644671724,-33.354312210244274],[150.94824761016008,-33.354152311118568],[150.9487500944924,-33.354001491725541],[150.94905648378469,-33.353932604007831],[150.94941062392414,-33.353887254854371],[150.95006540683309,-33.353866799442322],[150.95044378531557,-33.353877017769527],[150.95117292447551,-33.353888187544833],[150.95166345133302,-33.353863831790157],[150.95197032391897,-33.353833524964926],[150.95211903642098,-33.353813543764574],[150.95297169033918,-33.35365930065921],[150.95353898452595,-33.353530390100936],[150.95416022434219,-33.353359285180808],[150.95428245720456,-33.353335907746427],[150.95456536004374,-33.353270559698892],[150.95498134290233,-33.353190206647689],[150.95533112621274,-33.35305458191047],[150.95565235028357,-33.352997472626996],[150.95604733951399,-33.352973681645857],[150.95622817846555,-33.352942747207678],[150.95655892288181,-33.352864222488897],[150.95699436594438,-33.352826152805747],[150.95744646377241,-33.35288087754796],[150.95800385313481,-33.352973386003143],[150.95883775472154,-33.353165394478481],[150.959757916135,-33.353402070634267],[150.96025422454971,-33.353542365804472],[150.96052310828054,-33.353656585119687],[150.96101674510561,-33.353959199549109],[150.96133494005736,-33.354107867754998],[150.96166684958851,-33.354251398802809],[150.96177004265843,-33.35428749669088],[150.96209212731534,-33.35439207078052],[150.96239999523459,-33.354437114278653],[150.9628454599025,-33.3544489465407],[150.96319285908416,-33.354415637019414],[150.96360927223574,-33.354303801814197],[150.96383232302253,-33.35425798688609],[150.96394326046854,-33.354252904757665],[150.96408767093868,-33.354261124854546],[150.96426704833124,-33.354298235712164],[150.9643849701786,-33.354337112128633],[150.96466098832943,-33.354467977652931],[150.9648177596178,-33.354609446900675],[150.96489246531351,-33.354700933046445],[150.96494890286954,-33.354789210614207],[150.9650464670959,-33.355015255224721],[150.96511227138541,-33.355170547158302],[150.96516084688605,-33.355262894107511],[150.96526266014376,-33.355392961377419],[150.965370102245,-33.355484752838635],[150.96553781860689,-33.355594776707377],[150.96566070544276,-33.355661145722181],[150.9658752581669,-33.355760645875456],[150.96619264643155,-33.355882358898562],[150.96623450792376,-33.355892371396834],[150.96642124521347,-33.355929958022806],[150.96836818638661,-33.356185950779178],[150.96869417871503,-33.356171671161654],[150.96904830987143,-33.356107131103037],[150.9691112009244,-33.35608466681451],[150.96933631334471,-33.355994623518939],[150.96950997296054,-33.35595603372095],[150.96969830655647,-33.355933731466116],[150.97001953961046,-33.355957521638224],[150.97022696599947,-33.356002297206608],[150.97052942875564,-33.356065699083935],[150.97070890496286,-33.35611608560292],[150.97094081224,-33.356200517772393],[150.97116491225901,-33.356305485739789],[150.97137787766002,-33.356395905380801],[150.97150086420896,-33.356428820970052],[150.97165184405875,-33.356471489363578],[150.97188520391165,-33.356487149542644],[150.97219961515941,-33.356485930253271],[150.97246409714541,-33.35647313934377],[150.97270519239126,-33.356451204133926],[150.97324252057678,-33.356374445862492],[150.97351729276426,-33.356304015836443],[150.97374855505097,-33.356232590810343],[150.97392563814634,-33.356175570650748],[150.97400381313562,-33.356150399922157],[150.97412804474953,-33.356110393560463],[150.97443033772407,-33.356033214050079],[150.97464241648797,-33.355996855769007],[150.97482382946291,-33.355953523845308],[150.97503796087724,-33.355877321134876],[150.97512883714629,-33.355833361869486],[150.97525716597625,-33.355747998173996],[150.97559309097667,-33.355417943989423],[150.97597856884491,-33.355014627936619],[150.97616777201003,-33.35478621673137],[150.97622175267384,-33.354673360028904],[150.97633421456086,-33.35432323589643],[150.97633666247,-33.354301704583818],[150.97637831734977,-33.354054513928538],[150.97638666269873,-33.353290711355449],[150.97639910526371,-33.352958523577421],[150.97641778573004,-33.352804423777187],[150.97644395185759,-33.352679385335847],[150.97647566687874,-33.352527858797067],[150.97650238816522,-33.352436676517037],[150.97658500891686,-33.352154804507599],[150.97670721482973,-33.351813922334706],[150.97680378372277,-33.351591391667107],[150.97722129910724,-33.350769071533449],[150.97748119160048,-33.350338988725525],[150.97772226887997,-33.350009607389865],[150.97790997455354,-33.349742857637956],[150.97817368668333,-33.349363385306248],[150.9782958836131,-33.349196162242272],[150.97830724999636,-33.349158818087865],[150.9783659369339,-33.348976096689888],[150.97837300038702,-33.348875923929292],[150.97836970177326,-33.348831937865803],[150.97835904326243,-33.348746699374551],[150.97833542296033,-33.348598408468732],[150.97832590351322,-33.348532971319244],[150.97832324988988,-33.348400887225289],[150.97832271269735,-33.348381972599775],[150.97833158715406,-33.348317109345409],[150.97835468733157,-33.348228312688981],[150.97836417084605,-33.348197826056186],[150.97842119949354,-33.348092238983774],[150.97846311488468,-33.348031992004074],[150.97853886981258,-33.34793572777064],[150.97872445995367,-33.347754888828639],[150.97900999844984,-33.34751575698894],[150.9795800181252,-33.347105027016383],[150.97972740381556,-33.346992278170752],[150.97977737799309,-33.346932784596291],[150.97986883726887,-33.346781723068354],[150.97998254601754,-33.346585895897825],[150.98002343912586,-33.346445170783319],[150.98003729743573,-33.346345392833015],[150.98004224535637,-33.346093190783598],[150.98001751383828,-33.345865721214686],[150.97995817292721,-33.345643199356694],[150.97990821671596,-33.345545545694513],[150.97966257599478,-33.345233536665923],[150.97944965461116,-33.344997810861479],[150.97908290302337,-33.344728362205061],[150.97849938346599,-33.344397044530353],[150.97818196915023,-33.34424262189642],[150.97808831349366,-33.344206640663714],[150.97782686062683,-33.344134955815889],[150.97755487591164,-33.344085501911557],[150.97737413487641,-33.344050891666214],[150.97728068583237,-33.34401468597288],[150.977188948079,-33.343956931384582],[150.97713596185025,-33.343903945056326],[150.97709380481226,-33.343848144542612],[150.97704059400473,-33.343729461488074],[150.97701587146983,-33.3434475890543],[150.97699113995174,-33.343254738158656],[150.97693674696129,-33.343076713428708],[150.97683289901948,-33.342869017825691],[150.97670927646331,-33.342651435284033],[150.97666119413776,-33.34253207068879],[150.97636998996705,-33.341739609812421],[150.97615801001785,-33.340941017923129],[150.97613070572481,-33.340846492936869],[150.97610229919886,-33.340767600836131],[150.97607017185106,-33.340714068478093],[150.97602853403933,-33.340656958604484],[150.975999983783,-33.340626023542406],[150.9759452494327,-33.340580818302001],[150.97589171702828,-33.340546316232277],[150.97583699166117,-33.340513005894614],[150.9757070773048,-33.340456730411923],[150.97541366777011,-33.340376708499598],[150.97529985212194,-33.340331870860624],[150.97519457945205,-33.340263816607496],[150.97515849951697,-33.340232442379651],[150.97511998963907,-33.340189585913585],[150.97506751455174,-33.340114628698494],[150.97501806948193,-33.339995945809015],[150.97500817364067,-33.339872314875436],[150.97501806948193,-33.33972890871636],[150.97503496679241,-33.339665067169534],[150.97511504171851,-33.339504558020977],[150.97542057042472,-33.339177193518751],[150.97571027710387,-33.338911627114655],[150.97578245494032,-33.338844101593402],[150.97604281365906,-33.338548756374038],[150.97607255597981,-33.338501166508948],[150.97608682661647,-33.338471423955802],[150.97609873109059,-33.338450008800891],[150.97611062658154,-33.338410746293988],[150.97612014602868,-33.338348886570984],[150.9761259275858,-33.338253894969107],[150.97614121152205,-33.338075484771096],[150.97614319230726,-33.338055064669611],[150.97616824721885,-33.33788619282123],[150.97628789832311,-33.33751250241896],[150.97643780288956,-33.337046123776766],[150.97648419997563,-33.336928346312483],[150.97652583778736,-33.336842686395194],[150.97656748458226,-33.336785576985058],[150.9766638477611,-33.336683262525582],[150.9767554588521,-33.336611873187266],[150.97702076638981,-33.336415570592486],[150.97708739533272,-33.336353701196913],[150.97715164014687,-33.336279936987218],[150.97720518243281,-33.336203796610818],[150.97732534378017,-33.335989647505087],[150.97734794269772,-33.335944433103691],[150.97738601240113,-33.335850446063645],[150.97742289902334,-33.335754082805657],[150.97744431396143,-33.335663663491452],[150.97745026619853,-33.335618448920883],[150.97745264134412,-33.335543501280988],[150.9774538343068,-33.335478064077762],[150.97744907413411,-33.335434041976576],[150.97742995349327,-33.335307085042132],[150.9774068173831,-33.335221792783962],[150.97737896691436,-33.335162514071214],[150.97734844395765,-33.335110845552286],[150.97727845351892,-33.335030017176294],[150.97720285130458,-33.334953608523065],[150.97715431173657,-33.334918415999347],[150.97689703603578,-33.334764226481084],[150.97630569125397,-33.334481314078268],[150.9758441269795,-33.334265730990758],[150.97559071583109,-33.334130097040081],[150.97550981535323,-33.334064659525595],[150.97541939632666,-33.333988519464377],[150.97530110706833,-33.333862987925336],[150.97513024480634,-33.333629359843691]]},"properties":{"roadnamebase":"ST ALBANS","roadnametype":"ROAD","functionhierarchy":3,"surface":1}},{"type":"Feature","geometry":{"type":"LineString","coordinates":[[150.98526344153555,-33.386222356059797],[150.98512530669601,-33.386222445318779],[150.98507869401422,-33.386226748501713],[150.98487395628291,-33.386256535492777],[150.98465258175244,-33.386301534742017],[150.98461516602254,-33.386313868971186],[150.98454852809644,-33.38634180999918],[150.98442098888566,-33.38641414039882],[150.98421475456104,-33.386543365272509],[150.98385984366706,-33.386787974141967],[150.98355436885976,-33.387037477270063],[150.98337212224811,-33.387197457722934],[150.98319890190857,-33.387342136539999],[150.98305105897572,-33.387467766474209]]},"properties":{"roadnamebase":"RIVER","roadnametype":"ROAD","functionhierarchy":3,"surface":1}},{"type":"Feature","geometry":{"type":"LineString","coordinates":[[150.98305105897572,-33.387467766474209],[150.98272547897403,-33.387174321901021]]},"properties":{"roadnamebase":null,"roadnametype":null,"functionhierarchy":8,"surface":2}},{"type":"Feature","geometry":{"type":"LineString","coordinates":[[150.96835434604301,-33.402783532566552],[150.96881754165804,-33.403125633883299],[150.9689122007328,-33.403200017120483]]},"properties":{"roadnamebase":null,"roadnametype":null,"functionhierarchy":6,"surface":2}},{"type":"Feature","geometry":{"type":"LineString","coordinates":[[150.96835434604301,-33.402783532566552],[150.96858225491883,-33.402551813592268]]},"properties":{"roadnamebase":"PIONEER","roadnametype":"ROAD","functionhierarchy":8,"surface":2}},{"type":"Feature","geometry":{"type":"LineString","coordinates":[[150.97975930658455,-33.402497420070901],[150.97989591788138,-33.402459126129486],[150.97999068475397,-33.402424166385302],[150.98008465482093,-33.402380055157842],[150.9801403836062,-33.402341043475616],[150.98021828910089,-33.40227263950073],[150.98031500172439,-33.4021638978206],[150.98042165510478,-33.40200997742604],[150.9805025376163,-33.401906577240972],[150.98051878903814,-33.401886695575641],[150.98061125263038,-33.401787464166894],[150.98112619749395,-33.401331403497359],[150.98129113446828,-33.401165955700563],[150.98134629012839,-33.401096673362446],[150.98141440668144,-33.40097600903524],[150.98203948320221,-33.399649832565267]]},"properties":{"roadnamebase":"RIVER","roadnametype":"ROAD","functionhierarchy":4,"surface":1}},{"type":"Feature","geometry":{"type":"LineString","coordinates":[[150.98203948320221,-33.399649832565267],[150.98184068872482,-33.399639640613465],[150.98165608493395,-33.399612713306055],[150.981371478889,-33.399455027336373],[150.9810868809289,-33.399293496771868],[150.98092919605381,-33.399205040127121],[150.9807945835085,-33.399166584992422],[150.98052152261155,-33.399474264591532],[150.98034460121295,-33.39958579423989],[150.98009461354414,-33.399708869366329],[150.97981386127177,-33.399955011596667],[150.97922926643099,-33.400362684256891],[150.97852545077887,-33.400881895738351],[150.97845310226251,-33.400996491617299],[150.9783513617684,-33.401154195038245],[150.97756794550068,-33.40172903698079],[150.97690662734809,-33.402186872165728],[150.97534488736201,-33.403239906583494]]},"properties":{"roadnamebase":null,"roadnametype":null,"functionhierarchy":8,"surface":2}},{"type":"Feature","geometry":{"type":"LineString","coordinates":[[150.98477972660282,-33.403088039153523],[150.98489649142007,-33.403099001628696],[150.98502926601233,-33.403077174917769],[150.98524389060174,-33.403069905095691],[150.98533483963431,-33.403057166782091],[150.98538940330471,-33.402971686695118],[150.98546397425304,-33.402838903070318],[150.98556583242649,-33.402747963257426],[150.98569860701878,-33.402707948329727],[150.98581319342145,-33.402697039050452],[150.98591505069655,-33.402631557098331],[150.98599871169731,-33.402526069084573],[150.98617877989426,-33.402289617322381],[150.98635156994092,-33.402073173283576],[150.98657080198936,-33.401795442040694],[150.98677404222911,-33.40152822561712],[150.98690953242848,-33.401441661106567],[150.98700362736122,-33.401388970764394],[150.98708642777589,-33.401276060530805],[150.98713911845891,-33.401151855204724],[150.98709394847148,-33.401046474886812],[150.98705255320485,-33.400956144405804],[150.98709018363212,-33.400809359892406]]},"properties":{"roadnamebase":null,"roadnametype":null,"functionhierarchy":8,"surface":2}},{"type":"Feature","geometry":{"type":"LineString","coordinates":[[150.96870474739436,-33.404374109990627],[150.96885576407507,-33.404230659396859],[150.96896819901266,-33.404318103033823]]},"properties":{"roadnamebase":null,"roadnametype":null,"functionhierarchy":8,"surface":2}},{"type":"Feature","geometry":{"type":"LineString","coordinates":[[151.00128196522169,-33.399762617419078],[151.00135940538908,-33.399686002360163],[151.00148540309084,-33.399664999747266],[151.00188440779053,-33.399696508539428],[151.00270341081824,-33.399759507340505],[151.00302891086989,-33.399759507340505],[151.00312340914621,-33.399791006348941],[151.00320741060838,-33.399875008398695],[151.00319691379431,-33.399969506014102],[151.00310240653479,-33.40001150283809],[151.00270341081824,-33.400032505367193],[151.00204190491772,-33.400137508937263],[151.00159040716434,-33.400169008558656],[151.00105161831817,-33.400179012209641]]},"properties":{"roadnamebase":null,"roadnametype":null,"functionhierarchy":8,"surface":2}},{"type":"Feature","geometry":{"type":"LineString","coordinates":[[151.00128196522169,-33.399762617419078],[151.00115793123712,-33.399873367491274],[151.00107819677248,-33.40001511537843],[151.00105161831817,-33.400179012209641]]},"properties":{"roadnamebase":null,"roadnametype":null,"functionhierarchy":8,"surface":2}},{"type":"Feature","geometry":{"type":"LineString","coordinates":[[151.00105161831817,-33.400179012209641],[151.00103390533738,-33.400413788320847],[151.00102946855827,-33.400568828971032]]},"properties":{"roadnamebase":null,"roadnametype":null,"functionhierarchy":8,"surface":2}},{"type":"Feature","geometry":{"type":"LineString","coordinates":[[150.99934339724527,-33.399969506014102],[150.99959539264879,-33.40001150283809],[150.99993139849764,-33.40008500754309],[151.00015189447572,-33.40011650643352],[151.00029890377195,-33.400095503924696],[151.00043539828783,-33.399959009617255],[151.00058239860093,-33.399812008931356],[151.00065590324903,-33.399717502145194],[151.00075925801576,-33.399669598498711]]},"properties":{"roadnamebase":null,"roadnametype":null,"functionhierarchy":8,"surface":2}},{"type":"Feature","geometry":{"type":"LineString","coordinates":[[151.00075925801576,-33.399669598498711],[151.00106048379172,-33.399731611123343],[151.00128196522169,-33.399762617419078]]},"properties":{"roadnamebase":null,"roadnametype":null,"functionhierarchy":8,"surface":2}},{"type":"Feature","geometry":{"type":"LineString","coordinates":[[151.00068269640064,-33.394091716845324],[151.00068423880799,-33.394146765134558],[151.00062573063525,-33.394200396626388],[151.00052821132462,-33.394254028085101],[151.00044045400625,-33.394317412584584],[151.00039169884249,-33.394380796287841],[151.00033319156799,-33.394444180694869],[151.00024542436813,-33.394507565055683],[151.00016254400339,-33.394541690980795],[151.00011378883966,-33.394580693414532],[151.00001627851219,-33.394668459513987],[150.99995289428404,-33.394790352102255],[150.999899263065,-33.394882985495023],[150.99980174375438,-33.39506826248433],[150.99966035521689,-33.3953315432897],[150.9995238337516,-33.395575327935333]]},"properties":{"roadnamebase":null,"roadnametype":null,"functionhierarchy":8,"surface":2}},{"type":"Feature","geometry":{"type":"LineString","coordinates":[[150.9995238337516,-33.395575327935333],[150.99940681740603,-33.3955558220689],[150.99917767155009,-33.39544368275164],[150.99896313679227,-33.3953315432897],[150.99885099740041,-33.395287664710864],[150.99878761317228,-33.395268158779828],[150.99868522589111,-33.39529740867475],[150.9985145792248,-33.395448559224945],[150.99736881221588,-33.39651144463005]]},"properties":{"roadnamebase":null,"roadnametype":null,"functionhierarchy":8,"surface":2}},{"type":"Feature","geometry":{"type":"LineString","coordinates":[[150.9995238337516,-33.395575327935333],[150.99931418403227,-33.395936118926024],[150.99890950467483,-33.396618707662086],[150.99866572975449,-33.397042883582792],[150.99825617434172,-33.397744978005065],[150.99811965287645,-33.397979009968552],[150.99806602165731,-33.39802288868853],[150.99799776945866,-33.398052137656279],[150.99790025014809,-33.398052137656279],[150.99774423254613,-33.398003382621418],[150.99724691981501,-33.397764484130164]]},"properties":{"roadnamebase":null,"roadnametype":null,"functionhierarchy":8,"surface":2}},{"type":"Feature","geometry":{"type":"LineString","coordinates":[[150.99688611956597,-33.394000500125024],[150.99767109530899,-33.394551444028401]]},"properties":{"roadnamebase":null,"roadnametype":null,"functionhierarchy":8,"surface":2}},{"type":"Feature","geometry":{"type":"LineString","coordinates":[[150.94835287384677,-33.373403658549371],[150.94840503542213,-33.373400485262309],[150.94916148785819,-33.37328508330959],[150.94967780444927,-33.373246072072128],[150.95006497654006,-33.373251378897791],[150.95032198274626,-33.373291537168839],[150.9506592974405,-33.373436108591598],[150.95096449377004,-33.373588702247083],[150.95125378812244,-33.373752213799747],[150.95133394389691,-33.373797518092829],[150.95163914112487,-33.374006343189585],[150.95188008365707,-33.374263348772068],[150.95200678024813,-33.374418202010744],[150.95224150194701,-33.374705076092873],[150.95254669917492,-33.375074526662907],[150.95270732423592,-33.375235151767896],[150.95284848909293,-33.375393259009478],[150.95310890171066,-33.375684919688062],[150.95334181330421,-33.375869649464597],[150.95362291412295,-33.37607845608342],[150.9538638575535,-33.376206964159955],[150.95407267273794,-33.376255154545937],[150.95431361616849,-33.376295303928529],[150.95458668515025,-33.376247122566753],[150.95485172319334,-33.376182868956953],[150.95521314238164,-33.376094520072222],[150.95543801225679,-33.376030266349709],[150.95565487814281,-33.376006162095791],[150.95589582067504,-33.37602223434974],[150.95621707259369,-33.376102551315356],[150.95661061733313,-33.376271208750005],[150.95685959260067,-33.376407748506857],[150.95700415398775,-33.376552310249004],[150.95713266158239,-33.37671294462735],[150.95726117007538,-33.376986014287944],[150.95738966868686,-33.377331361034265],[150.95753423905711,-33.377612471109082],[150.95770289685339,-33.377957817618217],[150.95795187122258,-33.378254982506547],[150.95816871914232,-33.378503957266268],[150.95839360698378,-33.37866459179056],[150.95865061318995,-33.378785058299833],[150.9589334630285,-33.378903463261324],[150.95904726969351,-33.378963020496926],[150.95993835174301,-33.379542954086538],[150.96003202536585,-33.379628362699911],[150.96012071513556,-33.379720467654252],[150.96018416224575,-33.379776295428712],[150.96021985680358,-33.379802120188089],[150.96027266336921,-33.379856908229421],[150.96030839385969,-33.379906586351026],[150.96033682733503,-33.379970885217922],[150.96047043556385,-33.380231163232892],[150.96054684446531,-33.38040358579314],[150.96061343837391,-33.380591864885417],[150.96068111654913,-33.380702561372495],[150.96073234567319,-33.380760137052299],[150.96085412129307,-33.380849256823261],[150.96091548880338,-33.38088127576804],[150.96105695818926,-33.38095790890322],[150.96112698456062,-33.381014651030206],[150.96119658962212,-33.381122218980849],[150.96121801354329,-33.381155519778886],[150.96124527292059,-33.381228639117076],[150.96126646417812,-33.381332594236426],[150.96129098908375,-33.381491364747461],[150.96135999407062,-33.381712649524417],[150.9614670687609,-33.381969637584817],[150.9615146588097,-33.382110022465028],[150.96154083392042,-33.382202817892626],[150.96155511354021,-33.382281342389376],[150.96154559319484,-33.382364626255509],[150.9615051393626,-33.382421726766353],[150.96147769133913,-33.382447408969654],[150.96105153505994,-33.3827046843993],[150.96041924237247,-33.38304869500552],[150.95981801073259,-33.383349526239535],[150.95974115357183,-33.383378560365834],[150.95948187013641,-33.383459379104735],[150.95881171435809,-33.383628691358879],[150.95840396905061,-33.383740489622767],[150.95830120627366,-33.383778407762748],[150.95815357893653,-33.383842042932052],[150.95803764775584,-33.383898246858649],[150.95783089330669,-33.383986353785737],[150.95757499831649,-33.384073475000022],[150.9572765159954,-33.384187326446792],[150.95717958867451,-33.384237713182181],[150.95709277189223,-33.384296929222941],[150.95705410211417,-33.384333537459995],[150.95689911487989,-33.384516366888668],[150.95683071895081,-33.384615499503504],[150.95674738134355,-33.384779836423469],[150.95659983395649,-33.385232714333533],[150.95656368215617,-33.385364108702831],[150.95654873059661,-33.385448405977449],[150.9565392111495,-33.385548345367184],[150.95654262564594,-33.385620128868027],[150.95655670853463,-33.385672783015714],[150.9565773527182,-33.385712493754042],[150.95664361425017,-33.385799632740706],[150.95681470109096,-33.386053833436925],[150.95684853972944,-33.386112277912218],[150.95694368299607,-33.386272733364997],[150.95703275814301,-33.386397368746344],[150.95714514008003,-33.386571924286478],[150.95732820236188,-33.386821095753454],[150.95746026818333,-33.387006695205393],[150.95754438642655,-33.387144946261444],[150.95758837243449,-33.387230534924484],[150.95775457423676,-33.38767807012173],[150.95777226026806,-33.387718820280874],[150.95779343266096,-33.387781989777814],[150.95784667850282,-33.387975549069402],[150.95787457478568,-33.388145219307567],[150.95790586759856,-33.38841605690201],[150.95791354999088,-33.38852360669533],[150.95791586315275,-33.388655431122565],[150.9579112646768,-33.388712872526789],[150.95788476707088,-33.388862095641457],[150.95786729573695,-33.388923409428656],[150.95783145834699,-33.389016150331116],[150.95776008719767,-33.389180514185085]]},"properties":{"roadnamebase":"WEBBS CREEK","roadnametype":"ROAD","functionhierarchy":6,"surface":2}},{"type":"Feature","geometry":{"type":"LineString","coordinates":[[150.97837760784606,-33.402525047673379],[150.97825585019245,-33.402513600667824],[150.97817661788605,-33.402511458103774],[150.97810237751773,-33.402512882980112],[150.97801671776551,-33.402517168108076],[150.97792962430205,-33.402525737613395],[150.97784242214249,-33.402544176258267],[150.97757413040145,-33.402638755713333],[150.97726211226561,-33.402755287101606],[150.97720080763733,-33.402785020432752],[150.97709713037545,-33.402845563216957],[150.97704138362386,-33.402884699911297],[150.97694060163215,-33.402966532419569],[150.9768246075694,-33.40309739752874],[150.97667588608422,-33.403274077824769],[150.97658312694631,-33.403392141962264],[150.97653792102625,-33.403458422013188],[150.97648155623378,-33.40355461431362],[150.97644674831309,-33.403621682412101],[150.97636358048752,-33.403816595287587],[150.97619226996616,-33.404191630547473],[150.97613213135114,-33.40430852056415],[150.97611760020314,-33.404329030107618],[150.97606161988958,-33.404391052155439],[150.97603013843045,-33.404419924770316],[150.97600728978119,-33.40443295835194],[150.97592814640802,-33.40446499560715],[150.97586568564799,-33.404474515816396],[150.97580024876942,-33.404478083176116],[150.97573481189093,-33.404473323446773],[150.97567294222236,-33.40446499560715],[150.97560691335397,-33.404446557369951],[150.97558291665786,-33.40443629323871],[150.9755266138491,-33.404402956364002],[150.975499309556,-33.40437804556462],[150.97546011965341,-33.404324969294883],[150.97517371158801,-33.403909677261481],[150.97505890060651,-33.403763169960143],[150.97499052354198,-33.40368313952159],[150.97479298401106,-33.403476681227652],[150.97472890987677,-33.403420620447513],[150.97471740874619,-33.403411459337931],[150.97464660263716,-33.403364353401074],[150.97460779721357,-33.403348030476344],[150.97451832770616,-33.403328389867696],[150.97436663010245,-33.403331366331379],[150.97425099536582,-33.403351885104634],[150.97414778343122,-33.403378910993609],[150.97400608138167,-33.403439928817654],[150.97394001658074,-33.40348010539239],[150.97377827042232,-33.403617434084964],[150.97361488394009,-33.403783796620459],[150.9732757321911,-33.404194211773493],[150.97315009291714,-33.404375526587295],[150.97309852333163,-33.404463929223674],[150.97303639404998,-33.404589352929726],[150.97299035449333,-33.404766561881779],[150.9729516478844,-33.404930889949874],[150.97274520784558,-33.405798101210401]]},"properties":{"roadnamebase":"RIVER","roadnametype":"ROAD","functionhierarchy":4,"surface":1}},{"type":"Feature","geometry":{"type":"LineString","coordinates":[[150.97274520784558,-33.405798101210401],[150.97267698259634,-33.405811394802797],[150.97264628985803,-33.405819247072728],[150.97261844837249,-33.405830667396053],[150.97258632102461,-33.405844947110062],[150.9725691910505,-33.405855649769869],[150.97254991859435,-33.405869221568594],[150.97252922051189,-33.405891344540755],[150.97251065592823,-33.405909909205413],[150.9724542641863,-33.405964866768684],[150.97226223761623,-33.406152608309796],[150.972092414705,-33.406372280260847],[150.97182881127142,-33.406711423344355]]},"properties":{"roadnamebase":null,"roadnametype":null,"functionhierarchy":6,"surface":1}},{"type":"Feature","geometry":{"type":"LineString","coordinates":[[150.97182881127142,-33.406711423344355],[150.9717975624759,-33.406825158150838],[150.97155388547196,-33.407170567086453],[150.97148975743877,-33.407263155786111],[150.97144912394356,-33.407325500443044],[150.97137292973946,-33.407437711414104],[150.97133767445777,-33.407484341960448],[150.9712987351852,-33.407528911029765],[150.97127559009192,-33.407552441875374],[150.97124744317907,-33.407575873728966],[150.97118640714709,-33.407619088448513],[150.97115350095993,-33.4076384333801],[150.97113772384856,-33.407644680718981],[150.97111573578542,-33.407648732377872],[150.97108153782085,-33.407647917246798],[150.97105669850492,-33.407643927828815],[150.97102527094472,-33.407635430067955],[150.97100347961253,-33.407626816073169],[150.97098577561493,-33.407617017999904],[150.97095567486639,-33.407593469924286],[150.97093439377727,-33.407571947298543],[150.97091245062987,-33.407544553017438],[150.97088730678502,-33.407500593618209],[150.97086149908529,-33.407421253524141],[150.97085688264301,-33.407387083164132],[150.97085208653769,-33.40733677733872]]},"properties":{"roadnamebase":null,"roadnametype":null,"functionhierarchy":6,"surface":1}},{"type":"Feature","geometry":{"type":"LineString","coordinates":[[150.97085208653769,-33.40733677733872],[150.97077112407609,-33.407106994739813]]},"properties":{"roadnamebase":null,"roadnametype":null,"functionhierarchy":6,"surface":1}},{"type":"Feature","geometry":{"type":"LineString","coordinates":[[150.97085208653769,-33.40733677733872],[150.97095957355472,-33.407291643500898],[150.97105190329793,-33.407240244274675],[150.97113761694905,-33.407186254132299],[150.97120266845039,-33.407138870531391],[150.97128904505823,-33.40706596646114],[150.97143630498442,-33.406953880992496],[150.97157252192082,-33.406843829851262],[150.97166104101061,-33.406787195322188],[150.97170673022427,-33.406765305796455],[150.97182881127142,-33.406711423344355]]},"properties":{"roadnamebase":null,"roadnametype":null,"functionhierarchy":6,"surface":1}},{"type":"Feature","geometry":{"type":"LineString","coordinates":[[150.98203948320221,-33.399649832565267],[150.98209303447126,-33.39955781772121],[150.98214112578,-33.399455386567837],[150.98216199364404,-33.399399944161445],[150.98219423777286,-33.399298346030513],[150.9822063389781,-33.399251357107872],[150.98224220331747,-33.399083533212838],[150.98225620535783,-33.398996457040397],[150.98230582110759,-33.398609087872472],[150.98232882247041,-33.398516158463572],[150.98247193218,-33.398142745646176],[150.9824923526831,-33.398083440040693],[150.98270782887533,-33.397577952176775],[150.98283019558667,-33.397279236375532],[150.98284915453075,-33.397217134253069],[150.98286285204225,-33.397113098380146],[150.98286062871188,-33.397062434114389],[150.98280136775091,-33.396720825665525],[150.98278721389531,-33.396593375388804],[150.9827861287304,-33.396480348675794],[150.98281873128707,-33.395885140477411],[150.98280770536522,-33.39559827552263],[150.98279043166065,-33.395491666727175]]},"properties":{"roadnamebase":"RIVER","roadnametype":"ROAD","functionhierarchy":4,"surface":1}},{"type":"Feature","geometry":{"type":"LineString","coordinates":[[150.98247706874682,-33.396872236234358],[150.98201085209752,-33.396705810966594]]},"properties":{"roadnamebase":null,"roadnametype":null,"functionhierarchy":6,"surface":1}},{"type":"Feature","geometry":{"type":"LineString","coordinates":[[150.98247706874682,-33.396872236234358],[150.98240025650182,-33.396928781228652],[150.98229143368999,-33.397057871224128],[150.98213247590215,-33.397288317133814],[150.98197275544462,-33.397555784339019],[150.98184179185597,-33.397843169314875],[150.9815471273748,-33.398286985511405]]},"properties":{"roadnamebase":null,"roadnametype":null,"functionhierarchy":6,"surface":1}},{"type":"Feature","geometry":{"type":"LineString","coordinates":[[150.96911231303875,-33.401654536993206],[150.97006284469541,-33.402346494013116],[150.97013052197227,-33.402358801217567]]},"properties":{"roadnamebase":null,"roadnametype":null,"functionhierarchy":8,"surface":2}},{"type":"Feature","geometry":{"type":"LineString","coordinates":[[150.97013052197227,-33.402358801217567],[150.96996441089982,-33.402567984429922],[150.96994045911939,-33.402571983080215]]},"properties":{"roadnamebase":null,"roadnametype":null,"functionhierarchy":8,"surface":2}},{"type":"Feature","geometry":{"type":"LineString","coordinates":[[150.96901410382199,-33.401924523306647],[150.96904476062767,-33.401758940899839],[150.96911231303875,-33.401654536993206]]},"properties":{"roadnamebase":"PIONEER","roadnametype":"ROAD","functionhierarchy":8,"surface":2}},{"type":"Feature","geometry":{"type":"LineString","coordinates":[[150.97013052197227,-33.402358801217567],[150.97018281829483,-33.402337269795602],[150.97025013804225,-33.402268346111413],[150.97026895325587,-33.402241901828305],[150.9702628033894,-33.402192681183109],[150.97020743303196,-33.402121928284807],[150.96945682593332,-33.401565130324286],[150.96937991487368,-33.401537440921189],[150.96927603099931,-33.401545535059128],[150.96919842105032,-33.401580504156179],[150.96911231303875,-33.401654536993206]]},"properties":{"roadnamebase":null,"roadnametype":null,"functionhierarchy":8,"surface":2}},{"type":"Feature","geometry":{"type":"LineString","coordinates":[[150.96994045911939,-33.402571983080215],[150.96979087704815,-33.402786105585157]]},"properties":{"roadnamebase":null,"roadnametype":null,"functionhierarchy":8,"surface":2}},{"type":"Feature","geometry":{"type":"LineString","coordinates":[[150.96994045911939,-33.402571983080215],[150.96990903155921,-33.402577217622124],[150.96981674763003,-33.402500306570815],[150.96901410382199,-33.401924523306647]]},"properties":{"roadnamebase":null,"roadnametype":null,"functionhierarchy":8,"surface":2}},{"type":"Feature","geometry":{"type":"LineString","coordinates":[[150.96858225491883,-33.402551813592268],[150.96868962515481,-33.402370114004938],[150.96870833346898,-33.402346915477345]]},"properties":{"roadnamebase":"PIONEER","roadnametype":"ROAD","functionhierarchy":8,"surface":2}},{"type":"Feature","geometry":{"type":"LineString","coordinates":[[150.96887208736206,-33.402143854227532],[150.96979087704815,-33.402786105585157]]},"properties":{"roadnamebase":null,"roadnametype":null,"functionhierarchy":8,"surface":2}},{"type":"Feature","geometry":{"type":"LineString","coordinates":[[150.96979087704815,-33.402786105585157],[150.96962691744082,-33.403020827406358]]},"properties":{"roadnamebase":null,"roadnametype":null,"functionhierarchy":8,"surface":2}},{"type":"Feature","geometry":{"type":"LineString","coordinates":[[150.96887208736206,-33.402143854227532],[150.96889610202462,-33.402114075680707],[150.96900347226062,-33.401981937943013],[150.96901410382199,-33.401924523306647]]},"properties":{"roadnamebase":"PIONEER","roadnametype":"ROAD","functionhierarchy":8,"surface":2}},{"type":"Feature","geometry":{"type":"LineString","coordinates":[[150.96870833346898,-33.402346915477345],[150.96962691744082,-33.403020827406358]]},"properties":{"roadnamebase":null,"roadnametype":null,"functionhierarchy":8,"surface":2}},{"type":"Feature","geometry":{"type":"LineString","coordinates":[[150.96962691744082,-33.403020827406358],[150.96953065307665,-33.403158630030305],[150.96946604983472,-33.40317708728908],[150.96939837165954,-33.403170937869625],[150.96923533462197,-33.403081719493656],[150.96858225491883,-33.402551813592268]]},"properties":{"roadnamebase":null,"roadnametype":null,"functionhierarchy":8,"surface":2}},{"type":"Feature","geometry":{"type":"LineString","coordinates":[[150.96870833346898,-33.402346915477345],[150.96887208736206,-33.402143854227532]]},"properties":{"roadnamebase":"PIONEER","roadnametype":"ROAD","functionhierarchy":8,"surface":2}},{"type":"Feature","geometry":{"type":"LineString","coordinates":[[150.9689122007328,-33.403200017120483],[150.96905998976666,-33.403235532249646],[150.96923225968871,-33.403327825172049],[150.96940145467755,-33.403432417549446],[150.96949681353993,-33.403481638242248],[150.96955834274698,-33.403487787639691],[150.96961063817128,-33.403487787639691],[150.96967215839516,-33.40345087400015],[150.96989673272461,-33.403180161998641],[150.97001362330599,-33.403084803205743],[150.97011514011965,-33.403020199714497],[150.97019661372266,-33.402962686773371],[150.97021974084967,-33.402946363023247],[150.9702381976355,-33.402884843898164],[150.97019205117934,-33.402811016091043]]},"properties":{"roadnamebase":null,"roadnametype":null,"functionhierarchy":8,"surface":2}},{"type":"Feature","geometry":{"type":"LineString","coordinates":[[150.9689122007328,-33.403200017120483],[150.9689122007328,-33.403281150398612],[150.968797237936,-33.403429934541215],[150.96839880725969,-33.403876205948464]]},"properties":{"roadnamebase":null,"roadnametype":null,"functionhierarchy":6,"surface":2}},{"type":"Feature","geometry":{"type":"LineString","coordinates":[[150.96186417352382,-33.409020463379996],[150.96178530773008,-33.409113904218884],[150.96155276444574,-33.409298571210321],[150.96147156932051,-33.409348688430654]]},"properties":{"roadnamebase":null,"roadnametype":null,"functionhierarchy":6,"surface":1}},{"type":"Feature","geometry":{"type":"LineString","coordinates":[[150.96078340411731,-33.409697190306126],[150.96073448815514,-33.409918278048636],[150.96073230974056,-33.409968574880331],[150.96073613746199,-33.409993019906892],[150.96075946132004,-33.41003095508907],[150.96079281666482,-33.410058411575129],[150.96084624127138,-33.410074860716918],[150.96086908183585,-33.410074860716918],[150.96091704827873,-33.410064874702464],[150.96097482073128,-33.410037247997977],[150.96103637688785,-33.409989371037746],[150.96108577704189,-33.409962174734979],[150.96114177532175,-33.409945205911441],[150.96126847191286,-33.409880055616547],[150.96141255898942,-33.409794440517011],[150.96180241165311,-33.409558472709065],[150.96220919666155,-33.409312178465207],[150.96239193644814,-33.409142768515238],[150.96246147054273,-33.409051182906722],[150.96247705810958,-33.409020149930683],[150.96248616612823,-33.408994647301043],[150.96248834454278,-33.408968974441322],[150.96248780645195,-33.408954739483718],[150.96248110142665,-33.408934149295433],[150.96246892835626,-33.408917566459102],[150.96245040868837,-33.408903107279038],[150.96242435035856,-33.408890942728945],[150.96241534115458,-33.408888414883933],[150.96239169480143,-33.408884775716828],[150.96235983694814,-33.408884775716828],[150.96231485560696,-33.408891884578033],[150.96227443680903,-33.408902058197249],[150.96218542454417,-33.408932652535988],[150.96198366293135,-33.408987368975588],[150.96186417352382,-33.409020463379996]]},"properties":{"roadnamebase":null,"roadnametype":null,"functionhierarchy":6,"surface":1}},{"type":"Feature","geometry":{"type":"LineString","coordinates":[[150.96089981050676,-33.409125117892664],[150.96116975155471,-33.409192563378234],[150.96132022116137,-33.409250694592856],[150.96147156932051,-33.409348688430654]]},"properties":{"roadnamebase":null,"roadnametype":null,"functionhierarchy":6,"surface":1}},{"type":"Feature","geometry":{"type":"LineString","coordinates":[[150.96147156932051,-33.409348688430654],[150.96099876352858,-33.409640547139126],[150.96078340411731,-33.409697190306126]]},"properties":{"roadnamebase":null,"roadnametype":null,"functionhierarchy":6,"surface":1}},{"type":"Feature","geometry":{"type":"LineString","coordinates":[[150.96256929802121,-33.408567092263887],[150.96268363379397,-33.408578593213278],[150.96271710502143,-33.408585163683924],[150.96277940498308,-33.408604499401775],[150.96281332446989,-33.408621288515491],[150.96286105735078,-33.408660344620252],[150.96288215877681,-33.408685802355173],[150.96290070539422,-33.408726597405575],[150.96290853061859,-33.408767831867046],[150.96290555450008,-33.408799134140395],[150.96289745978103,-33.408835384113026],[150.9628659603556,-33.408915558281457],[150.96279414993009,-33.409062603555071],[150.96272917029404,-33.409168620544307],[150.9626489157049,-33.409265548150152],[150.96254422514335,-33.409357867661051],[150.96242334604207,-33.409440677158265],[150.96196263337055,-33.409714508618833],[150.96151058045831,-33.410021265268277]]},"properties":{"roadnamebase":null,"roadnametype":null,"functionhierarchy":6,"surface":1}},{"type":"Feature","geometry":{"type":"LineString","coordinates":[[150.96256929802121,-33.408567092263887],[150.96254326664095,-33.408568840240306],[150.96251566590385,-33.408573125069573],[150.962478546618,-33.408583828143186],[150.96244286104337,-33.408594540214075],[150.96215232072757,-33.408697330284568],[150.96188177870673,-33.40876014933675],[150.96165549218836,-33.408838664839401],[150.96162550732251,-33.408854370331042],[150.96158767926585,-33.40887936158375],[150.9615641218459,-33.408912904457367],[150.96154365732539,-33.408968346792442]]},"properties":{"roadnamebase":null,"roadnametype":null,"functionhierarchy":6,"surface":1}},{"type":"Feature","geometry":{"type":"LineString","coordinates":[[150.96186417352382,-33.409020463379996],[150.96154365732539,-33.408968346792442]]},"properties":{"roadnamebase":null,"roadnametype":null,"functionhierarchy":6,"surface":1}},{"type":"Feature","geometry":{"type":"LineString","coordinates":[[150.98733694455245,-33.364615793984804],[150.98736048400613,-33.364455249055894],[150.98744479898036,-33.364370934433417],[150.98759334080256,-33.364334800213257],[150.98793058363157,-33.364294650561995],[150.98848818858966,-33.364244900501234],[150.98911037792513,-33.364238061084841],[150.98978042680392,-33.364210711666786],[150.99026587997679,-33.364224391253614],[150.99062141789486,-33.364224391253614],[150.99080602258405,-33.364251739917094],[150.99120258027293,-33.364313278129806],[150.99138656602292,-33.364349116004583]]},"properties":{"roadnamebase":"OLD GREAT NORTH","roadnametype":"ROAD","functionhierarchy":8,"surface":2}},{"type":"Feature","geometry":{"type":"LineString","coordinates":[[150.99138656602292,-33.364349116004583],[150.99154451051112,-33.36434195323249],[150.99166331989397,-33.364336566335325],[150.99193078698164,-33.364281859299638],[150.99239279053225,-33.36412989229683],[150.99240240879396,-33.364126405810524],[150.99289734548123,-33.363947511435988],[150.99297342290436,-33.363917930630024],[150.99311619215248,-33.363862407789462],[150.99320129674581,-33.363801613524572],[150.9932609879998,-33.363729991328739],[150.99329248742524,-33.363692199496406],[150.99337150413601,-33.363534146764806],[150.99346269481543,-33.363406481278957],[150.99360251489443,-33.363278825359352],[150.99372957081155,-33.363127173220676],[150.99379095628822,-33.363053901364559],[150.99389430207177,-33.362853296271794],[150.99399764785531,-33.362567587304241],[150.9940888286533,-33.362312266814101],[150.99413138094994,-33.362032634872257],[150.99419217443688,-33.361607105692912],[150.99425295983886,-33.361284922517541],[150.99431983042857,-33.361114705431369],[150.9944414003343,-33.360980971776264],[150.99461162658909,-33.360780358153299],[150.99477575687632,-33.360555442706413],[150.9949338100607,-33.360294044142108],[150.99515265583358,-33.359898912475863],[150.99531678701911,-33.359546331855128],[150.99553563369034,-33.359145113288726],[150.99577271256851,-33.358756058438189],[150.99597331715128,-33.358470349524197],[150.9962529492245,-33.358166398706636],[150.99664200328581,-33.357692240304615],[150.99681221157425,-33.357430841393857],[150.9970432133496,-33.357053942432508],[150.99729853431629,-33.356719603564031],[150.99761693498218,-33.356346316627899],[150.99782740935498,-33.356099547464815],[150.99819214422493,-33.355667931788254],[150.99836843949774,-33.355394369017816],[150.99850217259242,-33.355126901929943],[150.99861159637717,-33.354859434770539],[150.99867238986403,-33.354537242372373],[150.99867238986403,-33.354318404388891],[150.99860551837597,-33.354032686910351],[150.998532569785,-33.353771288264269],[150.99844746519159,-33.353491656642511],[150.99844138808868,-33.353327526234949],[150.99852488739268,-33.353174268992404],[150.99868907157887,-33.352952975398061],[150.99896033045533,-33.352588921314343],[150.99906740514555,-33.352371194979426],[150.99914047051755,-33.352099568307125],[150.99915848802718,-33.352061184634856],[150.99927818404723,-33.351745894313773],[150.99933180718145,-33.351558207115268],[150.99940888802271,-33.35140738772995],[150.99952284740138,-33.351236462479257],[150.99968130392932,-33.351054161902098],[150.99983118154626,-33.350918061847949],[151.00011271265799,-33.35069686682116],[151.00025951623999,-33.350579465751125],[151.00036659093027,-33.350497373828397],[151.00051649549673,-33.350429560889246],[151.00067711247291,-33.350386731202889],[151.00083771956756,-33.350361739643091],[151.00102432300829,-33.350304737398872],[151.00113085062455,-33.350288700914845]]},"properties":{"roadnamebase":"OLD GREAT NORTH","roadnametype":"ROAD","functionhierarchy":9,"surface":2}},{"type":"Feature","geometry":{"type":"LineString","coordinates":[[150.96650138302167,-33.359203226953326],[150.9666779379076,-33.359311395112712],[150.96667826938591,-33.359311565432535],[150.96672576062005,-33.35933589340204],[150.96676292571996,-33.35935492419604],[150.96687071726589,-33.359392232463456],[150.9668763470078,-33.359393559006001],[150.96697463707287,-33.359416685711601],[150.96697643819505,-33.359417107383969],[150.96697760420827,-33.359417277703585],[150.96708625634022,-33.359433080661162],[150.96709044248942,-33.35943369066036],[150.96709111442925,-33.359433636638279]]},"properties":{"roadnamebase":"SETTLERS","roadnametype":"ROAD","functionhierarchy":6,"surface":2}},{"type":"Feature","geometry":{"type":"LineString","coordinates":[[150.96656812964386,-33.36289035319728],[150.96640055701252,-33.36287987483194],[150.96623821886422,-33.362900823308308],[150.96572375819255,-33.363015974939266]]},"properties":{"roadnamebase":"SETTLERS","roadnametype":"ROAD","functionhierarchy":6,"surface":1}},{"type":"Feature","geometry":{"type":"LineString","coordinates":[[150.98490559045561,-33.345662221137616],[150.98492948833706,-33.345528675360626],[150.98488899767395,-33.345374826559464],[150.98471896006544,-33.345140006155781],[150.98441936652824,-33.344791827074999],[150.98427763663094,-33.344638982553576],[150.98400641368715,-33.344346487633125],[150.98376349845449,-33.34408737500685],[150.98361774410472,-33.343998309131642],[150.98359385520635,-33.34398857442892],[150.98346102671519,-33.343934467712799],[150.98339912201229,-33.343909243165285],[150.98318859374066,-33.343860658143178],[150.98289710300739,-33.343763488768055],[150.98266228249378,-33.343593450543224],[150.98236268805832,-33.343350536287701],[150.98203070756026,-33.343026649559661],[150.98189951040962,-33.342864589424252],[150.98146637152576,-33.342242139749196],[150.98121345265409,-33.341561729075394],[150.98113909640307,-33.341451678465845],[150.9810141739847,-33.341335675048761],[150.98080300072269,-33.341160196472501],[150.9797474290599,-33.34044911088872],[150.97969577862597,-33.340371626311295],[150.9796700886055,-33.340310366106642],[150.97965216002905,-33.340011372552496],[150.97969417423488,-33.339797483467208],[150.97973920947501,-33.339654910964875]]},"properties":{"roadnamebase":"SETTLERS","roadnametype":"ROAD","functionhierarchy":6,"surface":2}},{"type":"Feature","geometry":{"type":"LineString","coordinates":[[150.9753253723608,-33.376371964359969],[150.97453803045531,-33.375618451920296],[150.97422775145785,-33.375314832566374],[150.97402908274458,-33.375124751390516],[150.97384989309987,-33.374945534552033],[150.97364672382702,-33.374706734729422],[150.97357001937985,-33.374607404774672],[150.97356279423005,-33.374596235408283],[150.97350649142132,-33.374501898502849],[150.97343777389534,-33.374374466662566],[150.97338732450893,-33.374246927359955],[150.9733235549036,-33.373963297801041],[150.97326800488301,-33.373699478915768],[150.97323048135533,-33.373566883879363],[150.97313060486539,-33.373310961759373],[150.97300576329542,-33.373123695412573],[150.97282525582219,-33.372876477951046],[150.97249074746486,-33.372447103046454],[150.97182164002049,-33.371802745262826],[150.97170838042945,-33.371639986998588],[150.97164608945104,-33.371521769451689],[150.97163878345279,-33.371502514757552],[150.97149708140324,-33.3711793276888],[150.97145140027445,-33.371106037857004],[150.9713895315042,-33.37100324833807],[150.97074707348102,-33.370278940948594],[150.97057956373163,-33.370113331269117],[150.97049390397942,-33.370049561518123],[150.97039396460741,-33.369993401906427],[150.97030164474569,-33.369955332214012],[150.97020646554637,-33.369933442414599],[150.97010176600173,-33.369924872696942],[150.96999611603943,-33.369935342711699],[150.96981631733703,-33.369981937112868],[150.96957162703339,-33.370055271404183],[150.96939649777386,-33.370087631169319],[150.96916806877346,-33.370096200870968],[150.96907400079019,-33.370087559898941],[150.96884399434825,-33.370038294038494],[150.96874310455863,-33.370007842802885],[150.96855956706798,-33.369910467046907],[150.9684252150341,-33.369726113977258],[150.96835097556411,-33.369579535554315],[150.96833955528186,-33.369533854704912],[150.96832241632458,-33.369474835672136]]},"properties":{"roadnamebase":"ST ALBANS","roadnametype":"ROAD","functionhierarchy":3,"surface":1}},{"type":"Feature","geometry":{"type":"LineString","coordinates":[[150.96832241632458,-33.369474835672136],[150.9682696986921,-33.36947730089485],[150.96822657327024,-33.369479452525567],[150.96818776784664,-33.369479452525567],[150.96815973771481,-33.369472980378205],[150.96814895433818,-33.369457894203713],[150.96813601859805,-33.369429863725976],[150.96813386713293,-33.369395370088739],[150.96812523522141,-33.369345772238567],[150.96812308375632,-33.369309127683344],[150.96811877184291,-33.369266001947217],[150.9681123003796,-33.369227196718818],[150.96809721407277,-33.369199166916957],[150.9680842702478,-33.369184070942111],[150.96805839966598,-33.369166824826699]]},"properties":{"roadnamebase":null,"roadnametype":null,"functionhierarchy":8,"surface":2}},{"type":"Feature","geometry":{"type":"LineString","coordinates":[[150.95770953001349,-33.366218625121348],[150.95754772995608,-33.366180555277566],[150.95699648147686,-33.365947868441083],[150.95696690893774,-33.365939657700778],[150.95681723793331,-33.365902160926517],[150.95631992520219,-33.365823636646319],[150.95618905952986,-33.365790326226723],[150.95606533007418,-33.365723697096513],[150.95595111108244,-33.365599967651406],[150.95585831601196,-33.365473852971505],[150.9558026492104,-33.3653269605296],[150.9557740899709,-33.365193710511498],[150.95568462944669,-33.364656912075503],[150.95567891077161,-33.364536982693672],[150.95567891077161,-33.364401832548417],[150.95569034003694,-33.364281903565249],[150.95570556019283,-33.364215283783651],[150.95576266968871,-33.364148654197557],[150.95615550745401,-33.363532954583903],[150.95622186780068,-33.363298814890527],[150.95629355246206,-33.362795810776177],[150.95629577579231,-33.36270114220558],[150.95628658782363,-33.36263742554339],[150.95627050618344,-33.362576667936601],[150.95625366277187,-33.362540650765283],[150.95617333721574,-33.362432338814422],[150.95608436088349,-33.362361523544472],[150.95591066533513,-33.362271104099108],[150.95572292372896,-33.362217257089192],[150.95556588384423,-33.362190132120823],[150.95548949290909,-33.362187819749323],[150.95533007698046,-33.362187819749323],[150.95484335089495,-33.362247923381446],[150.95434835132559,-33.362300030468894],[150.95433440318419,-33.362301644325036],[150.95427502634053,-33.362307972951804]]},"properties":{"roadnamebase":"ST ALBANS","roadnametype":"ROAD","functionhierarchy":3,"surface":1}},{"type":"Feature","geometry":{"type":"LineString","coordinates":[[150.95427502634053,-33.362307972951804],[150.95438619734853,-33.362422424605064],[150.954463663567,-33.362531363802191],[150.9545290204955,-33.362594300251601],[150.95458470436503,-33.362616091360159],[150.95466217148189,-33.362642723262539],[150.95473479757769,-33.362676616353035],[150.95481710481727,-33.362700818835606],[150.95489457103577,-33.362717769872866],[150.95498655941921,-33.362739552697406],[150.95508097774547,-33.362792816418469],[150.9551511738984,-33.362841231065872],[150.95520443860482,-33.362921117538555],[150.9552649545123,-33.362974372895444],[150.95532305844316,-33.363020367052769],[150.95538357435055,-33.363078471377023],[150.95546589057329,-33.363141416434033],[150.95552156635802,-33.363192251271819],[150.95556756010055,-33.363240665696964],[150.95556271997776,-33.36328665971353],[150.95554335769015,-33.363356865759449],[150.95551188521418,-33.363410129852923]]},"properties":{"roadnamebase":null,"roadnametype":null,"functionhierarchy":8,"surface":2}},{"type":"Feature","geometry":{"type":"LineString","coordinates":[[150.95630622769067,-33.38203042215347],[150.95629993499216,-33.381920031152383],[150.95630198764252,-33.381879191262179],[150.95632275759021,-33.381773039712812],[150.95635496488808,-33.38166836726019],[150.95639522198928,-33.381590533066216],[150.95645426825288,-33.381507320469829],[150.9565079533709,-33.381429486131665],[150.95654250078007,-33.381380130680363],[150.95657242186559,-33.38131666548626],[150.95658259618446,-33.381265992013169],[150.95657685055997,-33.381211240115199],[150.95657236886495,-33.381193294273181],[150.95654821047202,-33.381158397236071]]},"properties":{"roadnamebase":null,"roadnametype":null,"functionhierarchy":8,"surface":2}},{"type":"Feature","geometry":{"type":"LineString","coordinates":[[150.9753253723608,-33.376371964359969],[150.97523076718494,-33.376400630987035],[150.97508442982857,-33.376500570273699],[150.97500591437779,-33.376504138031493],[150.97488456006772,-33.376500570273699],[150.97478105258742,-33.376504138031493],[150.97469896094353,-33.376504138031493],[150.97462758081105,-33.37651127354664],[150.97452407333074,-33.37653268834034],[150.97445981953342,-33.376579085666634],[150.97441342244733,-33.376629059722738],[150.97432062737676,-33.376725422746595],[150.97428136471061,-33.376789676705712],[150.97427065319914,-33.376825362410209]]},"properties":{"roadnamebase":null,"roadnametype":null,"functionhierarchy":8,"surface":2}},{"type":"Feature","geometry":{"type":"LineString","coordinates":[[150.97450961494624,-33.392446504137396],[150.97433063101576,-33.39231232213708],[150.97429531285209,-33.392281334183799],[150.97406154157076,-33.391976271459491],[150.9737871269127,-33.39133096408289],[150.97360295341485,-33.39070993060907],[150.97344733825818,-33.390214526913375]]},"properties":{"roadnamebase":"CHASELING","roadnametype":"ROAD","functionhierarchy":6,"surface":1}},{"type":"Feature","geometry":{"type":"LineString","coordinates":[[150.97498320856067,-33.39242531301938],[150.97502099170148,-33.392395929403939],[150.97506296997472,-33.392358146276479],[150.97511334749586,-33.392332957515727],[150.97518890479441,-33.392320372132886],[150.97526446209295,-33.392328762638314],[150.97532743489273,-33.392349755773871],[150.97536101391802,-33.392358146276479],[150.97539040679413,-33.392374935529503],[150.97541979068703,-33.392429508642159],[150.97542818095181,-33.392467291738583]]},"properties":{"roadnamebase":null,"roadnametype":null,"functionhierarchy":8,"surface":2}},{"type":"Feature","geometry":{"type":"LineString","coordinates":[[150.97450961494624,-33.392446504137396],[150.97459280972132,-33.392416914273056],[150.97468516551569,-33.392400124278097],[150.97479010670716,-33.392408523776098],[150.97488246250154,-33.392408523776098],[150.97498320856067,-33.39242531301938]]},"properties":{"roadnamebase":null,"roadnametype":null,"functionhierarchy":8,"surface":2}},{"type":"Feature","geometry":{"type":"LineString","coordinates":[[150.97498320856067,-33.39242531301938],[150.97504197634652,-33.392236406282038],[150.97508395461978,-33.392123065642686],[150.97514273138879,-33.392030718818177],[150.9752350782,-33.392001335069331],[150.97537781241383,-33.392009725605575],[150.97551213749827,-33.392051703775429],[150.97562968205321,-33.392127270280355],[150.97574302249259,-33.392215422119392],[150.97621737877668,-33.392584836544607],[150.97638109673724,-33.392740155169214],[150.97647764766393,-33.392870285661274],[150.97654481469772,-33.392958445746977],[150.97661617686393,-33.393000424208708],[150.97670013341039,-33.393008814648468],[150.97676730044418,-33.392987829922298],[150.97683866261033,-33.392937452758439],[150.97766564357607,-33.392475691230125],[150.97777058476754,-33.39240432890233],[150.97782096228869,-33.392324567010704],[150.97785874542956,-33.392236406282038],[150.97787133980978,-33.392165044507863],[150.97787973007453,-33.392081087507258]]},"properties":{"roadnamebase":null,"roadnametype":null,"functionhierarchy":8,"surface":2}},{"type":"Feature","geometry":{"type":"LineString","coordinates":[[150.97518663744665,-33.386241547489035],[150.97502801023879,-33.38598791215005],[150.97497101752396,-33.38593249640612],[150.97427845147416,-33.385459018889328],[150.97422308111666,-33.385433696114916],[150.97400447609226,-33.385379042851902],[150.97245021188604,-33.385089344655292]]},"properties":{"roadnamebase":"WEBBS CREEK","roadnametype":"ROAD","functionhierarchy":6,"surface":2}},{"type":"Feature","geometry":{"type":"LineString","coordinates":[[150.97245021188604,-33.385089344655292],[150.97300637325151,-33.383442392353842]]},"properties":{"roadnamebase":null,"roadnametype":null,"functionhierarchy":8,"surface":2}},{"type":"Feature","geometry":{"type":"LineString","coordinates":[[150.97245021188604,-33.385089344655292],[150.97215324412446,-33.385874705878393],[150.97212299066234,-33.385959415200709],[150.97212904171406,-33.386025973324706],[150.97215324412446,-33.386056226182305],[150.97218349758657,-33.38608042891088],[150.97222585225393,-33.386098581515419],[150.97234081594905,-33.386134885213011],[150.97293376512198,-33.386213544172548]]},"properties":{"roadnamebase":null,"roadnametype":null,"functionhierarchy":8,"surface":2}},{"type":"Feature","geometry":{"type":"LineString","coordinates":[[150.99205538600648,-33.399283179534471],[150.99210386359078,-33.399375068675788],[150.99216378750845,-33.39949935453761],[150.99251000360886,-33.400054179851963],[150.99265768484489,-33.400233692915073]]},"properties":{"roadnamebase":"SINGLETON","roadnametype":"ROAD","functionhierarchy":6,"surface":1}},{"type":"Feature","geometry":{"type":"LineString","coordinates":[[150.99265768484489,-33.400233692915073],[150.99216255951143,-33.400542223680944],[150.99200681050579,-33.400585188415555],[150.99182959266318,-33.400628152378971],[150.99169532956248,-33.400633522029239],[150.99156106736015,-33.400676486718687],[150.9911153152313,-33.400859083037233],[150.99092198071418,-33.400971858821954],[150.9906964290177,-33.401122238306407],[150.99034197536616,-33.401417610394283],[150.99014863995072,-33.401594837064742],[150.9899767823554,-33.401712982227991]]},"properties":{"roadnamebase":null,"roadnametype":null,"functionhierarchy":8,"surface":2}},{"type":"Feature","geometry":{"type":"LineString","coordinates":[[150.98653932951336,-33.397917704819179],[150.98707611960799,-33.397734499338945],[150.98714659423871,-33.39770110814451],[150.98718886805764,-33.397680975774733],[150.98726954395673,-33.397656513034235],[150.98729126342357,-33.397652891396085],[150.98738770745084,-33.397641757989],[150.98749899523978,-33.397645468874863],[150.98758431453049,-33.397656602281486],[150.98771043709814,-33.397664015802022],[150.98781800496351,-33.3976788600907],[150.98791445797386,-33.397723365942348],[150.98800719016236,-33.39777901416182],[150.98809622039352,-33.397838364973545],[150.98820379724205,-33.397927386240333],[150.98830765326866,-33.398012705545582],[150.98842265289642,-33.398064642712001],[150.98852280696576,-33.398079477932534],[150.98864893043162,-33.398075767065194],[150.98871940506234,-33.398046095870335],[150.98879731145533,-33.398005292054769],[150.9888455285282,-33.397949643980205],[150.98887520796686,-33.39789771574479]]},"properties":{"roadnamebase":null,"roadnametype":null,"functionhierarchy":8,"surface":2}},{"type":"Feature","geometry":{"type":"LineString","coordinates":[[150.98619682435344,-33.393929173549608],[150.98628736105931,-33.39392792703466],[150.98637588014907,-33.393934390611953],[150.98645324845123,-33.393949835544745],[150.98652749690447,-33.393977085610516],[150.98657520283592,-33.394000562375702],[150.98663744889862,-33.394038363539408],[150.98674267755092,-33.39411448557258],[150.98679329671893,-33.394150413169044],[150.9868458257051,-33.394207047685043],[150.98688472904516,-33.394291327384622],[150.98687023472806,-33.394418884537977],[150.98682095045663,-33.394531946932183],[150.98674847707446,-33.394627610612361],[150.98667309854059,-33.394682694562277]]},"properties":{"roadnamebase":null,"roadnametype":null,"functionhierarchy":8,"surface":2}},{"type":"Feature","geometry":{"type":"LineString","coordinates":[[150.98193969654383,-33.407257383102646],[150.98170364803326,-33.40707517217912],[150.98152740665938,-33.406979043018445],[150.98139388826206,-33.406920293118539],[150.98124968530274,-33.406861543178827],[150.98118559230392,-33.406840181599733]]},"properties":{"roadnamebase":null,"roadnametype":null,"functionhierarchy":8,"surface":2}},{"type":"Feature","geometry":{"type":"LineString","coordinates":[[150.98770023672807,-33.379495659681517],[150.98769542265646,-33.379498672217643],[150.98769542265646,-33.379499855178196]]},"properties":{"roadnamebase":null,"roadnametype":null,"functionhierarchy":9,"surface":1}},{"type":"Feature","geometry":{"type":"LineString","coordinates":[[150.98780012220115,-33.379433235048268],[150.9877984100122,-33.379434301738854]]},"properties":{"roadnamebase":null,"roadnametype":null,"functionhierarchy":9,"surface":1}},{"type":"Feature","geometry":{"type":"LineString","coordinates":[[150.98602117586756,-33.379596881138873],[150.98589132349494,-33.37958891247947],[150.98571761896341,-33.379346212703275],[150.98576282488347,-33.379215338085743],[150.98594842400763,-33.379022603946581],[150.98610071270286,-33.378927424185939],[150.98629107199977,-33.37894170381967],[150.9863814919247,-33.379032123942274],[150.98624109782219,-33.379096368695777],[150.98610308874677,-33.379165373017173],[150.98605549869794,-33.379231993352285],[150.98603170861426,-33.379391418065254],[150.98596507877303,-33.379488981992715],[150.98602109501923,-33.37959254237159],[150.98602117586756,-33.379596881138873]]},"properties":{"roadnamebase":null,"roadnametype":null,"functionhierarchy":9,"surface":1}},{"type":"Feature","geometry":{"type":"LineString","coordinates":[[150.98621749548639,-33.379598028841826],[150.98620476635884,-33.379526316882753],[150.98620537631493,-33.379483791818352],[150.98622033685768,-33.379426431332121],[150.98625555710498,-33.379375614231961],[150.98632618355091,-33.379315851741907],[150.98640966578694,-33.379263681332667],[150.98649545040502,-33.379233400607021],[150.98656382836779,-33.37921555337477],[150.98668054826928,-33.379192426680923],[150.98671206566104,-33.379187756333259]]},"properties":{"roadnamebase":null,"roadnametype":null,"functionhierarchy":6,"surface":1}},{"type":"Feature","geometry":{"type":"LineString","coordinates":[[150.98769542265646,-33.379499855178196],[150.98757035740596,-33.37976420256453]]},"properties":{"roadnamebase":null,"roadnametype":null,"functionhierarchy":9,"surface":1}},{"type":"Feature","geometry":{"type":"LineString","coordinates":[[150.98754640562555,-33.379814822153193],[150.98754589448419,-33.379815897840729]]},"properties":{"roadnamebase":null,"roadnametype":null,"functionhierarchy":9,"surface":1}},{"type":"Feature","geometry":{"type":"LineString","coordinates":[[150.98754589448419,-33.379815897840729],[150.98754667422182,-33.37981672298455]]},"properties":{"roadnamebase":null,"roadnametype":null,"functionhierarchy":9,"surface":1}},{"type":"Feature","geometry":{"type":"LineString","coordinates":[[150.98621749548639,-33.379598028841826],[150.98602117586756,-33.379596881138873]]},"properties":{"roadnamebase":null,"roadnametype":null,"functionhierarchy":9,"surface":1}},{"type":"Feature","geometry":{"type":"LineString","coordinates":[[150.96089981050676,-33.409125117892664],[150.96063614419111,-33.408999918200053],[150.96056806267234,-33.408960826253775],[150.96055195408266,-33.408949379346332],[150.96050552106394,-33.408911103246382],[150.96042007600903,-33.408823919191889]]},"properties":{"roadnamebase":"CHASELING","roadnametype":"ROAD","functionhierarchy":6,"surface":1}},{"type":"Feature","geometry":{"type":"LineString","coordinates":[[150.96042007600903,-33.408823919191889],[150.96032347118339,-33.408499432575944],[150.96031569087472,-33.408475283333054],[150.96030908376582,-33.408448014567377],[150.96030300666291,-33.408390260007323],[150.96030548062316,-33.408322600181677],[150.9603148302887,-33.408281966166818],[150.96032739771951,-33.408243922987182],[150.96035951518584,-33.408182053667197],[150.96040592215343,-33.408111265152634],[150.96044934312101,-33.408060107874945],[150.96049871722394,-33.408013710102786],[150.96074772752576,-33.407856204355348],[150.96093604315541,-33.407758505790149],[150.96102155917717,-33.407708647864212],[150.96113055177062,-33.407656567234248],[150.96123595110294,-33.40760870845903],[150.96140152408449,-33.407559164651566],[150.96175429249658,-33.407523147362689],[150.96203954443024,-33.407517499928424],[150.96234196227061,-33.407448934302991],[150.96254731804291,-33.407369128478138],[150.9627298781665,-33.407226484466726],[150.96286655234545,-33.407085965424713],[150.96294327475886,-33.407012648867251]]},"properties":{"roadnamebase":"CHASELING","roadnametype":"ROAD","functionhierarchy":6,"surface":1}},{"type":"Feature","geometry":{"type":"LineString","coordinates":[[150.96294327475886,-33.407012648867251],[150.96306721981017,-33.406863658639281],[150.96320513995241,-33.406754262044956],[150.96338630229741,-33.406608660170008],[150.96348619675362,-33.406507071218179],[150.9635674637442,-33.406364857734587],[150.96359624756252,-33.406212479083969],[150.96359803071834,-33.406094978957384],[150.96363216580079,-33.405756409395877],[150.96366058130985,-33.405669001702343],[150.96371983328771,-33.405611435021413],[150.96391960513219,-33.405482299990204],[150.96423234910674,-33.405334161285758],[150.96461765719337,-33.405104916326465],[150.96492005706742,-33.404665950166546],[150.96509273841787,-33.404373106599216],[150.96510007136558,-33.404353564461708],[150.96516756987768,-33.404234675218788],[150.9651925619072,-33.404201687729589],[150.96559894357208,-33.403665220816443],[150.96583699981727,-33.403317122200775],[150.96593630318208,-33.403054092818124],[150.96602190903533,-33.402792935970531],[150.96607901853122,-33.402711560757986],[150.96613040935205,-33.402650166705619],[150.96621179312348,-33.402621615974226],[150.96632668405505,-33.402603240340241],[150.96654346010956,-33.402587508220691],[150.9667444958836,-33.402577020389408],[150.96690564106919,-33.402533096723239],[150.96705554563556,-33.402490267190188],[150.96725398977003,-33.402406041188165],[150.96748250860196,-33.402317145999326],[150.9676328883771,-33.402230007072838]]},"properties":{"roadnamebase":"CHASELING","roadnametype":"ROAD","functionhierarchy":6,"surface":1}},{"type":"Feature","geometry":{"type":"LineString","coordinates":[[150.99013115154875,-33.378297445159738],[150.99005325413887,-33.37835764718352]]},"properties":{"roadnamebase":null,"roadnametype":null,"functionhierarchy":6,"surface":1}},{"type":"Feature","geometry":{"type":"LineString","coordinates":[[150.99013115154875,-33.378297445159738],[150.99035992999376,-33.378420511422426]]},"properties":{"roadnamebase":"SETTLERS","roadnametype":"ROAD","functionhierarchy":6,"surface":1}},{"type":"Feature","geometry":{"type":"LineString","coordinates":[[150.98305105897572,-33.387467766474209],[150.98287778563554,-33.38764417777174],[150.98273981249272,-33.387780268385441],[150.98265047683432,-33.387870966590548],[150.98256336540456,-33.387966844618489],[150.98250655145446,-33.388040385762778]]},"properties":{"roadnamebase":"RIVER","roadnametype":"ROAD","functionhierarchy":3,"surface":1}},{"type":"Feature","geometry":{"type":"LineString","coordinates":[[150.98250655145446,-33.388040385762778],[150.9822174179005,-33.38795169564662]]},"properties":{"roadnamebase":null,"roadnametype":null,"functionhierarchy":3,"surface":1}},{"type":"Feature","geometry":{"type":"LineString","coordinates":[[150.98583454547739,-33.375588305705676],[150.98593437705156,-33.375734436656735],[150.98601200496688,-33.375843976571133],[150.98616148013858,-33.376037598446544],[150.98627144111586,-33.376156882588099],[150.98633287060991,-33.37620749302409],[150.98640088116176,-33.376260720743851],[150.9864384217575,-33.376286079946915],[150.98658750167044,-33.376380757740435],[150.98668503894737,-33.376434496963199],[150.98800455450527,-33.377132306424123],[150.98909080992328,-33.377737823293948],[150.99013115154875,-33.378297445159738]]},"properties":{"roadnamebase":"SETTLERS","roadnametype":"ROAD","functionhierarchy":6,"surface":1}},{"type":"Feature","geometry":{"type":"LineString","coordinates":[[150.98279043166065,-33.395491666727175],[150.98268336595351,-33.395124242403369],[150.9826071187488,-33.394747324502355],[150.98257379933659,-33.394274788253803],[150.98254849379509,-33.393978044871481],[150.9825450873835,-33.393643419655803],[150.98251896617171,-33.393228898587509],[150.98242480925521,-33.392535525677076],[150.98241453612161,-33.392462388097208],[150.9824020136065,-33.392274386718547],[150.98236627413294,-33.391910807679579],[150.98234876776471,-33.391781672537604],[150.98227098713582,-33.391450354750305],[150.98220189231739,-33.390960231768126],[150.98212480249302,-33.390537992010778],[150.98211207336541,-33.390442230074505],[150.98207284753022,-33.390085176989409],[150.98204770278713,-33.389659845042829],[150.98204780160182,-33.389585488468008],[150.98205860384311,-33.389455080790938],[150.98216592916333,-33.388671611296552],[150.98218506687218,-33.388587179137104],[150.98221002296904,-33.388521571794385],[150.98225893982953,-33.38842613241119],[150.98232633054386,-33.388311984992157],[150.98250655145446,-33.388040385762778]]},"properties":{"roadnamebase":"RIVER","roadnametype":"ROAD","functionhierarchy":4,"surface":1}},{"type":"Feature","geometry":{"type":"LineString","coordinates":[[150.9822174179005,-33.38795169564662],[150.97853267592873,-33.386795252826829]]},"properties":{"roadnamebase":null,"roadnametype":null,"functionhierarchy":3,"surface":0}},{"type":"Feature","geometry":{"type":"LineString","coordinates":[[150.99024160570116,-33.378508851192983],[150.98843673488679,-33.379844726110889],[150.98792541203045,-33.38022317662854]]},"properties":{"roadnamebase":null,"roadnametype":null,"functionhierarchy":3,"surface":0}},{"type":"Feature","geometry":{"type":"LineString","coordinates":[[150.98792541203045,-33.38022317662854],[150.9876398546696,-33.380424668823025]]},"properties":{"roadnamebase":"OLD NORTHERN","roadnametype":"ROAD","functionhierarchy":3,"surface":1}},{"type":"Feature","geometry":{"type":"LineString","coordinates":[[150.99035992999376,-33.378420511422426],[150.99024160570116,-33.378508851192983]]},"properties":{"roadnamebase":"WISEMANS FERRY","roadnametype":"ROAD","functionhierarchy":3,"surface":1}},{"type":"Feature","geometry":{"type":"LineString","coordinates":[[150.99735796595712,-33.392353502886785],[150.99709942632683,-33.392116504427477],[150.99694551527421,-33.392041708939217],[150.99676140376008,-33.391975841694666],[150.99665754683519,-33.391958272337554],[150.99655311678509,-33.391964538054452],[150.99635284368071,-33.392016976852297],[150.99618135349635,-33.392053971851567],[150.99607676174949,-33.392068179577215],[150.99590170435513,-33.392062881400115],[150.99556828026437,-33.391979776330167],[150.99534144667197,-33.391895640644314],[150.99526969014542,-33.391864858799863],[150.9951787680622,-33.39181711658081],[150.99501767677557,-33.391722492346176],[150.99494980995419,-33.39167824668143],[150.99488543129101,-33.391628810044743],[150.99482882305512,-33.391576406264136],[150.99477017205021,-33.391516553906243],[150.99470804276851,-33.391444492512704],[150.99455224884707,-33.391220957656849],[150.99443375387463,-33.390968263138326],[150.99431668452848,-33.390614195113514],[150.99424529541281,-33.390307241687047],[150.99420389026474,-33.390000296927234],[150.99418533556255,-33.389830402296298],[150.99418105059866,-33.389691917746546],[150.99417534000838,-33.38953059329971],[150.9942141364489,-33.389035037372878],[150.99422399725577,-33.388897422366874],[150.99422895415947,-33.388755289570085],[150.99423373140019,-33.388708219941734],[150.99427480506995,-33.388457595774341],[150.99428659276305,-33.388361860798462],[150.99430545289243,-33.38816652622797],[150.99433832314702,-33.387726036632586],[150.9943479683582,-33.387550441570795],[150.9943541092415,-33.387362618585044],[150.99436365563804,-33.387184540816961],[150.99436427457726,-33.387004310736877],[150.99437957558149,-33.386823597237907],[150.9943986423234,-33.386467466881442],[150.99442166165255,-33.386197650820016],[150.99444161503169,-33.385925423920511],[150.9944482311237,-33.385747462471187],[150.99446058295888,-33.385566837869582],[150.99446413310085,-33.385386527177353],[150.99445569792039,-33.38520162784571],[150.99445336679216,-33.385021469413601],[150.99443950848229,-33.384846636228552],[150.99441671373202,-33.384669615432799],[150.99439078026808,-33.384487753943048],[150.99434446403032,-33.384311495260128],[150.99429241025285,-33.384137872048356],[150.99424331462762,-33.383964168229724],[150.99419384171,-33.383783068862705],[150.99414744462385,-33.383604326676739],[150.99411299602934,-33.383430138728073],[150.99405667525434,-33.383162877838963],[150.99399336289142,-33.382806927514743],[150.99394097673729,-33.382625908249075],[150.99391081310671,-33.382545421032944],[150.99386866505188,-33.382460352833249],[150.99382111991883,-33.382385342006827],[150.99376767644765,-33.382310538145838],[150.99370517975498,-33.38223106328617],[150.99357470035829,-33.382079715726519],[150.9934561874195,-33.381932930087736],[150.99333201778936,-33.381791254726011],[150.99320762537704,-33.381644639626487],[150.99307136352482,-33.381495944957493],[150.99295296736699,-33.381351624719599],[150.99269526227152,-33.381056226444109],[150.99256237988149,-33.380917302598988],[150.99242635159129,-33.380773537991679],[150.99230817911396,-33.380634147868108],[150.99221523132982,-33.380466781608582],[150.99217614024192,-33.380384098275833],[150.99213978182908,-33.380296376264134],[150.99209764185912,-33.380211326117596],[150.99204704065747,-33.380133948947602],[150.9919906570004,-33.380059225664006],[150.99192253954899,-33.379984869129387],[150.99177814794348,-33.379851252246034],[150.99170469719428,-33.379789418221101],[150.99135602509989,-33.379435233405353],[150.99116398954669,-33.379224131928844],[150.99035992999376,-33.378420511422426]]},"properties":{"roadnamebase":"WISEMANS FERRY","roadnametype":"ROAD","functionhierarchy":3,"surface":1}},{"type":"Feature","geometry":{"type":"LineString","coordinates":[[150.98279043166065,-33.395491666727175],[150.98277430510467,-33.395510249363824],[150.98273204925201,-33.395558932297881],[150.98265630330727,-33.39572749124337],[150.9826328267356,-33.395962203632315],[150.98260082515193,-33.396189449992384],[150.98260189235049,-33.396427353830248],[150.9826104263457,-33.396714344295802],[150.98256241498703,-33.396847702017709],[150.98247706874682,-33.396872236234358]]},"properties":{"roadnamebase":null,"roadnametype":null,"functionhierarchy":6,"surface":1}},{"type":"Feature","geometry":{"type":"LineString","coordinates":[[150.98757035740596,-33.37976420256453],[150.98774035908193,-33.380015696437454]]},"properties":{"roadnamebase":null,"roadnametype":null,"functionhierarchy":9,"surface":2}},{"type":"Feature","geometry":{"type":"LineString","coordinates":[[150.9876398546696,-33.380424668823025],[150.98765004695485,-33.380446388704229],[150.98766643312391,-33.380470878041898]]},"properties":{"roadnamebase":"OLD NORTHERN","roadnametype":"ROAD","functionhierarchy":3,"surface":1}},{"type":"Feature","geometry":{"type":"LineString","coordinates":[[150.99005325413887,-33.37835764718352],[150.98774035908193,-33.380015696437454]]},"properties":{"roadnamebase":null,"roadnametype":null,"functionhierarchy":3,"surface":1}},{"type":"Feature","geometry":{"type":"LineString","coordinates":[[150.9676328883771,-33.402230007072838],[150.96787413633655,-33.402021423748032],[150.96829200116574,-33.401717231398209],[150.96836884036017,-33.40167698276381],[150.96846688877844,-33.40162562821201],[150.96901059859573,-33.401456684736495],[150.96930684051856,-33.401292500086349],[150.96971134829772,-33.401153298102052],[150.97019199728044,-33.400885616235186],[150.97060602540495,-33.400532265068875],[150.97073451503331,-33.400447788184493],[150.97084356242397,-33.400355996921597],[150.97125176407562,-33.400162213964833],[150.97145945906087,-33.400075209369199],[150.97180144409629,-33.399980486881709],[150.97199138208333,-33.399917120761756],[150.97258968252044,-33.39969365794439],[150.97332862858826,-33.399409517422953],[150.97393983691774,-33.399096872080506],[150.97455087636388,-33.398784056120618],[150.9749914290438,-33.398542494385111],[150.9754303854175,-33.398255118471695],[150.9757980074728,-33.398012409305949],[150.9762429708808,-33.397669770373476],[150.97635956501813,-33.3975508007371],[150.97667753539108,-33.39713131317918],[150.97684433726798,-33.396966528619942],[150.97698078686804,-33.396803410963074],[150.97702297983864,-33.396731968190394],[150.97707392240011,-33.396596163836691],[150.97706850825389,-33.396440163614578],[150.97692601658522,-33.396116886229777],[150.97658527841139,-33.395376399091845],[150.97646545662721,-33.395125918650415],[150.97643912970119,-33.395033634266326],[150.97646006044729,-33.394847550952079],[150.9764805609004,-33.394753035016841],[150.97653319768452,-33.394490004460359],[150.97656033129766,-33.394209306704866],[150.97652684210385,-33.394016222549098],[150.97645960320486,-33.393753909772798],[150.97628073605537,-33.393448811716212],[150.97607316593593,-33.393201280029615],[150.97595337110118,-33.39309577456779],[150.97562339833777,-33.392897347811044],[150.97516844027393,-33.392674628212951],[150.97459159969063,-33.39249006914163],[150.97450961494624,-33.392446504137396]]},"properties":{"roadnamebase":"CHASELING","roadnametype":"ROAD","functionhierarchy":6,"surface":1}},{"type":"Feature","geometry":{"type":"LineString","coordinates":[[150.94920227406709,-33.357973610426718],[150.94916635493041,-33.357895247813616],[150.94915221005797,-33.35785279395931],[150.94913678328962,-33.357802846632964],[150.9491249237312,-33.357698703574108],[150.94911456166443,-33.357578478729558],[150.94911456166443,-33.35746446564746],[150.9491290739478,-33.357344240479343],[150.94914880364647,-33.357278875182274],[150.94921406176024,-33.357145248931957],[150.94925611189868,-33.35708509225406],[150.94939375356313,-33.356937320523031],[150.9495536707517,-33.356777403709827],[150.9497095455215,-33.356649873125328],[150.94989172026789,-33.356510204988737],[150.94998062563323,-33.356451347447376],[150.95011368678803,-33.356372070308517],[150.95018026183203,-33.356341556514316],[150.95039468070723,-33.356228484981926],[150.950592829296,-33.356138209231318],[150.95068666371728,-33.356102146626156],[150.95089911977354,-33.356052647746189],[150.95120250509953,-33.356005057693139],[150.95369796117839,-33.35577900439803],[150.95550337816846,-33.355734390787894],[150.95590788684592,-33.355746285901979],[150.9562648054746,-33.35577900439803],[150.95709590970748,-33.355937576941628]]},"properties":{"roadnamebase":"SETTLERS","roadnametype":"ROAD","functionhierarchy":6,"surface":1}},{"type":"Feature","geometry":{"type":"LineString","coordinates":[[150.99809227671815,-33.410706400123395],[150.99813343932109,-33.410462507956773],[150.99821190087297,-33.410284026100257],[150.99825257030085,-33.410185637387031],[150.99825518799159,-33.410122674640974],[150.99823551219188,-33.410058393578254],[150.9981987872664,-33.410019032904984],[150.99814762012619,-33.409965249204397],[150.99808929161648,-33.409907072725822],[150.99789474617032,-33.409396924184499],[150.99774886695471,-33.409245450704624],[150.99734454692342,-33.409025833261431],[150.9971377295922,-33.408913487113864],[150.99656775483265,-33.408647795346702],[150.99587843349764,-33.408314559167039],[150.99543492266548,-33.408116518107967],[150.99510407134969,-33.407968011951162],[150.99474760098036,-33.407804625489746],[150.99461845648017,-33.407745435962852]]},"properties":{"roadnamebase":"SIMPSONS HILL","roadnametype":"TRAIL","functionhierarchy":8,"surface":2}},{"type":"Feature","geometry":{"type":"LineString","coordinates":[[150.98860772291292,-33.38188508039881],[150.98856781525646,-33.38189530818763],[150.9885093699657,-33.381895128910678],[150.98847365744163,-33.381885519964946],[150.98842968041686,-33.381854459284476],[150.98832932871818,-33.381721263837669],[150.9880039544307,-33.381268798205475],[150.98794324089391,-33.381194190665241],[150.98786067404117,-33.381102085771559],[150.98776227617822,-33.381013234802865],[150.98755710006898,-33.380844380281076],[150.98711017384213,-33.380471433884594],[150.98705242744069,-33.380416457948911]]},"properties":{"roadnamebase":null,"roadnametype":null,"functionhierarchy":6,"surface":1}},{"type":"Feature","geometry":{"type":"LineString","coordinates":[[150.98758424266535,-33.380282410405833],[150.9875690305943,-33.380243488571544],[150.98756782954678,-33.380196625120718],[150.98757702649866,-33.380169240212886],[150.98760988866835,-33.380117320858439],[150.98766044495426,-33.380072536695948],[150.98774035908193,-33.380015696437454]]},"properties":{"roadnamebase":null,"roadnametype":null,"functionhierarchy":6,"surface":1}},{"type":"Feature","geometry":{"type":"LineString","coordinates":[[150.98705242744069,-33.380416457948911],[150.98713285270978,-33.380366017240419],[150.98734811330635,-33.380256558784531],[150.98741387357842,-33.380257194892209],[150.98746442986427,-33.380293364505739],[150.98752535809848,-33.380302973627387],[150.98758424266535,-33.380282410405833]]},"properties":{"roadnamebase":null,"roadnametype":null,"functionhierarchy":9,"surface":1}},{"type":"Feature","geometry":{"type":"LineString","coordinates":[[150.9876398546696,-33.380424668823025],[150.98758424266535,-33.380282410405833]]},"properties":{"roadnamebase":null,"roadnametype":null,"functionhierarchy":6,"surface":1}},{"type":"Feature","geometry":{"type":"LineString","coordinates":[[150.98705242744069,-33.380416457948911],[150.98626908303822,-33.379670690408886],[150.98621749548639,-33.379598028841826]]},"properties":{"roadnamebase":null,"roadnametype":null,"functionhierarchy":6,"surface":1}},{"type":"Feature","geometry":{"type":"LineString","coordinates":[[150.98487518427984,-33.375221069570557],[150.98478281950236,-33.375080675819696],[150.98469949986145,-33.374969576085412],[150.98463433157914,-33.374824296796874],[150.98460656106047,-33.374717473481326],[150.98458720775594,-33.374552867735893],[150.98454577655673,-33.37438020327113],[150.9845319622643,-33.374193735166564],[150.98453337890751,-33.374175367775941],[150.98454577655673,-33.3740141683258],[150.9845803051013,-33.373848415721127],[150.98464246133247,-33.373689564489922],[150.98473915598964,-33.373537625172631],[150.98487037110655,-33.373371872409997],[150.98490672862107,-33.373309258835206],[150.98499469255199,-33.373157758463819],[150.98504303538897,-33.37304726842769],[150.98504303538897,-33.37291604524529],[150.98502922109654,-33.372722664734411],[150.98498778091417,-33.372563823450385],[150.98489799789479,-33.372404972873944],[150.98481512561492,-33.372308277978064],[150.98466317738121,-33.372163250061561],[150.98446289529366,-33.372018212900862],[150.98433167119359,-33.371866273664835],[150.98426951496251,-33.371748862890819],[150.98424188817424,-33.371610737396303],[150.98424879981204,-33.371458788446148],[150.98429023101124,-33.371244684044761],[150.98438692566839,-33.371037499771312],[150.98452505152483,-33.370844110582937],[150.98470461756355,-33.370588583315048],[150.98481882757221,-33.370490239686539],[150.98560245943557,-33.369683839945466],[150.98564389063475,-33.369607870572629],[150.98564389063475,-33.369504273547555],[150.98559554779774,-33.369303991667643],[150.98558864514314,-33.369103700323997],[150.98560936119188,-33.368937947365012],[150.98569914421131,-33.368827448217765],[150.98582152978724,-33.368745858152565],[150.98584418170546,-33.368730753846549],[150.9860306503989,-33.368689322585944],[150.9862585682578,-33.368654784391659],[150.98648647803194,-33.368620255186407],[150.98661079049418,-33.368592628061194],[150.98676964048423,-33.368516658485653],[150.98695611007597,-33.368433776985029],[150.98712186272061,-33.368378532360389],[150.98730834039713,-33.368330180812471],[150.98731928547059,-33.368325393595882],[150.98741883946531,-33.368281837490208],[150.98750171983005,-33.368212770517424],[150.98752243587884,-33.368136800610188],[150.98748790643594,-33.368047017361398],[150.98739813239968,-33.367984861346955],[150.98723237077189,-33.367901989092715],[150.98691467797843,-33.367770765650953],[150.98667986644801,-33.3676464531829],[150.98645885034534,-33.36752904271534],[150.98634144053776,-33.367418535026474],[150.98625165751835,-33.36730112425137],[150.98618950128724,-33.367176820865375],[150.98616878523842,-33.367052499296022],[150.98618258964945,-33.366948902979175],[150.98618873053272,-33.366932534953868],[150.98622403073014,-33.36683839530366],[150.9863276271436,-33.366707180010835],[150.98648817225452,-33.366573392680465],[150.98657626105128,-33.36649998718169],[150.98700446099781,-33.366168471776788],[150.9871226424583,-33.366079835878523],[150.98719784132899,-33.3660234433776],[150.98730834039713,-33.365968189719908],[150.98739813239968,-33.365968189719908],[150.98748100467961,-33.366030345674631],[150.98750862248468,-33.366154658201104],[150.98751553412251,-33.366382576667469],[150.98755006266705,-33.366582858520644],[150.98758460109312,-33.366727895740475],[150.98760162416778,-33.366754088992479]]},"properties":{"roadnamebase":"OLD GREAT NORTH","roadnametype":"ROAD","functionhierarchy":8,"surface":2}},{"type":"Feature","geometry":{"type":"LineString","coordinates":[[150.98760162416778,-33.366754088992479],[150.98767438411249,-33.366866022235698],[150.98778488318067,-33.366955805202764],[150.98790229388663,-33.367024872423194],[150.98798250356,-33.367064977300672],[150.98802660634888,-33.367087029123518],[150.98813020276242,-33.367059402261631],[150.98817164294479,-33.366997245541612],[150.98812330010773,-33.366921276073469],[150.98800589030009,-33.366810776615544],[150.98793557646786,-33.366710317530426],[150.98790919564291,-33.366672641779935],[150.98784703941183,-33.36649307591896],[150.98784703941183,-33.366382576667469],[150.98785395104963,-33.366237539622212],[150.9878815688547,-33.366092502335206],[150.98789624283484,-33.366069267867374],[150.98796445011774,-33.365961287417967],[150.98805423313715,-33.36580933910367],[150.98808876258005,-33.36570574205679],[150.98806114387662,-33.365581438642224],[150.98796445011774,-33.365436392758966],[150.98777106978653,-33.365118700548436],[150.98761221889822,-33.364883880135132],[150.98748100467961,-33.364731940442937],[150.98733694455245,-33.364615793984804]]},"properties":{"roadnamebase":"OLD GREAT NORTH","roadnametype":"ROAD","functionhierarchy":8,"surface":2}},{"type":"Feature","geometry":{"type":"LineString","coordinates":[[150.98760162416778,-33.366754088992479],[150.9875100031953,-33.366839999322522],[150.98743166650928,-33.366891667769266],[150.98731404110592,-33.366994484653539]]},"properties":{"roadnamebase":null,"roadnametype":null,"functionhierarchy":9,"surface":2}},{"type":"Feature","geometry":{"type":"LineString","coordinates":[[150.95630622769067,-33.38203042215347],[150.95631759407397,-33.382007483736217],[150.95636160703137,-33.381955447711675],[150.95651059801108,-33.381830301886566],[150.95656503591732,-33.381772107321275],[150.95686471928596,-33.381393029695793],[150.95691801992507,-33.381294040430028],[150.95695608962845,-33.381187441095449],[150.95696941883065,-33.381094170508582],[150.9569617993204,-33.381004701432488],[150.95695227987338,-33.380905711724658],[150.95692303971086,-33.380830512776747],[150.95688518470476,-33.380765488426825],[150.95681713013553,-33.380671573031421],[150.95665319657925,-33.380484458305681],[150.95626234948068,-33.380124357810359],[150.95618885381566,-33.380035973172888],[150.95604800247074,-33.379822675271804],[150.95575557928615,-33.379355257078132],[150.95562976124742,-33.379188033883651],[150.95549795503911,-33.379066868054572],[150.95538183521217,-33.37898120834366],[150.95526381544849,-33.378910777862714],[150.95516483547718,-33.378880318481137],[150.95506584652281,-33.37886318830931],[150.95496114697812,-33.378859379103496],[150.95478982747366,-33.378897448649624],[150.95448144841299,-33.37900785774049],[150.95400555960305,-33.379169657795963],[150.9531370755729,-33.379470659228147],[150.95306961299337,-33.379497390239536],[150.95301366861241,-33.379516680670484],[150.95296090606422,-33.379531040471704],[150.9529226926303,-33.379539296437436],[150.95289389174403,-33.379543572196226],[150.9528442310785,-33.379549955078517],[150.95274962590264,-33.379556355213438],[150.95269713284904,-33.379556525493648],[150.95268218937426,-33.379555449802929],[150.95262944569069,-33.379548126254129],[150.95257969519363,-33.379535890082757],[150.95249837430418,-33.379507752583073],[150.95215097512261,-33.379350506474793],[150.95208845148048,-33.379315214877231],[150.95205631514952,-33.379292258490608],[150.95197484154653,-33.379240213339884],[150.95193512253624,-33.379207718954774],[150.95187169339235,-33.37914640506699],[150.95180316361422,-33.379046465820224],[150.95166033148405,-33.378821604345518],[150.95155273666924,-33.37863423959292],[150.95138364947823,-33.378271207374318],[150.95131775535722,-33.378089928867979],[150.95126493082523,-33.37791860893747],[150.95121200747855,-33.377662472326925],[150.95113101716919,-33.377510344910732],[150.95102776121723,-33.377359974084307],[150.9509838111419,-33.37730741767357],[150.95092811828923,-33.377254261858901],[150.95086666993052,-33.37720159811235],[150.95083361102979,-33.377182773763344],[150.95075679878479,-33.377154321938036],[150.95071324217159,-33.377144641203834],[150.95066856625755,-33.377143592488828],[150.95059618180863,-33.377154321938036],[150.9505033777549,-33.377179305053637],[150.949413438346,-33.377632953945863],[150.94918080523013,-33.377697673827164],[150.94887242616946,-33.377778573611053],[150.94871062611205,-33.377816643630275],[150.94856309758958,-33.377847103384411],[150.9482861281229,-33.37789754405366],[150.94809100955163,-33.377915633103797],[150.94801581966396,-33.377923243346238]]},"properties":{"roadnamebase":"BARRY","roadnametype":"ROAD","functionhierarchy":6,"surface":2}},{"type":"Feature","geometry":{"type":"LineString","coordinates":[[150.95776008719767,-33.389180514185085],[150.95775947724155,-33.389156176560533],[150.9577537585665,-33.388925175051476],[150.9577161272409,-33.388396784196622],[150.95764249772694,-33.387897866783426],[150.95757741029303,-33.387702604676555],[150.95740715708882,-33.387291158301302],[150.95722271409636,-33.38690808211495],[150.95692736869219,-33.386487555344118],[150.95679666561497,-33.38632025135653],[150.95673084246087,-33.38622165698942],[150.95647972560971,-33.385845779096833],[150.95636550661797,-33.385653035651366],[150.95629487029052,-33.385473782753486],[150.95626671439464,-33.385367703099995],[150.95620434346608,-33.384973395648387],[150.95619016266104,-33.384767824514533],[150.95619407931568,-33.384696310341887],[150.95621484926335,-33.3846184128505],[150.95624876875016,-33.384536992866636],[150.95626929615278,-33.384499738887442],[150.95632922007039,-33.384418139520676],[150.95639644100308,-33.38434195498953],[150.95650351569336,-33.384244400257536],[150.95661535055635,-33.38415398030412],[150.95669625103423,-33.384096870429495],[150.95675811980445,-33.384046905915561],[150.95680570985328,-33.383975516415774],[150.95682039281658,-33.383896857681705],[150.95670176309682,-33.383539472423188],[150.95669041467983,-33.383505283670949]]},"properties":{"roadnamebase":"BARRY","roadnametype":"ROAD","functionhierarchy":6,"surface":2}},{"type":"Feature","geometry":{"type":"LineString","coordinates":[[150.95669041467983,-33.383505283670949],[150.95640213362708,-33.382636781792399]]},"properties":{"roadnamebase":"BARRY","roadnametype":"ROAD","functionhierarchy":6,"surface":2}},{"type":"Feature","geometry":{"type":"LineString","coordinates":[[150.95640213362708,-33.382636781792399],[150.95635182797116,-33.3824852279092],[150.95628557452403,-33.382202154045117],[150.95628261637177,-33.38213545347331],[150.95628906178396,-33.382065095307439],[150.95630622769067,-33.38203042215347]]},"properties":{"roadnamebase":"BARRY","roadnametype":"ROAD","functionhierarchy":6,"surface":2}}]}